name,number_of_sequences,min,max,mean,standev
ENSGT00680000099843.Euteleostomi.003,60,953,1360,1186.95,98.3880978401868
ENSGT00560000076660.Euteleostomi.003,59,726,797,768.7966101694915,15.499476810988735
ENSGT00550000074356.Euteleostomi.002,60,378,433,399.8333333333333,12.264274514969529
ENSGT00550000074378.Euteleostomi.006,55,458,559,517.1090909090909,22.89806131796341
ENSGT00680000099656.Euteleostomi.001,53,671,845,766.4716981132076,40.67866752109424
ENSGT00680000099849.Euteleostomi.002,52,323,418,379.5576923076923,22.07066499663445
ENSGT00390000016613.Euteleostomi.001,50,624,699,660.14,15.844924507647905
ENSGT00390000002149.Euteleostomi.001,59,672,899,744.2203389830509,46.600676255493504
ENSGT00600000083998.Euteleostomi.001,55,449,572,497.7818181818182,30.6326447202804
ENSGT00680000099767.Euteleostomi.004,55,749,1025,869.7636363636364,61.80463953469406
ENSGT00510000046382.Euteleostomi.001,54,444,501,483.68518518518516,14.471604042053011
ENSGT00560000076885.Euteleostomi.002,56,328,505,407.2142857142857,73.45244950076436
ENSGT00660000095381.Euteleostomi.003,57,893,1165,1017.2982456140351,90.18254600536639
ENSGT00390000007252.Euteleostomi.001,59,380,493,445.91525423728814,34.804026786245544
ENSGT00680000099574.Euteleostomi.002,58,209,296,240.70689655172413,24.78186137798232
ENSGT00680000099887.Euteleostomi.001,59,621,715,659.2372881355932,32.83886416147103
ENSGT00660000095208.Euteleostomi.003,57,429,540,480.56140350877195,27.21673431119935
ENSGT00680000100027.Euteleostomi.001,53,250,660,406.49056603773585,105.0211741729897
ENSGT00390000013762.Euteleostomi.001,54,341,650,500.7962962962963,49.39420928157532
ENSGT00550000074577.Euteleostomi.001,55,425,469,452.4,12.094688151477138
ENSGT00680000099571.Euteleostomi.003,61,331,466,414.91803278688525,43.22549212442708
ENSGT00600000084336.Euteleostomi.001,62,791,878,828.1451612903226,16.953984757392192
ENSGT00530000063924.Euteleostomi.001,60,472,764,648.7833333333333,61.240866954271105
ENSGT00680000099558.Euteleostomi.001,51,811,1075,999.843137254902,110.56063902655767
ENSGT00560000076651.Euteleostomi.003,61,318,365,344.8524590163934,16.11814305430764
ENSGT00680000099841.Euteleostomi.004,50,389,495,438.6,14.570027943889274
ENSGT00530000063642.Euteleostomi.001,59,680,751,702.4067796610169,13.287430726543136
ENSGT00680000099507.Euteleostomi.005,60,279,501,363.25,41.298674415464916
ENSGT00560000076777.Euteleostomi.004,56,290,338,309.01785714285717,6.92686751038978
ENSGT00550000074369.Euteleostomi.001,57,860,1004,942.7368421052631,45.371689692625615
ENSGT00390000009763.Euteleostomi.002,54,539,682,588.5555555555555,39.782743327561846
ENSGT00560000076873.Euteleostomi.004,62,513,630,587.1451612903226,23.149440933796424
ENSGT00390000007443.Euteleostomi.001,62,298,379,323.8709677419355,12.658806137176384
ENSGT00390000016833.Euteleostomi.001,57,341,637,454.57894736842104,105.4075335082875
ENSGT00440000038465.Euteleostomi.001,52,1018,1211,1076.5961538461538,48.3862156741978
ENSGT00650000093178.Euteleostomi.001,53,497,924,794.0943396226415,93.84936050578064
ENSGT00390000005655.Euteleostomi.001,58,386,560,449.3103448275862,52.932001031628694
ENSGT00390000015406.Euteleostomi.001,61,273,351,309.04918032786884,23.660393226873328
ENSGT00640000091061.Euteleostomi.004,59,259,304,281.59322033898303,8.961832178876026
ENSGT00560000076577.Euteleostomi.002,50,324,357,335.06,7.243322047632169
ENSGT00680000100005.Euteleostomi.001,54,577,639,611.4444444444445,12.229976575775817
ENSGT00440000034671.Euteleostomi.001,59,217,286,252.5084745762712,14.878094150932021
ENSGT00650000093182.Euteleostomi.003,52,1334,1558,1468.4423076923076,68.38627699213231
ENSGT00680000099556.Euteleostomi.002,57,554,594,576.719298245614,12.228120965867557
ENSGT00530000063286.Euteleostomi.002,55,1243,2618,1692.6,531.5336510722743
ENSGT00390000010947.Euteleostomi.003,50,416,513,468.48,17.70303790371608
ENSGT00630000089574.Euteleostomi.001,54,287,731,333.68518518518516,56.28794705731702
ENSGT00680000099981.Euteleostomi.001,50,1283,1605,1451.54,51.83419799353177
ENSGT00660000095453.Euteleostomi.002,61,741,875,831.1639344262295,31.024818198698522
ENSGT00630000089895.Euteleostomi.001,53,410,446,434.62264150943395,9.442592569136156
ENSGT00600000084064.Euteleostomi.001,54,618,839,769.3148148148148,48.596849060863036
ENSGT00500000044808.Euteleostomi.002,55,373,433,408.2,13.336666250104134
ENSGT00530000063053.Euteleostomi.001,57,427,1048,764.1228070175439,228.8313532288602
ENSGT00670000097978.Euteleostomi.002,52,610,714,642.9230769230769,32.71196108749895
ENSGT00560000077023.Euteleostomi.004,52,894,987,958.6923076923077,23.624130619163793
ENSGT00670000097767.Euteleostomi.001,59,479,662,577.8644067796611,68.54282769569208
ENSGT00390000000724.Euteleostomi.001,59,243,329,284,22.24859546128699
ENSGT00670000097946.Euteleostomi.002,62,291,376,331.258064516129,20.74903551688645
ENSGT00660000095470.Euteleostomi.001,61,1143,1213,1175.672131147541,11.934154503602128
ENSGT00530000063457.Euteleostomi.002,58,588,702,628.3275862068965,21.1265094393023
ENSGT00670000097870.Euteleostomi.001,55,544,825,677.7454545454545,98.57920639090139
ENSGT00670000097744.Euteleostomi.002,54,209,230,214,4.967820979364984
ENSGT00530000063813.Euteleostomi.001,57,220,319,241.26315789473685,29.598821354302434
ENSGT00390000018729.Euteleostomi.001,62,380,931,623.483870967742,247.82918111933097
ENSGT00530000063352.Euteleostomi.001,52,517,603,555.8846153846154,22.820401816463633
ENSGT00390000006647.Euteleostomi.001,54,466,983,500.72222222222223,74.26658169885499
ENSGT00670000097716.Euteleostomi.001,62,265,381,322.14516129032256,26.682619611234223
ENSGT00530000063264.Euteleostomi.002,62,262,408,348.85483870967744,34.45826497929626
ENSGT00550000074856.Euteleostomi.001,52,274,406,316.4423076923077,23.889790633886268
ENSGT00680000099847.Euteleostomi.001,53,752,867,810.811320754717,27.72880798831479
ENSGT00680000099658.Euteleostomi.002,58,417,726,552.8620689655172,81.97548805135789
ENSGT00390000014093.Euteleostomi.001,58,417,544,466.3103448275862,35.65586337282361
ENSGT00390000017673.Euteleostomi.002,50,284,334,312.94,8.818834204966883
ENSGT00530000063001.Euteleostomi.002,54,1109,1221,1192.8333333333333,25.695422101633827
ENSGT00510000046803.Euteleostomi.001,60,321,651,498.5833333333333,84.56474636444915
ENSGT00510000046928.Euteleostomi.001,54,329,566,410.037037037037,65.30623448609879
ENSGT00390000005295.Euteleostomi.002,51,361,498,424.7647058823529,38.005046104586754
ENSGT00680000099739.Euteleostomi.001,53,380,485,424.811320754717,18.37123232307008
ENSGT00390000003721.Euteleostomi.001,50,451,484,475.84,6.876045375068434
ENSGT00560000076991.Euteleostomi.003,51,368,394,383.4117647058824,8.818563308358648
ENSGT00540000069900.Euteleostomi.003,55,268,332,298.9818181818182,11.873548112554428
ENSGT00550000074573.Euteleostomi.001,58,383,448,417.63793103448273,19.014950974340266
ENSGT00670000097555.Euteleostomi.001,60,1237,1485,1397.9,67.17412233787954
ENSGT00680000099509.Euteleostomi.004,59,396,566,505.5593220338983,51.36356926663391
ENSGT00680000099595.Euteleostomi.004,60,448,663,587.3666666666667,56.43264071309358
ENSGT00650000092962.Euteleostomi.002,53,764,975,888.9811320754717,54.949448994940845
ENSGT00680000099592.Euteleostomi.002,59,1461,1630,1596.1016949152543,38.52750692922111
ENSGT00390000009532.Euteleostomi.001,62,361,562,396.1774193548387,28.44870229173123
ENSGT00620000087791.Euteleostomi.002,61,561,651,621.0491803278688,15.610281045418109
ENSGT00670000097819.Euteleostomi.001,59,562,697,613.1186440677966,40.20254098409732
ENSGT00680000099647.Euteleostomi.004,62,603,708,635.8709677419355,26.066424526058668
ENSGT00520000055570.Euteleostomi.001,53,771,854,818.0377358490566,21.072185699629067
ENSGT00670000097932.Euteleostomi.001,56,756,808,781.8214285714286,14.795708398484576
ENSGT00530000063594.Euteleostomi.001,59,583,739,653.9491525423729,34.666601102906725
ENSGT00530000063753.Euteleostomi.001,57,722,889,833.3157894736842,56.644933544321525
ENSGT00530000063016.Euteleostomi.002,53,840,1817,1041.9245283018868,281.1034472229727
ENSGT00610000085806.Euteleostomi.001,56,1680,1929,1852.107142857143,43.83509535082118
ENSGT00490000043360.Euteleostomi.001,61,950,1310,1112.377049180328,79.27171919720723
ENSGT00390000016292.Euteleostomi.001,51,318,351,337.4901960784314,9.660999014635305
ENSGT00390000004311.Euteleostomi.001,54,1123,1211,1161.462962962963,29.709100926276093
ENSGT00680000099764.Euteleostomi.002,61,836,1008,874.0491803278688,32.7828340393303
ENSGT00680000099495.Euteleostomi.001,58,728,841,794.6034482758621,33.50095031654047
ENSGT00390000011425.Euteleostomi.001,52,289,320,299.96153846153845,5.32828758299692
ENSGT00530000063606.Euteleostomi.001,61,1592,1913,1768.8196721311476,121.72845575250969
ENSGT00390000002740.Euteleostomi.001,57,570,692,620.6140350877193,29.29453531802044
ENSGT00560000076796.Euteleostomi.002,51,581,885,744.2745098039215,96.7975368346473
ENSGT00390000005717.Euteleostomi.001,54,204,257,217.94444444444446,13.566630352430808
ENSGT00550000074337.Euteleostomi.004,52,738,1228,841.0961538461538,176.5007648281362
ENSGT00660000095474.Euteleostomi.001,62,442,1056,811.5,192.39719417878436
ENSGT00640000091172.Euteleostomi.003,53,435,840,573.2830188679245,96.70521769363178
ENSGT00390000001132.Euteleostomi.001,60,424,501,460.93333333333334,16.745216029869713
ENSGT00680000099630.Euteleostomi.001,60,1117,1963,1571.85,244.3258330833324
ENSGT00680000099919.Euteleostomi.001,62,616,717,693.0483870967741,20.74073162102939
ENSGT00650000093115.Euteleostomi.003,53,459,651,569.0566037735849,38.16785553232116
ENSGT00680000099564.Euteleostomi.004,62,971,1116,1044.741935483871,36.72446608607462
ENSGT00510000046443.Euteleostomi.002,61,856,1241,1031.2459016393443,97.764624777695
ENSGT00660000095182.Euteleostomi.003,61,567,670,608.2131147540983,32.35846862574431
ENSGT00390000001046.Euteleostomi.005,54,408,483,431.1296296296296,22.37168552138584
ENSGT00390000017273.Euteleostomi.001,55,455,727,613.4,106.50605964329326
ENSGT00680000099531.Euteleostomi.001,60,662,851,753.7666666666667,38.62745430375526
ENSGT00680000099589.Euteleostomi.004,52,523,875,680.2884615384615,115.35577304173951
ENSGT00530000063026.Euteleostomi.001,60,945,1240,1125.15,80.57291150130179
ENSGT00680000099656.Euteleostomi.003,56,316,559,477.44642857142856,82.79106663333741
ENSGT00440000039028.Euteleostomi.001,58,343,662,512.8965517241379,107.64328511340617
ENSGT00660000095363.Euteleostomi.001,57,1140,1280,1208.719298245614,39.43881082764473
ENSGT00530000063676.Euteleostomi.002,53,1039,1276,1126.7924528301887,80.76565304122549
ENSGT00390000005434.Euteleostomi.001,56,259,386,301.82142857142856,28.030572363278402
ENSGT00660000095258.Euteleostomi.005,53,272,334,323.24528301886795,13.671848758527585
ENSGT00670000097694.Euteleostomi.001,56,764,1027,833.1428571428571,67.94635011173517
ENSGT00680000099667.Euteleostomi.003,59,361,420,395.08474576271186,12.615382148179016
ENSGT00530000063203.Euteleostomi.001,56,466,1283,752.75,335.68926378152435
ENSGT00390000016421.Euteleostomi.001,57,2200,2477,2359.40350877193,92.12624483538158
ENSGT00530000063991.Euteleostomi.001,60,358,428,395.9166666666667,24.657856496574265
ENSGT00390000017920.Euteleostomi.002,51,348,578,468.7843137254902,41.98586129900883
ENSGT00680000099916.Euteleostomi.001,56,1263,1615,1470.6607142857142,102.68208249220048
ENSGT00670000097845.Euteleostomi.001,53,799,962,881.0754716981132,31.30670182405271
ENSGT00680000099788.Euteleostomi.001,54,1918,1950,1937.2037037037037,5.780186161491294
ENSGT00680000099558.Euteleostomi.003,57,1077,1308,1210.6491228070176,60.72140456569724
ENSGT00640000091312.Euteleostomi.002,50,797,886,861.56,16.22062179537429
ENSGT00530000063150.Euteleostomi.002,59,243,535,319.8135593220339,45.22681329212877
ENSGT00390000001586.Euteleostomi.001,60,330,415,372.4,16.588948741224776
ENSGT00670000097752.Euteleostomi.001,55,2124,2355,2249.072727272727,47.660005185439225
ENSGT00680000099571.Euteleostomi.001,57,236,325,264.1578947368421,28.76058157672718
ENSGT00390000016529.Euteleostomi.002,59,438,677,593.5593220338983,72.9232641528398
ENSGT00600000084313.Euteleostomi.001,53,1875,2244,2035.433962264151,112.15177035434587
ENSGT00390000010091.Euteleostomi.001,56,756,979,814.3928571428571,39.3352391496612
ENSGT00550000074396.Euteleostomi.004,56,976,1132,1049.2857142857142,36.020052135500244
ENSGT00550000074552.Euteleostomi.001,53,1010,1229,1136.4716981132076,46.55873204623668
ENSGT00390000009905.Euteleostomi.001,53,488,594,519.6603773584906,19.58408242604812
ENSGT00550000074542.Euteleostomi.005,62,2524,2562,2544.5806451612902,6.088280564550317
ENSGT00650000093200.Euteleostomi.001,60,1044,1558,1281.1333333333334,201.03111038999106
ENSGT00680000099774.Euteleostomi.002,58,609,787,680.0862068965517,33.22506160556041
ENSGT00390000010157.Euteleostomi.001,60,299,331,309.1666666666667,5.955105107062192
ENSGT00530000063970.Euteleostomi.001,54,235,388,298.98148148148147,41.931431332746776
ENSGT00670000097790.Euteleostomi.002,61,1838,2254,2103.7868852459014,95.54739046743565
ENSGT00610000085982.Euteleostomi.002,50,519,546,528.54,3.494660650367141
ENSGT00390000017365.Euteleostomi.001,61,901,945,918.0327868852459,6.348142019821637
ENSGT00390000008456.Euteleostomi.001,54,292,328,298.9259259259259,5.215549508312119
ENSGT00390000002812.Euteleostomi.004,57,781,851,822.561403508772,14.362671786688239
ENSGT00390000010600.Euteleostomi.001,62,212,357,260.0806451612903,42.26896640430682
ENSGT00390000008164.Euteleostomi.001,56,383,455,440.51785714285717,15.668139149739014
ENSGT00550000074581.Euteleostomi.001,52,504,543,522.3076923076923,9.783015416964604
ENSGT00530000062937.Euteleostomi.003,53,569,680,629.4150943396227,29.871799128341866
ENSGT00390000003950.Euteleostomi.002,55,723,766,740.7272727272727,7.299047491015131
ENSGT00670000097698.Euteleostomi.001,53,1150,1706,1449.7924528301887,143.27197891403904
ENSGT00560000076776.Euteleostomi.001,55,301,368,332.6,15.437568413403664
ENSGT00390000000948.Euteleostomi.003,62,287,383,322.2903225806452,23.70058247660385
ENSGT00680000099657.Euteleostomi.004,61,327,445,382.9344262295082,26.345062062594714
ENSGT00600000084108.Euteleostomi.001,53,524,578,553.9433962264151,20.054171918101098
ENSGT00390000015700.Euteleostomi.001,54,454,536,480.0925925925926,14.68572470573973
ENSGT00660000095522.Euteleostomi.001,56,405,812,447.89285714285717,72.24042649915089
ENSGT00550000074410.Euteleostomi.003,60,882,1135,988.0833333333334,72.18955548349051
ENSGT00390000001626.Euteleostomi.001,57,247,293,258.70175438596493,7.794148245136727
ENSGT00550000074350.Euteleostomi.001,59,1491,1559,1543.3728813559321,12.399802981033186
ENSGT00620000087973.Euteleostomi.001,61,460,713,594.5409836065573,72.33477120778817
ENSGT00390000014213.Euteleostomi.001,55,395,457,428.7090909090909,19.039600765415155
ENSGT00660000095301.Euteleostomi.005,56,1551,1659,1601.732142857143,24.001129572985118
ENSGT00660000095174.Euteleostomi.001,53,548,719,626.3396226415094,32.89548916716652
ENSGT00670000097660.Euteleostomi.004,54,535,603,569.7407407407408,24.129513115985894
ENSGT00630000089801.Euteleostomi.001,51,381,472,439.7843137254902,21.205955508290774
ENSGT00530000063170.Euteleostomi.001,55,650,840,745.7818181818182,56.851558143112165
ENSGT00530000063140.Euteleostomi.002,56,543,662,591.7678571428571,38.26700029644748
ENSGT00680000099690.Euteleostomi.002,55,663,769,692.3636363636364,26.910251135238706
ENSGT00410000025615.Euteleostomi.001,60,237,301,268.03333333333336,16.144439843274444
ENSGT00550000074567.Euteleostomi.003,59,258,377,331.3050847457627,37.12339825282058
ENSGT00530000063045.Euteleostomi.006,61,302,395,347.5409836065574,12.959647333797069
ENSGT00550000074311.Euteleostomi.002,60,315,380,350.65,17.76763864588785
ENSGT00390000008279.Euteleostomi.001,62,309,355,332.2903225806452,9.820332031337395
ENSGT00530000063213.Euteleostomi.001,53,351,424,366.188679245283,14.108176303359564
ENSGT00530000063981.Euteleostomi.001,58,357,453,381.86206896551727,21.14565052191964
ENSGT00510000046525.Euteleostomi.001,59,206,265,220.22033898305085,17.116303779015
ENSGT00670000097752.Euteleostomi.005,60,1609,1776,1695.6833333333334,28.83353254233786
ENSGT00500000044813.Euteleostomi.002,52,479,658,594.75,34.57976003273546
ENSGT00670000097546.Euteleostomi.005,57,1210,1359,1308.1754385964912,40.75980285553471
ENSGT00550000074580.Euteleostomi.002,60,668,767,710.9166666666666,17.958796217506364
ENSGT00390000013146.Euteleostomi.005,61,271,336,287.8196721311475,11.453541223454739
ENSGT00680000099677.Euteleostomi.003,58,507,668,534.6896551724138,30.729839716500553
ENSGT00670000097575.Euteleostomi.002,50,534,639,596.14,29.68955701788707
ENSGT00530000063039.Euteleostomi.001,59,1240,1776,1545.5084745762713,212.92206546392993
ENSGT00680000099768.Euteleostomi.002,51,393,412,397.4313725490196,2.6926188141716927
ENSGT00660000095190.Euteleostomi.004,54,591,784,715.2777777777778,56.61469129510689
ENSGT00530000063847.Euteleostomi.001,56,340,492,420.76785714285717,43.99999631050752
ENSGT00600000084242.Euteleostomi.003,59,654,781,686.3898305084746,32.88276823083029
ENSGT00680000099536.Euteleostomi.003,61,554,703,590.6229508196722,25.066687013129748
ENSGT00660000095240.Euteleostomi.003,59,921,1044,978.2372881355932,37.37431304087897
ENSGT00670000097702.Euteleostomi.001,54,723,999,856.1111111111111,85.55052940666707
ENSGT00390000006494.Euteleostomi.001,56,203,257,222.91071428571428,13.91830290819092
ENSGT00530000062893.Euteleostomi.003,60,490,576,546.9333333333333,24.249317073498656
ENSGT00530000063674.Euteleostomi.001,55,816,1215,1032.4363636363637,79.68171955333564
ENSGT00410000025793.Euteleostomi.001,60,611,1167,873.15,191.99751278403122
ENSGT00550000074786.Euteleostomi.001,53,605,692,649.6603773584906,20.440291466597962
ENSGT00600000084236.Euteleostomi.002,52,796,892,850.8653846153846,16.391088978112045
ENSGT00530000062961.Euteleostomi.002,60,385,775,538.6166666666667,77.87758574571968
ENSGT00390000009391.Euteleostomi.001,50,1059,1221,1137.14,29.80139018809118
ENSGT00550000074562.Euteleostomi.002,57,856,950,910.4912280701755,22.839598138053336
ENSGT00530000063395.Euteleostomi.001,62,294,435,350.5,39.92811163028695
ENSGT00530000063079.Euteleostomi.001,51,374,557,485.29411764705884,53.2004865081691
ENSGT00650000092921.Euteleostomi.002,62,360,406,368.7741935483871,9.3465507880745
ENSGT00540000070221.Euteleostomi.001,59,777,1224,1052.3389830508474,94.58413699644235
ENSGT00680000099960.Euteleostomi.001,60,670,839,775.1333333333333,48.23651709981665
ENSGT00510000047351.Euteleostomi.001,54,206,247,229.16666666666666,7.537954279310875
ENSGT00640000091135.Euteleostomi.003,57,566,756,685.5087719298245,69.16262481773808
ENSGT00550000074773.Euteleostomi.001,54,1067,1121,1096.7962962962963,14.783187326594817
ENSGT00680000099762.Euteleostomi.001,56,915,1026,996.125,30.111346396635636
ENSGT00410000025758.Euteleostomi.001,57,1198,1955,1475.7368421052631,151.28609679249038
ENSGT00660000095153.Euteleostomi.002,62,971,1120,1064.1774193548388,33.62304254454683
ENSGT00450000040408.Euteleostomi.001,55,349,910,553.9090909090909,130.55157526707137
ENSGT00390000012305.Euteleostomi.001,52,245,434,332.63461538461536,49.44159907868083
ENSGT00650000093021.Euteleostomi.001,61,587,1120,929.311475409836,179.6541623029839
ENSGT00390000015510.Euteleostomi.001,56,497,619,565.4107142857143,27.9712688864285
ENSGT00390000006046.Euteleostomi.001,51,603,862,694.2352941176471,60.262953208515796
ENSGT00550000074456.Euteleostomi.004,62,204,240,217.29032258064515,6.23156190923769
ENSGT00680000099911.Euteleostomi.001,51,278,408,340.01960784313724,25.94724663318128
ENSGT00670000097842.Euteleostomi.001,50,272,314,294.78,6.481653857982072
ENSGT00670000097514.Euteleostomi.004,52,682,759,717.1346153846154,22.037427028699355
ENSGT00390000007586.Euteleostomi.001,60,495,579,560.25,20.413210245876883
ENSGT00660000095461.Euteleostomi.002,53,239,318,255.54716981132074,13.843307238428707
ENSGT00640000091200.Euteleostomi.002,59,1443,1552,1514.4915254237287,22.785637401022914
ENSGT00580000081366.Euteleostomi.002,59,476,587,489.5762711864407,20.335295788892317
ENSGT00680000099804.Euteleostomi.001,53,660,886,709.0943396226415,40.315231017065514
ENSGT00400000022032.Euteleostomi.001,61,233,406,318.0655737704918,45.98835680635517
ENSGT00390000015092.Euteleostomi.002,60,570,690,653.4166666666666,30.556583615644712
ENSGT00620000087753.Euteleostomi.003,51,598,655,621.4705882352941,12.182533301701204
ENSGT00530000063047.Euteleostomi.003,57,421,478,457.82456140350877,15.919577801985946
ENSGT00550000074304.Euteleostomi.005,61,479,636,522.9508196721312,28.625411921058415
ENSGT00390000005703.Euteleostomi.001,62,431,916,547.9193548387096,77.9813551459361
ENSGT00550000074337.Euteleostomi.002,57,783,799,789.8947368421053,3.9401061013918857
ENSGT00530000062893.Euteleostomi.001,62,480,571,537.5322580645161,24.155044100007242
ENSGT00680000099867.Euteleostomi.002,60,240,307,251.4,17.314831498761645
ENSGT00530000063002.Euteleostomi.002,54,481,536,505,12.089290442214812
ENSGT00530000063776.Euteleostomi.001,62,789,1172,972.1935483870968,71.58712190937774
ENSGT00390000017581.Euteleostomi.001,52,228,257,235.84615384615384,9.03888032148138
ENSGT00610000085802.Euteleostomi.005,52,404,476,436.21153846153845,20.1098322829772
ENSGT00510000046989.Euteleostomi.001,57,213,296,253.3859649122807,18.66313630239044
ENSGT00520000055542.Euteleostomi.003,61,276,369,334.24590163934425,19.13605300447728
ENSGT00440000033589.Euteleostomi.001,55,366,560,439.27272727272725,34.40900751227501
ENSGT00660000095090.Euteleostomi.003,61,709,956,849.5573770491803,64.1697032849002
ENSGT00680000099536.Euteleostomi.001,58,233,608,317.7586206896552,65.64559560721138
ENSGT00550000074509.Euteleostomi.005,59,1191,1325,1265.5084745762713,28.180681131091802
ENSGT00530000063036.Euteleostomi.003,62,397,521,445.7096774193548,17.966623971782127
ENSGT00390000008991.Euteleostomi.001,63,242,265,252.984126984127,4.379173819164256
ENSGT00550000074436.Euteleostomi.003,50,716,1010,839.62,91.36088789375185
ENSGT00390000001390.Euteleostomi.001,53,253,320,285.8867924528302,21.11293841131409
ENSGT00560000076776.Euteleostomi.003,61,292,387,314.0163934426229,11.489838703942842
ENSGT00670000097927.Euteleostomi.002,59,455,563,506.0508474576271,35.54958835244163
ENSGT00530000063342.Euteleostomi.001,52,1009,1634,1098.3076923076924,100.92251705874213
ENSGT00410000025651.Euteleostomi.001,58,869,946,899.3448275862069,13.667160954867079
ENSGT00390000002174.Euteleostomi.001,57,383,482,425.63157894736844,23.114336598548043
ENSGT00680000099525.Euteleostomi.001,53,1255,1473,1371.867924528302,68.94145725397664
ENSGT00640000091425.Euteleostomi.003,62,541,640,588.2741935483871,14.515304929894741
ENSGT00560000076845.Euteleostomi.006,54,299,322,314.44444444444446,8.233999158268404
ENSGT00510000046704.Euteleostomi.001,52,764,991,853.0961538461538,77.14952622460976
ENSGT00650000093424.Euteleostomi.001,54,224,669,320.6111111111111,103.1270359051941
ENSGT00390000018612.Euteleostomi.001,61,682,738,713.655737704918,16.425473352795287
ENSGT00550000074310.Euteleostomi.003,55,424,776,574.6181818181818,146.20881704541003
ENSGT00680000099836.Euteleostomi.005,58,532,886,706.448275862069,143.4581878584902
ENSGT00680000099559.Euteleostomi.006,58,460,488,478.5344827586207,5.641996403045487
ENSGT00680000099726.Euteleostomi.003,51,235,259,237.47058823529412,3.11353780241365
ENSGT00670000097753.Euteleostomi.004,51,547,673,619.7647058823529,35.809265971418135
ENSGT00390000009222.Euteleostomi.001,56,550,587,571.5178571428571,8.199758469676954
ENSGT00620000088023.Euteleostomi.001,58,312,437,384.63793103448273,35.74014317599713
ENSGT00680000099831.Euteleostomi.003,53,372,664,498.47169811320754,97.18630082586127
ENSGT00530000063788.Euteleostomi.001,62,762,873,829.9516129032259,18.091232746110176
ENSGT00530000063333.Euteleostomi.001,58,287,844,476.5,242.5617844967455
ENSGT00550000074339.Euteleostomi.001,56,569,1078,841.75,144.61777207521902
ENSGT00530000062977.Euteleostomi.001,59,437,550,512.8135593220339,19.996098392083965
ENSGT00550000074318.Euteleostomi.005,57,616,694,664.0175438596491,21.89951991325558
ENSGT00660000095322.Euteleostomi.004,50,837,931,879.56,26.126192971492678
ENSGT00670000097765.Euteleostomi.002,62,492,1522,608.258064516129,134.45225070924866
ENSGT00680000099723.Euteleostomi.002,50,468,484,472.68,2.6452884569377613
ENSGT00670000097746.Euteleostomi.001,52,348,416,380.1923076923077,13.840886378646648
ENSGT00590000082809.Euteleostomi.003,61,751,1101,941.672131147541,61.06054954209398
ENSGT00530000063116.Euteleostomi.001,56,286,442,358.92857142857144,52.56506172626181
ENSGT00390000017671.Euteleostomi.001,60,380,475,402.6,15.11223547384533
ENSGT00390000008565.Euteleostomi.001,61,580,667,605.7704918032787,20.78572702811792
ENSGT00550000074434.Euteleostomi.004,51,255,394,329.52941176470586,31.31795200275808
ENSGT00390000016313.Euteleostomi.001,52,859,1010,875.9038461538462,21.083642591284924
ENSGT00530000063531.Euteleostomi.001,53,885,1164,1055.0566037735848,69.99269607343646
ENSGT00660000095193.Euteleostomi.002,53,746,1565,1272.9245283018868,275.3840569275378
ENSGT00550000074505.Euteleostomi.001,57,406,532,456.5964912280702,31.08275799557576
ENSGT00610000085813.Euteleostomi.002,55,377,492,429.1818181818182,22.79789700266469
ENSGT00640000091262.Euteleostomi.002,53,255,435,277.4339622641509,25.597858559744846
ENSGT00530000062941.Euteleostomi.002,52,567,774,670.75,92.05899110427647
ENSGT00560000076796.Euteleostomi.001,58,589,734,679.6034482758621,27.873737658568167
ENSGT00640000091572.Euteleostomi.001,59,299,433,392.03389830508473,39.47979234376393
ENSGT00680000099996.Euteleostomi.002,52,362,399,375.5192307692308,7.344440032887582
ENSGT00640000091186.Euteleostomi.001,61,941,1075,977.1147540983607,15.54144819577178
ENSGT00390000007681.Euteleostomi.001,57,290,362,304.89473684210526,20.544971761033263
ENSGT00530000063868.Euteleostomi.001,60,341,384,356.18333333333334,11.98231983801822
ENSGT00680000099580.Euteleostomi.002,52,1285,1427,1350.0384615384614,42.91896675586038
ENSGT00450000040316.Euteleostomi.001,52,581,847,735.2307692307693,96.07566776583748
ENSGT00390000004600.Euteleostomi.001,58,1460,1558,1524.2758620689656,24.109976899323325
ENSGT00620000087815.Euteleostomi.001,57,328,375,334.3333333333333,7.949243749595063
ENSGT00550000074412.Euteleostomi.003,60,478,665,582.9833333333333,46.3178011197096
ENSGT00530000063103.Euteleostomi.001,58,366,528,438.7586206896552,27.522437637366394
ENSGT00660000095375.Euteleostomi.003,56,314,405,376.75,16.785545730018594
ENSGT00530000063035.Euteleostomi.002,51,223,281,245.84313725490196,12.56403207417047
ENSGT00630000089521.Euteleostomi.005,50,232,265,250.68,7.220831542368601
ENSGT00680000099842.Euteleostomi.001,52,204,243,223.17307692307693,9.985717553225223
ENSGT00440000038338.Euteleostomi.001,51,911,1136,1060.8431372549019,50.41046421092335
ENSGT00680000099588.Euteleostomi.004,58,647,962,806.8620689655172,107.09127903226802
ENSGT00390000011747.Euteleostomi.001,51,213,303,227.90196078431373,17.31849289281349
ENSGT00550000074417.Euteleostomi.002,58,812,1558,1011.8965517241379,133.79608596472372
ENSGT00570000079101.Euteleostomi.001,53,515,707,587.6415094339623,37.337388118666624
ENSGT00680000099519.Euteleostomi.003,58,1151,1797,1402.9655172413793,201.370825385393
ENSGT00530000063369.Euteleostomi.001,55,980,1433,1231.4363636363637,200.9385168206622
ENSGT00670000097819.Euteleostomi.002,51,899,1039,941.6862745098039,20.057407804677485
ENSGT00680000099585.Euteleostomi.003,57,348,479,404.05263157894734,45.8064332087565
ENSGT00390000009278.Euteleostomi.001,50,231,286,251.46,9.510917464703821
ENSGT00410000025596.Euteleostomi.001,51,526,581,550.9607843137255,19.18849737140845
ENSGT00560000076769.Euteleostomi.002,62,422,481,449.56451612903226,13.068070169644482
ENSGT00390000008002.Euteleostomi.001,58,308,359,334.5689655172414,14.29159005427639
ENSGT00660000095560.Euteleostomi.001,53,791,1229,1064.6415094339623,142.0276373889715
ENSGT00530000063816.Euteleostomi.001,61,265,320,281.0983606557377,13.72674386982432
ENSGT00680000099562.Euteleostomi.002,55,1104,1819,1428.6181818181817,206.45342860271947
ENSGT00520000055580.Euteleostomi.001,51,1527,2135,1921.450980392157,208.78527857351344
ENSGT00390000003140.Euteleostomi.001,52,1132,1362,1255.4807692307693,67.64396133639006
ENSGT00390000011821.Euteleostomi.001,55,325,791,624.0181818181818,141.9901523592512
ENSGT00680000099788.Euteleostomi.002,60,1911,1945,1936.65,5.401898599064617
ENSGT00440000037877.Euteleostomi.001,60,525,753,618.6833333333333,43.838104184956194
ENSGT00680000099997.Euteleostomi.001,52,263,313,298.09615384615387,10.832521143704657
ENSGT00390000016025.Euteleostomi.001,59,599,664,640.6271186440678,22.667688004860153
ENSGT00390000009331.Euteleostomi.001,60,282,295,286.1,2.8385959766483264
ENSGT00560000076828.Euteleostomi.003,56,257,341,305.0357142857143,19.64592419975038
ENSGT00390000016402.Euteleostomi.001,56,235,297,266.73214285714283,26.86903663829669
ENSGT00530000064012.Euteleostomi.001,60,401,506,464.96666666666664,26.214866183895502
ENSGT00680000099523.Euteleostomi.001,61,397,575,450.42622950819674,33.56558704804343
ENSGT00610000085723.Euteleostomi.006,51,2636,2746,2677.549019607843,25.238315098667105
ENSGT00670000097546.Euteleostomi.002,50,1135,1372,1279.26,70.38199271091423
ENSGT00620000087922.Euteleostomi.001,56,544,1231,780.7678571428571,97.61035546245334
ENSGT00390000005767.Euteleostomi.001,55,366,442,401.56363636363636,17.844766466269327
ENSGT00550000074769.Euteleostomi.001,58,310,376,334.55172413793105,27.85625534574734
ENSGT00660000095190.Euteleostomi.003,53,612,835,711.3584905660377,53.86525008675411
ENSGT00390000005092.Euteleostomi.001,63,202,218,204.73015873015873,2.8181803166190424
ENSGT00550000074427.Euteleostomi.001,56,702,766,735.625,17.81782815047895
ENSGT00550000074528.Euteleostomi.004,50,884,1091,1020.32,59.43043953107821
ENSGT00550000074370.Euteleostomi.001,59,593,636,613.7796610169491,10.904076739379713
ENSGT00390000002143.Euteleostomi.001,60,803,890,821.9166666666666,13.162983107707207
ENSGT00660000095114.Euteleostomi.001,62,988,1199,1141.5806451612902,53.22656442259524
ENSGT00680000099777.Euteleostomi.001,55,1172,1491,1339.8181818181818,112.01241513681038
ENSGT00550000074341.Euteleostomi.001,62,483,671,576.6129032258065,35.812514910572666
ENSGT00560000076949.Euteleostomi.002,58,1414,1702,1550.9827586206898,70.39400178277512
ENSGT00530000063238.Euteleostomi.003,51,734,899,826.7058823529412,46.543009837202
ENSGT00680000099811.Euteleostomi.001,55,488,544,499.4727272727273,11.277402093558516
ENSGT00390000009798.Euteleostomi.002,60,409,529,477.28333333333336,32.248028013112105
ENSGT00570000079047.Euteleostomi.001,53,416,464,438.75471698113205,12.457474834222344
ENSGT00640000091300.Euteleostomi.002,60,1346,1477,1422.75,32.24357773394178
ENSGT00550000074287.Euteleostomi.001,53,721,1024,810.433962264151,81.48371933515834
ENSGT00530000063211.Euteleostomi.001,56,682,946,825.5357142857143,103.77282255628735
ENSGT00390000006208.Euteleostomi.001,62,284,347,321.64516129032256,16.021600966025293
ENSGT00620000087743.Euteleostomi.002,50,311,344,336.22,8.727834899951782
ENSGT00610000085810.Euteleostomi.001,51,352,631,467.6862745098039,103.68037233653791
ENSGT00670000097683.Euteleostomi.002,60,200,344,303.1666666666667,40.7082079203985
ENSGT00390000008162.Euteleostomi.001,52,238,271,247.82692307692307,8.560559707388924
ENSGT00600000084271.Euteleostomi.001,51,589,669,650.8627450980392,17.673731476791353
ENSGT00530000063863.Euteleostomi.001,51,893,1106,996.9803921568628,46.53020102947264
ENSGT00510000046929.Euteleostomi.001,59,955,1067,1025.2033898305085,31.200563468064523
ENSGT00650000093176.Euteleostomi.001,59,788,991,906.9491525423729,51.29308070860804
ENSGT00550000074532.Euteleostomi.003,58,678,797,736.4310344827586,20.792299577441845
ENSGT00680000099507.Euteleostomi.006,53,353,384,366.54716981132077,6.985055579691461
ENSGT00530000063774.Euteleostomi.001,53,512,873,642.5283018867924,150.04724945234685
ENSGT00650000092966.Euteleostomi.001,55,1319,1557,1423.1272727272728,74.73658793226767
ENSGT00560000077077.Euteleostomi.001,53,2107,2948,2653.0188679245284,231.05730978782313
ENSGT00640000091159.Euteleostomi.007,52,216,257,219.17307692307693,5.607142342483271
ENSGT00390000018573.Euteleostomi.001,62,312,422,377.69354838709677,32.493928164049464
ENSGT00670000097758.Euteleostomi.001,52,346,441,408.9807692307692,23.83150854219434
ENSGT00390000000455.Euteleostomi.001,50,732,922,857.26,67.72899478579228
ENSGT00600000084336.Euteleostomi.002,50,732,854,799.64,19.88821823315995
ENSGT00530000063812.Euteleostomi.001,62,1200,1397,1283.5967741935483,38.89601929879763
ENSGT00550000074468.Euteleostomi.003,54,789,1313,1006.2777777777778,156.18994443349536
ENSGT00680000099558.Euteleostomi.002,55,710,996,799.6181818181818,45.831612456215204
ENSGT00680000099709.Euteleostomi.003,58,1043,1346,1185.5,52.18598655752765
ENSGT00550000074287.Euteleostomi.003,51,667,1311,994.2352941176471,279.7100347313478
ENSGT00550000074470.Euteleostomi.001,52,384,595,481.3269230769231,70.63929949740557
ENSGT00390000017146.Euteleostomi.001,52,393,510,461.8076923076923,24.980807112299242
ENSGT00650000092896.Euteleostomi.007,52,1923,2000,1946.5576923076924,15.195992069038882
ENSGT00630000089684.Euteleostomi.002,52,1191,1381,1258.9615384615386,53.3743573367974
ENSGT00560000076932.Euteleostomi.001,57,395,424,416.4736842105263,7.557175547493858
ENSGT00600000084077.Euteleostomi.002,62,275,329,299.0967741935484,12.71981760542928
ENSGT00390000005730.Euteleostomi.001,61,305,334,309.8688524590164,4.310743980011129
ENSGT00650000093105.Euteleostomi.006,55,457,525,501.58181818181816,14.381947157475029
ENSGT00530000063444.Euteleostomi.001,53,346,668,489.41509433962267,43.56535054122015
ENSGT00530000063148.Euteleostomi.001,50,1204,1448,1327.38,70.34518099909843
ENSGT00530000063734.Euteleostomi.001,55,321,399,365.8545454545455,17.493298380107973
ENSGT00680000099849.Euteleostomi.001,57,311,459,374.3859649122807,22.624855473859554
ENSGT00660000095431.Euteleostomi.001,56,2506,2716,2609.9285714285716,50.560083840140905
ENSGT00680000099962.Euteleostomi.001,61,454,589,519.344262295082,21.610865512438906
ENSGT00530000063497.Euteleostomi.001,52,638,868,764.0192307692307,84.7733981546735
ENSGT00630000089876.Euteleostomi.001,62,296,414,351.53225806451616,19.960385145217657
ENSGT00680000099599.Euteleostomi.001,60,744,1220,973.95,157.78008993425317
ENSGT00550000074588.Euteleostomi.001,58,970,1701,1466.7931034482758,184.50034551583582
ENSGT00660000095218.Euteleostomi.008,62,1022,1173,1105.0806451612902,30.901906348482548
ENSGT00530000063109.Euteleostomi.002,54,1396,1548,1443.2407407407406,33.481583326994254
ENSGT00530000062904.Euteleostomi.001,59,962,1144,1071.2203389830509,48.028392391846495
ENSGT00390000009595.Euteleostomi.001,62,817,1310,907.9516129032259,74.90724918832926
ENSGT00530000063841.Euteleostomi.001,55,272,456,337.72727272727275,55.42210233841213
ENSGT00530000063264.Euteleostomi.001,52,314,318,317.28846153846155,1.1771773894935469
ENSGT00530000062787.Euteleostomi.002,56,695,891,800.6607142857143,61.134509458678465
ENSGT00390000013549.Euteleostomi.001,51,683,865,771.7058823529412,39.641540897218945
ENSGT00510000047125.Euteleostomi.001,60,342,1052,403.81666666666666,87.23579806064043
ENSGT00680000099879.Euteleostomi.002,51,452,534,476.27450980392155,20.66115043396427
ENSGT00560000076896.Euteleostomi.001,56,1672,1839,1773.3392857142858,50.58935453440568
ENSGT00530000063215.Euteleostomi.001,53,655,942,788.5849056603773,93.5127375038914
ENSGT00530000063830.Euteleostomi.001,62,389,960,585.1612903225806,130.04201005304265
ENSGT00390000008958.Euteleostomi.003,55,398,582,485.1454545454545,49.86404411620558
ENSGT00530000063892.Euteleostomi.001,57,240,335,288.8070175438597,20.426207427583975
ENSGT00680000099570.Euteleostomi.003,62,784,908,866.483870967742,28.044894883601508
ENSGT00680000099889.Euteleostomi.001,59,463,538,493.5762711864407,19.85829401103323
ENSGT00550000074396.Euteleostomi.001,62,1091,1336,1233.6774193548388,71.72186126555158
ENSGT00530000063727.Euteleostomi.001,55,536,820,621.0363636363636,73.23401447019599
ENSGT00650000093248.Euteleostomi.002,62,678,795,754.6451612903226,23.750821745365283
ENSGT00650000092935.Euteleostomi.001,53,705,845,761.0377358490566,40.564271065590816
ENSGT00680000099605.Euteleostomi.002,51,1041,1168,1110.9411764705883,40.22507266106844
ENSGT00530000063239.Euteleostomi.002,52,258,381,288.09615384615387,26.916908903457763
ENSGT00550000074557.Euteleostomi.005,51,367,402,375.6078431372549,6.213142301195262
ENSGT00550000074476.Euteleostomi.004,51,439,520,472.54901960784315,12.461643110746184
ENSGT00630000089452.Euteleostomi.005,60,820,1040,948.6833333333333,50.40698487604456
ENSGT00390000008527.Euteleostomi.001,57,226,288,245.87719298245614,23.334577482047198
ENSGT00680000099556.Euteleostomi.001,62,1214,1345,1319.2903225806451,19.514926692884657
ENSGT00530000063286.Euteleostomi.001,51,1324,2009,1620.235294117647,174.260103091361
ENSGT00640000091441.Euteleostomi.001,59,260,562,412.6779661016949,85.80098075919769
ENSGT00490000043365.Euteleostomi.001,53,532,932,706.3584905660377,159.21153011247245
ENSGT00550000074407.Euteleostomi.004,51,320,488,386.5098039215686,44.824266887042164
ENSGT00680000099537.Euteleostomi.005,61,1657,1858,1780.7704918032787,49.715991204247004
ENSGT00680000099585.Euteleostomi.001,60,366,498,441.01666666666665,27.8947730154221
ENSGT00550000074753.Euteleostomi.001,61,215,261,244.31147540983608,14.326596459739438
ENSGT00680000099742.Euteleostomi.001,55,218,305,269.03636363636366,24.98293019937416
ENSGT00580000081398.Euteleostomi.005,57,576,711,638.8070175438596,38.731418861404286
ENSGT00640000091251.Euteleostomi.002,59,623,698,660.4237288135594,11.978721637266682
ENSGT00530000063965.Euteleostomi.001,56,257,605,380.98214285714283,132.17680873070648
ENSGT00550000074364.Euteleostomi.005,60,533,578,556.8666666666667,7.100887188940302
ENSGT00680000099640.Euteleostomi.003,51,423,789,598.5686274509804,146.01784204705407
ENSGT00530000063187.Euteleostomi.001,53,675,762,738.0754716981132,20.267299407024886
ENSGT00550000074536.Euteleostomi.001,54,701,842,776.4444444444445,32.96863384506648
ENSGT00530000063030.Euteleostomi.001,55,471,563,514.1090909090909,17.455416995637272
ENSGT00530000063244.Euteleostomi.002,52,438,689,580.5576923076923,64.45470014700808
ENSGT00680000099502.Euteleostomi.003,62,368,442,400.0967741935484,17.972392013015046
ENSGT00680000099515.Euteleostomi.001,55,237,305,269.7090909090909,24.970851694394295
ENSGT00620000087828.Euteleostomi.003,60,740,1492,945.1666666666666,137.37122372369197
ENSGT00680000099867.Euteleostomi.001,60,214,254,224.31666666666666,8.438193369710886
ENSGT00390000001619.Euteleostomi.003,59,690,998,767.457627118644,119.3679218206868
ENSGT00680000099759.Euteleostomi.003,62,251,305,273.7903225806452,13.845916835261939
ENSGT00390000011960.Euteleostomi.001,61,434,559,461.8688524590164,19.941978679689793
ENSGT00390000017119.Euteleostomi.001,50,456,601,531.9,45.262161518271775
ENSGT00610000085802.Euteleostomi.006,56,256,426,310.4642857142857,35.214647926273926
ENSGT00660000095339.Euteleostomi.001,59,724,841,794.1016949152543,41.727645229368946
ENSGT00560000076932.Euteleostomi.005,61,413,428,417.1967213114754,2.0315812571422254
ENSGT00640000091333.Euteleostomi.003,61,239,276,261.7704918032787,6.15465526416915
ENSGT00550000074562.Euteleostomi.003,52,866,1109,1001.6346153846154,81.68831938152836
ENSGT00550000074575.Euteleostomi.001,55,1571,2291,1984.4545454545455,225.97843376139352
ENSGT00390000005922.Euteleostomi.001,61,500,522,508.11475409836066,4.374541349885486
ENSGT00680000099695.Euteleostomi.002,59,300,485,413.64406779661016,48.59997258118441
ENSGT00420000029746.Euteleostomi.001,58,222,4621,665.6379310344828,699.7143451807921
ENSGT00390000018714.Euteleostomi.002,60,357,612,485.43333333333334,79.85609231753072
ENSGT00440000033318.Euteleostomi.002,50,251,366,326.42,34.11390882778173
ENSGT00620000087589.Euteleostomi.003,50,438,524,481.7,11.818784771260866
ENSGT00530000063786.Euteleostomi.001,54,409,538,464.14814814814815,50.70611120453896
ENSGT00560000076906.Euteleostomi.004,56,517,659,560.7321428571429,27.67177168256395
ENSGT00390000017928.Euteleostomi.001,58,730,851,742.3103448275862,15.547557936015055
ENSGT00660000095141.Euteleostomi.002,50,316,435,350.82,24.91757022910639
ENSGT00530000063166.Euteleostomi.001,60,304,467,365.3666666666667,69.3917805582156
ENSGT00520000055649.Euteleostomi.001,62,393,824,656.2903225806451,124.82451775465076
ENSGT00530000063715.Euteleostomi.001,56,204,238,222.17857142857142,11.403519620724987
ENSGT00650000092910.Euteleostomi.003,56,524,769,716.8035714285714,80.00418617294225
ENSGT00550000074783.Euteleostomi.001,62,494,565,547.3387096774194,13.537977605685274
ENSGT00390000018051.Euteleostomi.001,50,358,463,404.02,24.723359193198615
ENSGT00670000098129.Euteleostomi.001,50,302,990,454.26,211.181497527504
ENSGT00550000074311.Euteleostomi.003,52,406,484,454.4423076923077,16.169947265533544
ENSGT00390000002997.Euteleostomi.001,55,360,518,464.94545454545454,46.433711485186734
ENSGT00560000076599.Euteleostomi.001,56,452,486,471.60714285714283,6.25424531143322
ENSGT00530000063033.Euteleostomi.001,51,260,311,291.96078431372547,15.899636202522025
ENSGT00530000063764.Euteleostomi.001,60,660,735,701.0666666666667,14.454917252214264
ENSGT00520000055637.Euteleostomi.001,55,825,1198,960.6545454545454,104.89875510009078
ENSGT00540000070221.Euteleostomi.002,56,805,1959,1180.267857142857,231.73123076462593
ENSGT00410000025582.Euteleostomi.001,52,648,772,700.3461538461538,21.034877307662537
ENSGT00390000018245.Euteleostomi.001,60,286,341,310.51666666666665,10.90559126796685
ENSGT00530000063256.Euteleostomi.001,61,367,514,456.3606557377049,25.434905665826797
ENSGT00680000099954.Euteleostomi.003,58,293,408,335.8103448275862,24.499521582548194
ENSGT00640000091347.Euteleostomi.002,59,441,563,476.49152542372883,27.46494498092754
ENSGT00560000076760.Euteleostomi.001,61,517,590,535.311475409836,11.425907671612727
ENSGT00560000076777.Euteleostomi.003,53,870,887,874.3207547169811,3.87185894979928
ENSGT00680000099585.Euteleostomi.005,50,456,517,489.36,14.396371424914044
ENSGT00530000062987.Euteleostomi.001,59,844,1076,913.9322033898305,50.10639177575557
ENSGT00580000081327.Euteleostomi.002,52,784,1052,974.3461538461538,87.08523762594912
ENSGT00390000003774.Euteleostomi.001,53,429,477,458.4339622641509,11.229270532445833
ENSGT00390000011587.Euteleostomi.001,52,712,1003,827.6730769230769,97.92768863866651
ENSGT00550000074505.Euteleostomi.002,59,343,381,359.77966101694915,12.150021706536831
ENSGT00550000074743.Euteleostomi.001,52,528,574,532.2115384615385,6.168663815851979
ENSGT00610000085813.Euteleostomi.001,53,414,501,438.0188679245283,20.178521107315433
ENSGT00530000063281.Euteleostomi.003,61,341,393,368.5245901639344,15.556999022280452
ENSGT00640000091451.Euteleostomi.001,58,391,462,426.3965517241379,28.354237688894585
ENSGT00680000099807.Euteleostomi.006,57,327,494,410.8070175438597,52.80470710771748
ENSGT00530000062751.Euteleostomi.007,57,847,971,888.2982456140351,21.869715616643994
ENSGT00390000001117.Euteleostomi.002,52,397,466,425.9230769230769,20.373806861585358
ENSGT00530000063302.Euteleostomi.002,59,431,734,557.9661016949152,114.55174498613624
ENSGT00670000097670.Euteleostomi.001,58,1107,1222,1188.7586206896551,20.270374497641924
ENSGT00390000001134.Euteleostomi.001,61,419,767,575.7704918032787,109.17056890368438
ENSGT00680000099899.Euteleostomi.001,52,1123,1723,1578.2307692307693,133.9416928140991
ENSGT00530000064009.Euteleostomi.001,56,220,409,288.9107142857143,61.06368561836651
ENSGT00440000037341.Euteleostomi.002,53,276,438,376.7358490566038,42.98396433707138
ENSGT00390000017707.Euteleostomi.001,59,606,892,735.1186440677966,102.28258434454379
ENSGT00550000074289.Euteleostomi.004,62,479,526,514.2096774193549,11.284890662797094
ENSGT00390000004874.Euteleostomi.001,58,385,622,512.551724137931,71.61328221746056
ENSGT00660000095314.Euteleostomi.001,57,676,1103,893.5964912280701,145.47617129977024
ENSGT00560000076724.Euteleostomi.003,58,606,712,662.1724137931035,35.634665721582536
ENSGT00390000000018.Euteleostomi.003,61,1051,1260,1144.8032786885246,41.06735105170982
ENSGT00520000055615.Euteleostomi.001,61,432,603,503.91803278688525,69.48867895371332
ENSGT00550000074421.Euteleostomi.002,61,694,803,747.327868852459,16.494161908056448
ENSGT00530000063006.Euteleostomi.003,51,1177,1279,1229.0392156862745,22.308707523578075
ENSGT00640000091083.Euteleostomi.003,62,819,956,906.0483870967741,31.655640690401935
ENSGT00550000074355.Euteleostomi.001,54,249,293,274.037037037037,11.987356488546924
ENSGT00680000099498.Euteleostomi.003,59,586,706,648.4915254237288,30.718057635116555
ENSGT00510000047020.Euteleostomi.001,50,287,343,311.88,11.427928553347197
ENSGT00680000099580.Euteleostomi.004,55,718,1627,1135.290909090909,252.8648938572821
ENSGT00650000093281.Euteleostomi.003,58,658,850,767.1034482758621,71.56096398769482
ENSGT00510000047407.Euteleostomi.001,56,259,431,356.60714285714283,56.2671157221366
ENSGT00390000017213.Euteleostomi.001,53,388,662,573.9622641509434,68.88450821264614
ENSGT00510000046502.Euteleostomi.003,50,454,507,485.3,15.779410506047663
ENSGT00390000011831.Euteleostomi.001,61,546,644,577.8360655737705,18.216458060289742
ENSGT00390000009929.Euteleostomi.001,59,276,371,329.47457627118644,15.635234228700375
ENSGT00560000077249.Euteleostomi.001,57,404,587,518.2105263157895,45.350120822844744
ENSGT00530000063051.Euteleostomi.003,59,710,735,723.9491525423729,6.328435359314282
ENSGT00390000011560.Euteleostomi.002,62,456,505,464.3709677419355,10.25132357862615
ENSGT00510000046400.Euteleostomi.001,55,485,573,513.6909090909091,20.114369957517408
ENSGT00540000069900.Euteleostomi.004,55,302,335,310.2909090909091,5.33566868062104
ENSGT00530000063675.Euteleostomi.001,62,364,495,419.2096774193548,23.309139203025904
ENSGT00680000099679.Euteleostomi.003,53,323,534,385.0566037735849,56.67363214539478
ENSGT00390000016700.Euteleostomi.001,52,255,395,264.6730769230769,24.4385753843692
ENSGT00400000022055.Euteleostomi.001,62,495,710,565.9032258064516,59.4432391273236
ENSGT00550000074515.Euteleostomi.004,54,668,1094,735.5555555555555,60.834655796773845
ENSGT00650000092972.Euteleostomi.001,58,1707,1949,1895.0172413793102,56.388219305693895
ENSGT00530000063760.Euteleostomi.001,53,373,682,453.8867924528302,53.62249111124293
ENSGT00680000099766.Euteleostomi.002,60,524,979,809.25,98.89621764459336
ENSGT00560000076864.Euteleostomi.003,54,595,971,806.5370370370371,82.21089147946067
ENSGT00670000097825.Euteleostomi.001,60,853,1041,896.5166666666667,22.742099888634574
ENSGT00530000063644.Euteleostomi.001,57,433,568,513.0350877192982,42.171827475003425
ENSGT00390000013164.Euteleostomi.006,52,1082,2275,1895.5961538461538,322.81672452333675
ENSGT00550000074415.Euteleostomi.001,59,658,699,667.6779661016949,9.370608264152889
ENSGT00670000097716.Euteleostomi.004,53,324,331,326.52830188679246,1.1368609546416304
ENSGT00550000074493.Euteleostomi.004,55,635,899,768.7454545454545,94.21217546970247
ENSGT00550000074405.Euteleostomi.005,52,546,1025,794.9807692307693,141.4309906389762
ENSGT00390000013285.Euteleostomi.001,52,432,565,518.8269230769231,30.449393022603047
ENSGT00510000046606.Euteleostomi.002,51,206,582,318.72549019607845,94.61248933018781
ENSGT00390000014100.Euteleostomi.001,55,265,286,279.2,4.5108921676480085
ENSGT00680000099757.Euteleostomi.002,57,505,568,536.6666666666666,16.086077979479796
ENSGT00680000099712.Euteleostomi.003,62,615,1247,841.8387096774194,210.05457476245465
ENSGT00550000074473.Euteleostomi.003,56,939,1100,996.125,27.35494803172146
ENSGT00530000063339.Euteleostomi.001,60,638,723,671.8833333333333,13.766936154186462
ENSGT00550000074284.Euteleostomi.001,52,1706,1856,1792.0192307692307,29.15441673371217
ENSGT00510000046654.Euteleostomi.001,59,252,331,269.6271186440678,13.030333715107231
ENSGT00390000014618.Euteleostomi.001,61,539,655,594.0819672131148,35.33520203327328
ENSGT00660000095228.Euteleostomi.001,52,258,428,345.75,58.32662426404614
ENSGT00660000095297.Euteleostomi.002,59,490,657,547.728813559322,36.638415165089604
ENSGT00390000016655.Euteleostomi.001,56,852,908,882.5357142857143,15.933913844050068
ENSGT00390000003453.Euteleostomi.001,55,1080,1256,1124.2545454545455,33.06963370526915
ENSGT00530000063809.Euteleostomi.001,50,1075,1811,1471.28,305.28575038438186
ENSGT00390000009905.Euteleostomi.002,59,489,632,543.8813559322034,34.382275278145315
ENSGT00680000099692.Euteleostomi.006,55,605,658,637.6363636363636,18.915370622624494
ENSGT00480000042679.Euteleostomi.001,62,301,355,326.16129032258067,11.067888196374492
ENSGT00390000006788.Euteleostomi.001,62,549,702,623.0322580645161,31.824811303284864
ENSGT00390000004417.Euteleostomi.001,62,423,572,495.93548387096774,29.341891368933478
ENSGT00600000084077.Euteleostomi.004,61,281,347,302.9672131147541,11.370967729433811
ENSGT00650000092921.Euteleostomi.001,62,321,430,358.35483870967744,18.254212874798984
ENSGT00620000087675.Euteleostomi.005,61,811,876,826.8196721311475,13.158657728812758
ENSGT00390000001014.Euteleostomi.001,50,202,277,263.82,21.862921738385644
ENSGT00530000063684.Euteleostomi.001,50,1821,1988,1935.02,39.70477275582668
ENSGT00670000097666.Euteleostomi.002,50,933,1092,986.96,30.44027943769403
ENSGT00560000076730.Euteleostomi.007,59,454,521,475.6271186440678,14.640400297293487
ENSGT00390000010116.Euteleostomi.001,59,628,683,659.9152542372881,10.463875684028395
ENSGT00390000010072.Euteleostomi.001,54,497,527,514.8148148148148,8.496556625678505
ENSGT00670000097629.Euteleostomi.002,59,1160,1284,1210.1186440677966,24.343153640484452
ENSGT00510000047024.Euteleostomi.001,54,253,647,441.48148148148147,171.69858855264755
ENSGT00550000074368.Euteleostomi.007,50,368,397,380.52,5.679321603638151
ENSGT00390000001046.Euteleostomi.002,56,413,463,425.69642857142856,12.60724127109228
ENSGT00680000099744.Euteleostomi.002,51,416,630,511.3529411764706,69.9982352718729
ENSGT00390000008822.Euteleostomi.002,58,351,435,400.6551724137931,16.973200469571974
ENSGT00550000074425.Euteleostomi.002,50,680,776,722.68,15.135362026508298
ENSGT00680000099665.Euteleostomi.003,58,1151,1476,1290.4137931034484,75.89282250757952
ENSGT00680000099672.Euteleostomi.001,53,629,704,674.2264150943396,22.28628545975336
ENSGT00640000091192.Euteleostomi.003,58,435,519,486.0344827586207,18.259307184298496
ENSGT00390000013296.Euteleostomi.001,61,342,978,498.5409836065574,166.3013904301957
ENSGT00670000097605.Euteleostomi.001,57,705,1314,951.4736842105264,183.9187616918286
ENSGT00680000099524.Euteleostomi.003,62,409,674,460.56451612903226,33.633814448441534
ENSGT00530000063193.Euteleostomi.001,54,218,254,231.55555555555554,8.939348392670162
ENSGT00680000099856.Euteleostomi.003,52,384,525,442.6923076923077,28.4222630644956
ENSGT00530000063773.Euteleostomi.001,56,1364,1524,1476.125,32.98873774762863
ENSGT00670000097683.Euteleostomi.004,62,262,285,274.85483870967744,5.91704061551804
ENSGT00620000087649.Euteleostomi.002,55,334,413,363,14.36043948569201
ENSGT00640000091217.Euteleostomi.001,54,458,673,558.8518518518518,54.397005816395435
ENSGT00440000033542.Euteleostomi.002,54,896,993,947.3703703703703,34.450564141557365
ENSGT00530000063889.Euteleostomi.001,51,1417,2034,1632.9411764705883,186.66166309820622
ENSGT00530000062974.Euteleostomi.004,61,1268,1408,1365.2622950819673,28.566239770834535
ENSGT00530000063815.Euteleostomi.001,54,238,485,367.27777777777777,110.32856874699775
ENSGT00550000074736.Euteleostomi.001,59,983,1054,1029.6101694915253,14.789344893691892
ENSGT00390000013494.Euteleostomi.001,61,978,1145,1080.4426229508197,39.929322805078115
ENSGT00390000016028.Euteleostomi.002,62,371,501,420.6774193548387,36.415531812202346
ENSGT00620000087654.Euteleostomi.001,60,226,331,298.25,23.02807792416371
ENSGT00650000092910.Euteleostomi.001,57,581,1058,846.4561403508771,91.34648913720896
ENSGT00390000020719.Euteleostomi.003,61,359,575,417.7049180327869,72.46754313996833
ENSGT00390000013581.Euteleostomi.001,57,675,856,770.3684210526316,54.24601090631568
ENSGT00530000063559.Euteleostomi.001,51,927,1726,1391.6470588235295,275.95143221439616
