name,number_of_sequences,min_seq_length,max_seq_length,mean_seq_length,standev_seq_length, tree_length,patristic_distance
ENSGT00680000099843.Euteleostomi.003,60,953,1360,1186.95,98.38809784018685.221850000000002,0.5191152653061231
ENSGT00560000076660.Euteleostomi.003,59,726,797,768.7966101694915,15.4994768109887355.221850000000002,0.5191152653061231
ENSGT00550000074356.Euteleostomi.002,60,378,433,399.8333333333333,12.2642745149695295.221850000000002,0.5191152653061231
ENSGT00550000074378.Euteleostomi.006,55,458,559,517.1090909090909,22.898061317963415.221850000000002,0.5191152653061231
ENSGT00680000099656.Euteleostomi.001,53,671,845,766.4716981132076,40.678667521094245.221850000000002,0.5191152653061231
ENSGT00680000099849.Euteleostomi.002,52,323,418,379.5576923076923,22.070664996634455.221850000000002,0.5191152653061231
ENSGT00390000016613.Euteleostomi.001,50,624,699,660.14,15.8449245076479055.221850000000002,0.5191152653061231
ENSGT00390000002149.Euteleostomi.001,59,672,899,744.2203389830509,46.6006762554935045.221850000000002,0.5191152653061231
ENSGT00600000083998.Euteleostomi.001,55,449,572,497.7818181818182,30.63264472028045.221850000000002,0.5191152653061231
ENSGT00680000099767.Euteleostomi.004,55,749,1025,869.7636363636364,61.804639534694065.221850000000002,0.5191152653061231
ENSGT00510000046382.Euteleostomi.001,54,444,501,483.68518518518516,14.4716040420530115.221850000000002,0.5191152653061231
ENSGT00560000076885.Euteleostomi.002,56,328,505,407.2142857142857,73.452449500764365.221850000000002,0.5191152653061231
ENSGT00660000095381.Euteleostomi.003,57,893,1165,1017.2982456140351,90.182546005366395.221850000000002,0.5191152653061231
ENSGT00390000007252.Euteleostomi.001,59,380,493,445.91525423728814,34.8040267862455445.221850000000002,0.5191152653061231
ENSGT00680000099574.Euteleostomi.002,58,209,296,240.70689655172413,24.781861377982325.221850000000002,0.5191152653061231
ENSGT00680000099887.Euteleostomi.001,59,621,715,659.2372881355932,32.838864161471035.221850000000002,0.5191152653061231
ENSGT00660000095208.Euteleostomi.003,57,429,540,480.56140350877195,27.216734311199355.221850000000002,0.5191152653061231
ENSGT00680000100027.Euteleostomi.001,53,250,660,406.49056603773585,105.02117417298975.221850000000002,0.5191152653061231
ENSGT00390000013762.Euteleostomi.001,54,341,650,500.7962962962963,49.394209281575325.221850000000002,0.5191152653061231
ENSGT00550000074577.Euteleostomi.001,55,425,469,452.4,12.0946881514771385.221850000000002,0.5191152653061231
ENSGT00680000099571.Euteleostomi.003,61,331,466,414.91803278688525,43.225492124427085.221850000000002,0.5191152653061231
ENSGT00600000084336.Euteleostomi.001,62,791,878,828.1451612903226,16.9539847573921925.221850000000002,0.5191152653061231
ENSGT00530000063924.Euteleostomi.001,60,472,764,648.7833333333333,61.2408669542711055.221850000000002,0.5191152653061231
ENSGT00680000099558.Euteleostomi.001,51,811,1075,999.843137254902,110.560639026557675.221850000000002,0.5191152653061231
ENSGT00560000076651.Euteleostomi.003,61,318,365,344.8524590163934,16.118143054307645.221850000000002,0.5191152653061231
ENSGT00680000099841.Euteleostomi.004,50,389,495,438.6,14.5700279438892745.221850000000002,0.5191152653061231
ENSGT00530000063642.Euteleostomi.001,59,680,751,702.4067796610169,13.2874307265431365.221850000000002,0.5191152653061231
ENSGT00680000099507.Euteleostomi.005,60,279,501,363.25,41.2986744154649165.221850000000002,0.5191152653061231
ENSGT00560000076777.Euteleostomi.004,56,290,338,309.01785714285717,6.926867510389785.221850000000002,0.5191152653061231
ENSGT00550000074369.Euteleostomi.001,57,860,1004,942.7368421052631,45.3716896926256155.221850000000002,0.5191152653061231
ENSGT00390000009763.Euteleostomi.002,54,539,682,588.5555555555555,39.7827433275618465.221850000000002,0.5191152653061231
ENSGT00560000076873.Euteleostomi.004,62,513,630,587.1451612903226,23.1494409337964245.221850000000002,0.5191152653061231
ENSGT00390000007443.Euteleostomi.001,62,298,379,323.8709677419355,12.6588061371763845.221850000000002,0.5191152653061231
ENSGT00390000016833.Euteleostomi.001,57,341,637,454.57894736842104,105.40753350828755.221850000000002,0.5191152653061231
ENSGT00440000038465.Euteleostomi.001,52,1018,1211,1076.5961538461538,48.38621567419785.221850000000002,0.5191152653061231
ENSGT00650000093178.Euteleostomi.001,53,497,924,794.0943396226415,93.849360505780645.221850000000002,0.5191152653061231
ENSGT00390000005655.Euteleostomi.001,58,386,560,449.3103448275862,52.9320010316286945.221850000000002,0.5191152653061231
ENSGT00390000015406.Euteleostomi.001,61,273,351,309.04918032786884,23.6603932268733285.221850000000002,0.5191152653061231
ENSGT00640000091061.Euteleostomi.004,59,259,304,281.59322033898303,8.9618321788760265.221850000000002,0.5191152653061231
ENSGT00560000076577.Euteleostomi.002,50,324,357,335.06,7.2433220476321695.221850000000002,0.5191152653061231
ENSGT00680000100005.Euteleostomi.001,54,577,639,611.4444444444445,12.2299765757758175.221850000000002,0.5191152653061231
ENSGT00440000034671.Euteleostomi.001,59,217,286,252.5084745762712,14.8780941509320215.221850000000002,0.5191152653061231
ENSGT00650000093182.Euteleostomi.003,52,1334,1558,1468.4423076923076,68.386276992132315.221850000000002,0.5191152653061231
ENSGT00680000099556.Euteleostomi.002,57,554,594,576.719298245614,12.2281209658675575.221850000000002,0.5191152653061231
ENSGT00530000063286.Euteleostomi.002,55,1243,2618,1692.6,531.53365107227435.221850000000002,0.5191152653061231
ENSGT00390000010947.Euteleostomi.003,50,416,513,468.48,17.703037903716085.221850000000002,0.5191152653061231
ENSGT00630000089574.Euteleostomi.001,54,287,731,333.68518518518516,56.287947057317025.221850000000002,0.5191152653061231
ENSGT00680000099981.Euteleostomi.001,50,1283,1605,1451.54,51.834197993531775.221850000000002,0.5191152653061231
ENSGT00660000095453.Euteleostomi.002,61,741,875,831.1639344262295,31.0248181986985225.221850000000002,0.5191152653061231
ENSGT00630000089895.Euteleostomi.001,53,410,446,434.62264150943395,9.4425925691361565.221850000000002,0.5191152653061231
ENSGT00600000084064.Euteleostomi.001,54,618,839,769.3148148148148,48.5968490608630365.221850000000002,0.5191152653061231
ENSGT00500000044808.Euteleostomi.002,55,373,433,408.2,13.3366662501041345.221850000000002,0.5191152653061231
ENSGT00530000063053.Euteleostomi.001,57,427,1048,764.1228070175439,228.83135322886025.221850000000002,0.5191152653061231
ENSGT00670000097978.Euteleostomi.002,52,610,714,642.9230769230769,32.711961087498955.221850000000002,0.5191152653061231
ENSGT00560000077023.Euteleostomi.004,52,894,987,958.6923076923077,23.6241306191637935.221850000000002,0.5191152653061231
ENSGT00670000097767.Euteleostomi.001,59,479,662,577.8644067796611,68.542827695692085.221850000000002,0.5191152653061231
ENSGT00390000000724.Euteleostomi.001,59,243,329,284,22.248595461286995.221850000000002,0.5191152653061231
ENSGT00670000097946.Euteleostomi.002,62,291,376,331.258064516129,20.749035516886455.221850000000002,0.5191152653061231
ENSGT00660000095470.Euteleostomi.001,61,1143,1213,1175.672131147541,11.9341545036021285.221850000000002,0.5191152653061231
ENSGT00530000063457.Euteleostomi.002,58,588,702,628.3275862068965,21.12650943930235.221850000000002,0.5191152653061231
ENSGT00670000097870.Euteleostomi.001,55,544,825,677.7454545454545,98.579206390901395.221850000000002,0.5191152653061231
ENSGT00670000097744.Euteleostomi.002,54,209,230,214,4.9678209793649845.221850000000002,0.5191152653061231
ENSGT00530000063813.Euteleostomi.001,57,220,319,241.26315789473685,29.5988213543024345.221850000000002,0.5191152653061231
ENSGT00390000018729.Euteleostomi.001,62,380,931,623.483870967742,247.829181119330975.221850000000002,0.5191152653061231
ENSGT00530000063352.Euteleostomi.001,52,517,603,555.8846153846154,22.8204018164636335.221850000000002,0.5191152653061231
ENSGT00390000006647.Euteleostomi.001,54,466,983,500.72222222222223,74.266581698854995.221850000000002,0.5191152653061231
ENSGT00670000097716.Euteleostomi.001,62,265,381,322.14516129032256,26.6826196112342235.221850000000002,0.5191152653061231
ENSGT00530000063264.Euteleostomi.002,62,262,408,348.85483870967744,34.458264979296265.221850000000002,0.5191152653061231
ENSGT00550000074856.Euteleostomi.001,52,274,406,316.4423076923077,23.8897906338862685.221850000000002,0.5191152653061231
ENSGT00680000099847.Euteleostomi.001,53,752,867,810.811320754717,27.728807988314795.221850000000002,0.5191152653061231
ENSGT00680000099658.Euteleostomi.002,58,417,726,552.8620689655172,81.975488051357895.221850000000002,0.5191152653061231
ENSGT00390000014093.Euteleostomi.001,58,417,544,466.3103448275862,35.655863372823615.221850000000002,0.5191152653061231
ENSGT00390000017673.Euteleostomi.002,50,284,334,312.94,8.8188342049668835.221850000000002,0.5191152653061231
ENSGT00530000063001.Euteleostomi.002,54,1109,1221,1192.8333333333333,25.6954221016338275.221850000000002,0.5191152653061231
ENSGT00510000046803.Euteleostomi.001,60,321,651,498.5833333333333,84.564746364449155.221850000000002,0.5191152653061231
ENSGT00510000046928.Euteleostomi.001,54,329,566,410.037037037037,65.306234486098795.221850000000002,0.5191152653061231
ENSGT00390000005295.Euteleostomi.002,51,361,498,424.7647058823529,38.0050461045867545.221850000000002,0.5191152653061231
ENSGT00680000099739.Euteleostomi.001,53,380,485,424.811320754717,18.371232323070085.221850000000002,0.5191152653061231
ENSGT00390000003721.Euteleostomi.001,50,451,484,475.84,6.8760453750684345.221850000000002,0.5191152653061231
ENSGT00560000076991.Euteleostomi.003,51,368,394,383.4117647058824,8.8185633083586485.221850000000002,0.5191152653061231
ENSGT00540000069900.Euteleostomi.003,55,268,332,298.9818181818182,11.8735481125544285.221850000000002,0.5191152653061231
ENSGT00550000074573.Euteleostomi.001,58,383,448,417.63793103448273,19.0149509743402665.221850000000002,0.5191152653061231
ENSGT00670000097555.Euteleostomi.001,60,1237,1485,1397.9,67.174122337879545.221850000000002,0.5191152653061231
ENSGT00680000099509.Euteleostomi.004,59,396,566,505.5593220338983,51.363569266633915.221850000000002,0.5191152653061231
ENSGT00680000099595.Euteleostomi.004,60,448,663,587.3666666666667,56.432640713093585.221850000000002,0.5191152653061231
ENSGT00650000092962.Euteleostomi.002,53,764,975,888.9811320754717,54.9494489949408455.221850000000002,0.5191152653061231
ENSGT00680000099592.Euteleostomi.002,59,1461,1630,1596.1016949152543,38.527506929221115.221850000000002,0.5191152653061231
ENSGT00390000009532.Euteleostomi.001,62,361,562,396.1774193548387,28.448702291731235.221850000000002,0.5191152653061231
ENSGT00620000087791.Euteleostomi.002,61,561,651,621.0491803278688,15.6102810454181095.221850000000002,0.5191152653061231
ENSGT00670000097819.Euteleostomi.001,59,562,697,613.1186440677966,40.202540984097325.221850000000002,0.5191152653061231
ENSGT00680000099647.Euteleostomi.004,62,603,708,635.8709677419355,26.0664245260586685.221850000000002,0.5191152653061231
ENSGT00520000055570.Euteleostomi.001,53,771,854,818.0377358490566,21.0721856996290675.221850000000002,0.5191152653061231
ENSGT00670000097932.Euteleostomi.001,56,756,808,781.8214285714286,14.7957083984845765.221850000000002,0.5191152653061231
ENSGT00530000063594.Euteleostomi.001,59,583,739,653.9491525423729,34.6666011029067255.221850000000002,0.5191152653061231
ENSGT00530000063753.Euteleostomi.001,57,722,889,833.3157894736842,56.6449335443215255.221850000000002,0.5191152653061231
ENSGT00530000063016.Euteleostomi.002,53,840,1817,1041.9245283018868,281.10344722297275.221850000000002,0.5191152653061231
ENSGT00610000085806.Euteleostomi.001,56,1680,1929,1852.107142857143,43.835095350821185.221850000000002,0.5191152653061231
ENSGT00490000043360.Euteleostomi.001,61,950,1310,1112.377049180328,79.271719197207235.221850000000002,0.5191152653061231
ENSGT00390000016292.Euteleostomi.001,51,318,351,337.4901960784314,9.6609990146353055.221850000000002,0.5191152653061231
ENSGT00390000004311.Euteleostomi.001,54,1123,1211,1161.462962962963,29.7091009262760935.221850000000002,0.5191152653061231
ENSGT00680000099764.Euteleostomi.002,61,836,1008,874.0491803278688,32.78283403933035.221850000000002,0.5191152653061231
ENSGT00680000099495.Euteleostomi.001,58,728,841,794.6034482758621,33.500950316540475.221850000000002,0.5191152653061231
ENSGT00390000011425.Euteleostomi.001,52,289,320,299.96153846153845,5.328287582996925.221850000000002,0.5191152653061231
ENSGT00530000063606.Euteleostomi.001,61,1592,1913,1768.8196721311476,121.728455752509695.221850000000002,0.5191152653061231
ENSGT00390000002740.Euteleostomi.001,57,570,692,620.6140350877193,29.294535318020445.221850000000002,0.5191152653061231
ENSGT00560000076796.Euteleostomi.002,51,581,885,744.2745098039215,96.79753683464735.221850000000002,0.5191152653061231
ENSGT00390000005717.Euteleostomi.001,54,204,257,217.94444444444446,13.5666303524308085.221850000000002,0.5191152653061231
ENSGT00550000074337.Euteleostomi.004,52,738,1228,841.0961538461538,176.50076482813625.221850000000002,0.5191152653061231
ENSGT00660000095474.Euteleostomi.001,62,442,1056,811.5,192.397194178784365.221850000000002,0.5191152653061231
ENSGT00640000091172.Euteleostomi.003,53,435,840,573.2830188679245,96.705217693631785.221850000000002,0.5191152653061231
ENSGT00390000001132.Euteleostomi.001,60,424,501,460.93333333333334,16.7452160298697135.221850000000002,0.5191152653061231
ENSGT00680000099630.Euteleostomi.001,60,1117,1963,1571.85,244.32583308333245.221850000000002,0.5191152653061231
ENSGT00680000099919.Euteleostomi.001,62,616,717,693.0483870967741,20.740731621029395.221850000000002,0.5191152653061231
ENSGT00650000093115.Euteleostomi.003,53,459,651,569.0566037735849,38.167855532321165.221850000000002,0.5191152653061231
ENSGT00680000099564.Euteleostomi.004,62,971,1116,1044.741935483871,36.724466086074625.221850000000002,0.5191152653061231
ENSGT00510000046443.Euteleostomi.002,61,856,1241,1031.2459016393443,97.7646247776955.221850000000002,0.5191152653061231
ENSGT00660000095182.Euteleostomi.003,61,567,670,608.2131147540983,32.358468625744315.221850000000002,0.5191152653061231
ENSGT00390000001046.Euteleostomi.005,54,408,483,431.1296296296296,22.371685521385845.221850000000002,0.5191152653061231
ENSGT00390000017273.Euteleostomi.001,55,455,727,613.4,106.506059643293265.221850000000002,0.5191152653061231
ENSGT00680000099531.Euteleostomi.001,60,662,851,753.7666666666667,38.627454303755265.221850000000002,0.5191152653061231
ENSGT00680000099589.Euteleostomi.004,52,523,875,680.2884615384615,115.355773041739515.221850000000002,0.5191152653061231
ENSGT00530000063026.Euteleostomi.001,60,945,1240,1125.15,80.572911501301795.221850000000002,0.5191152653061231
ENSGT00680000099656.Euteleostomi.003,56,316,559,477.44642857142856,82.791066633337415.221850000000002,0.5191152653061231
ENSGT00440000039028.Euteleostomi.001,58,343,662,512.8965517241379,107.643285113406175.221850000000002,0.5191152653061231
ENSGT00660000095363.Euteleostomi.001,57,1140,1280,1208.719298245614,39.438810827644735.221850000000002,0.5191152653061231
ENSGT00530000063676.Euteleostomi.002,53,1039,1276,1126.7924528301887,80.765653041225495.221850000000002,0.5191152653061231
ENSGT00390000005434.Euteleostomi.001,56,259,386,301.82142857142856,28.0305723632784025.221850000000002,0.5191152653061231
ENSGT00660000095258.Euteleostomi.005,53,272,334,323.24528301886795,13.6718487585275855.221850000000002,0.5191152653061231
ENSGT00670000097694.Euteleostomi.001,56,764,1027,833.1428571428571,67.946350111735175.221850000000002,0.5191152653061231
ENSGT00680000099667.Euteleostomi.003,59,361,420,395.08474576271186,12.6153821481790165.221850000000002,0.5191152653061231
ENSGT00530000063203.Euteleostomi.001,56,466,1283,752.75,335.689263781524355.221850000000002,0.5191152653061231
ENSGT00390000016421.Euteleostomi.001,57,2200,2477,2359.40350877193,92.126244835381585.221850000000002,0.5191152653061231
ENSGT00530000063991.Euteleostomi.001,60,358,428,395.9166666666667,24.6578564965742655.221850000000002,0.5191152653061231
ENSGT00390000017920.Euteleostomi.002,51,348,578,468.7843137254902,41.985861299008835.221850000000002,0.5191152653061231
ENSGT00680000099916.Euteleostomi.001,56,1263,1615,1470.6607142857142,102.682082492200485.221850000000002,0.5191152653061231
ENSGT00670000097845.Euteleostomi.001,53,799,962,881.0754716981132,31.306701824052715.221850000000002,0.5191152653061231
ENSGT00680000099788.Euteleostomi.001,54,1918,1950,1937.2037037037037,5.7801861614912945.221850000000002,0.5191152653061231
ENSGT00680000099558.Euteleostomi.003,57,1077,1308,1210.6491228070176,60.721404565697245.221850000000002,0.5191152653061231
ENSGT00640000091312.Euteleostomi.002,50,797,886,861.56,16.220621795374295.221850000000002,0.5191152653061231
ENSGT00530000063150.Euteleostomi.002,59,243,535,319.8135593220339,45.226813292128775.221850000000002,0.5191152653061231
ENSGT00390000001586.Euteleostomi.001,60,330,415,372.4,16.5889487412247765.221850000000002,0.5191152653061231
ENSGT00670000097752.Euteleostomi.001,55,2124,2355,2249.072727272727,47.6600051854392255.221850000000002,0.5191152653061231
ENSGT00680000099571.Euteleostomi.001,57,236,325,264.1578947368421,28.760581576727185.221850000000002,0.5191152653061231
ENSGT00390000016529.Euteleostomi.002,59,438,677,593.5593220338983,72.92326415283985.221850000000002,0.5191152653061231
ENSGT00600000084313.Euteleostomi.001,53,1875,2244,2035.433962264151,112.151770354345875.221850000000002,0.5191152653061231
ENSGT00390000010091.Euteleostomi.001,56,756,979,814.3928571428571,39.33523914966125.221850000000002,0.5191152653061231
ENSGT00550000074396.Euteleostomi.004,56,976,1132,1049.2857142857142,36.0200521355002445.221850000000002,0.5191152653061231
ENSGT00550000074552.Euteleostomi.001,53,1010,1229,1136.4716981132076,46.558732046236685.221850000000002,0.5191152653061231
ENSGT00390000009905.Euteleostomi.001,53,488,594,519.6603773584906,19.584082426048125.221850000000002,0.5191152653061231
ENSGT00550000074542.Euteleostomi.005,62,2524,2562,2544.5806451612902,6.0882805645503175.221850000000002,0.5191152653061231
ENSGT00650000093200.Euteleostomi.001,60,1044,1558,1281.1333333333334,201.031110389991065.221850000000002,0.5191152653061231
ENSGT00680000099774.Euteleostomi.002,58,609,787,680.0862068965517,33.225061605560415.221850000000002,0.5191152653061231
ENSGT00390000010157.Euteleostomi.001,60,299,331,309.1666666666667,5.9551051070621925.221850000000002,0.5191152653061231
ENSGT00530000063970.Euteleostomi.001,54,235,388,298.98148148148147,41.9314313327467765.221850000000002,0.5191152653061231
ENSGT00670000097790.Euteleostomi.002,61,1838,2254,2103.7868852459014,95.547390467435655.221850000000002,0.5191152653061231
ENSGT00610000085982.Euteleostomi.002,50,519,546,528.54,3.4946606503671415.221850000000002,0.5191152653061231
ENSGT00390000017365.Euteleostomi.001,61,901,945,918.0327868852459,6.3481420198216375.221850000000002,0.5191152653061231
ENSGT00390000008456.Euteleostomi.001,54,292,328,298.9259259259259,5.2155495083121195.221850000000002,0.5191152653061231
ENSGT00390000002812.Euteleostomi.004,57,781,851,822.561403508772,14.3626717866882395.221850000000002,0.5191152653061231
ENSGT00390000010600.Euteleostomi.001,62,212,357,260.0806451612903,42.268966404306825.221850000000002,0.5191152653061231
ENSGT00390000008164.Euteleostomi.001,56,383,455,440.51785714285717,15.6681391497390145.221850000000002,0.5191152653061231
ENSGT00550000074581.Euteleostomi.001,52,504,543,522.3076923076923,9.7830154169646045.221850000000002,0.5191152653061231
ENSGT00530000062937.Euteleostomi.003,53,569,680,629.4150943396227,29.8717991283418665.221850000000002,0.5191152653061231
ENSGT00390000003950.Euteleostomi.002,55,723,766,740.7272727272727,7.2990474910151315.221850000000002,0.5191152653061231
ENSGT00670000097698.Euteleostomi.001,53,1150,1706,1449.7924528301887,143.271978914039045.221850000000002,0.5191152653061231
ENSGT00560000076776.Euteleostomi.001,55,301,368,332.6,15.4375684134036645.221850000000002,0.5191152653061231
ENSGT00390000000948.Euteleostomi.003,62,287,383,322.2903225806452,23.700582476603855.221850000000002,0.5191152653061231
ENSGT00680000099657.Euteleostomi.004,61,327,445,382.9344262295082,26.3450620625947145.221850000000002,0.5191152653061231
ENSGT00600000084108.Euteleostomi.001,53,524,578,553.9433962264151,20.0541719181010985.221850000000002,0.5191152653061231
ENSGT00390000015700.Euteleostomi.001,54,454,536,480.0925925925926,14.685724705739735.221850000000002,0.5191152653061231
ENSGT00660000095522.Euteleostomi.001,56,405,812,447.89285714285717,72.240426499150895.221850000000002,0.5191152653061231
ENSGT00550000074410.Euteleostomi.003,60,882,1135,988.0833333333334,72.189555483490515.221850000000002,0.5191152653061231
ENSGT00390000001626.Euteleostomi.001,57,247,293,258.70175438596493,7.7941482451367275.221850000000002,0.5191152653061231
ENSGT00550000074350.Euteleostomi.001,59,1491,1559,1543.3728813559321,12.3998029810331865.221850000000002,0.5191152653061231
ENSGT00620000087973.Euteleostomi.001,61,460,713,594.5409836065573,72.334771207788175.221850000000002,0.5191152653061231
ENSGT00390000014213.Euteleostomi.001,55,395,457,428.7090909090909,19.0396007654151555.221850000000002,0.5191152653061231
ENSGT00660000095301.Euteleostomi.005,56,1551,1659,1601.732142857143,24.0011295729851185.221850000000002,0.5191152653061231
ENSGT00660000095174.Euteleostomi.001,53,548,719,626.3396226415094,32.895489167166525.221850000000002,0.5191152653061231
ENSGT00670000097660.Euteleostomi.004,54,535,603,569.7407407407408,24.1295131159858945.221850000000002,0.5191152653061231
ENSGT00630000089801.Euteleostomi.001,51,381,472,439.7843137254902,21.2059555082907745.221850000000002,0.5191152653061231
ENSGT00530000063170.Euteleostomi.001,55,650,840,745.7818181818182,56.8515581431121655.221850000000002,0.5191152653061231
ENSGT00530000063140.Euteleostomi.002,56,543,662,591.7678571428571,38.267000296447485.221850000000002,0.5191152653061231
ENSGT00680000099690.Euteleostomi.002,55,663,769,692.3636363636364,26.9102511352387065.221850000000002,0.5191152653061231
ENSGT00410000025615.Euteleostomi.001,60,237,301,268.03333333333336,16.1444398432744445.221850000000002,0.5191152653061231
ENSGT00550000074567.Euteleostomi.003,59,258,377,331.3050847457627,37.123398252820585.221850000000002,0.5191152653061231
ENSGT00530000063045.Euteleostomi.006,61,302,395,347.5409836065574,12.9596473337970695.221850000000002,0.5191152653061231
ENSGT00550000074311.Euteleostomi.002,60,315,380,350.65,17.767638645887855.221850000000002,0.5191152653061231
ENSGT00390000008279.Euteleostomi.001,62,309,355,332.2903225806452,9.8203320313373955.221850000000002,0.5191152653061231
ENSGT00530000063213.Euteleostomi.001,53,351,424,366.188679245283,14.1081763033595645.221850000000002,0.5191152653061231
ENSGT00530000063981.Euteleostomi.001,58,357,453,381.86206896551727,21.145650521919645.221850000000002,0.5191152653061231
ENSGT00510000046525.Euteleostomi.001,59,206,265,220.22033898305085,17.1163037790155.221850000000002,0.5191152653061231
ENSGT00670000097752.Euteleostomi.005,60,1609,1776,1695.6833333333334,28.833532542337865.221850000000002,0.5191152653061231
ENSGT00500000044813.Euteleostomi.002,52,479,658,594.75,34.579760032735465.221850000000002,0.5191152653061231
ENSGT00670000097546.Euteleostomi.005,57,1210,1359,1308.1754385964912,40.759802855534715.221850000000002,0.5191152653061231
ENSGT00550000074580.Euteleostomi.002,60,668,767,710.9166666666666,17.9587962175063645.221850000000002,0.5191152653061231
ENSGT00390000013146.Euteleostomi.005,61,271,336,287.8196721311475,11.4535412234547395.221850000000002,0.5191152653061231
ENSGT00680000099677.Euteleostomi.003,58,507,668,534.6896551724138,30.7298397165005535.221850000000002,0.5191152653061231
ENSGT00670000097575.Euteleostomi.002,50,534,639,596.14,29.689557017887075.221850000000002,0.5191152653061231
ENSGT00530000063039.Euteleostomi.001,59,1240,1776,1545.5084745762713,212.922065463929935.221850000000002,0.5191152653061231
ENSGT00680000099768.Euteleostomi.002,51,393,412,397.4313725490196,2.69261881417169275.221850000000002,0.5191152653061231
ENSGT00660000095190.Euteleostomi.004,54,591,784,715.2777777777778,56.614691295106895.221850000000002,0.5191152653061231
ENSGT00530000063847.Euteleostomi.001,56,340,492,420.76785714285717,43.999996310507525.221850000000002,0.5191152653061231
ENSGT00600000084242.Euteleostomi.003,59,654,781,686.3898305084746,32.882768230830295.221850000000002,0.5191152653061231
ENSGT00680000099536.Euteleostomi.003,61,554,703,590.6229508196722,25.0666870131297485.221850000000002,0.5191152653061231
ENSGT00660000095240.Euteleostomi.003,59,921,1044,978.2372881355932,37.374313040878975.221850000000002,0.5191152653061231
ENSGT00670000097702.Euteleostomi.001,54,723,999,856.1111111111111,85.550529406667075.221850000000002,0.5191152653061231
ENSGT00390000006494.Euteleostomi.001,56,203,257,222.91071428571428,13.918302908190925.221850000000002,0.5191152653061231
ENSGT00530000062893.Euteleostomi.003,60,490,576,546.9333333333333,24.2493170734986565.221850000000002,0.5191152653061231
ENSGT00530000063674.Euteleostomi.001,55,816,1215,1032.4363636363637,79.681719553335645.221850000000002,0.5191152653061231
ENSGT00410000025793.Euteleostomi.001,60,611,1167,873.15,191.997512784031225.221850000000002,0.5191152653061231
ENSGT00550000074786.Euteleostomi.001,53,605,692,649.6603773584906,20.4402914665979625.221850000000002,0.5191152653061231
ENSGT00600000084236.Euteleostomi.002,52,796,892,850.8653846153846,16.3910889781120455.221850000000002,0.5191152653061231
ENSGT00530000062961.Euteleostomi.002,60,385,775,538.6166666666667,77.877585745719685.221850000000002,0.5191152653061231
ENSGT00390000009391.Euteleostomi.001,50,1059,1221,1137.14,29.801390188091185.221850000000002,0.5191152653061231
ENSGT00550000074562.Euteleostomi.002,57,856,950,910.4912280701755,22.8395981380533365.221850000000002,0.5191152653061231
ENSGT00530000063395.Euteleostomi.001,62,294,435,350.5,39.928111630286955.221850000000002,0.5191152653061231
ENSGT00530000063079.Euteleostomi.001,51,374,557,485.29411764705884,53.20048650816915.221850000000002,0.5191152653061231
ENSGT00650000092921.Euteleostomi.002,62,360,406,368.7741935483871,9.34655078807455.221850000000002,0.5191152653061231
ENSGT00540000070221.Euteleostomi.001,59,777,1224,1052.3389830508474,94.584136996442355.221850000000002,0.5191152653061231
ENSGT00680000099960.Euteleostomi.001,60,670,839,775.1333333333333,48.236517099816655.221850000000002,0.5191152653061231
ENSGT00510000047351.Euteleostomi.001,54,206,247,229.16666666666666,7.5379542793108755.221850000000002,0.5191152653061231
ENSGT00640000091135.Euteleostomi.003,57,566,756,685.5087719298245,69.162624817738085.221850000000002,0.5191152653061231
ENSGT00550000074773.Euteleostomi.001,54,1067,1121,1096.7962962962963,14.7831873265948175.221850000000002,0.5191152653061231
ENSGT00680000099762.Euteleostomi.001,56,915,1026,996.125,30.1113463966356365.221850000000002,0.5191152653061231
ENSGT00410000025758.Euteleostomi.001,57,1198,1955,1475.7368421052631,151.286096792490385.221850000000002,0.5191152653061231
ENSGT00660000095153.Euteleostomi.002,62,971,1120,1064.1774193548388,33.623042544546835.221850000000002,0.5191152653061231
ENSGT00450000040408.Euteleostomi.001,55,349,910,553.9090909090909,130.551575267071375.221850000000002,0.5191152653061231
ENSGT00390000012305.Euteleostomi.001,52,245,434,332.63461538461536,49.441599078680835.221850000000002,0.5191152653061231
ENSGT00650000093021.Euteleostomi.001,61,587,1120,929.311475409836,179.65416230298395.221850000000002,0.5191152653061231
ENSGT00390000015510.Euteleostomi.001,56,497,619,565.4107142857143,27.97126888642855.221850000000002,0.5191152653061231
ENSGT00390000006046.Euteleostomi.001,51,603,862,694.2352941176471,60.2629532085157965.221850000000002,0.5191152653061231
ENSGT00550000074456.Euteleostomi.004,62,204,240,217.29032258064515,6.231561909237695.221850000000002,0.5191152653061231
ENSGT00680000099911.Euteleostomi.001,51,278,408,340.01960784313724,25.947246633181285.221850000000002,0.5191152653061231
ENSGT00670000097842.Euteleostomi.001,50,272,314,294.78,6.4816538579820725.221850000000002,0.5191152653061231
ENSGT00670000097514.Euteleostomi.004,52,682,759,717.1346153846154,22.0374270286993555.221850000000002,0.5191152653061231
ENSGT00390000007586.Euteleostomi.001,60,495,579,560.25,20.4132102458768835.221850000000002,0.5191152653061231
ENSGT00660000095461.Euteleostomi.002,53,239,318,255.54716981132074,13.8433072384287075.221850000000002,0.5191152653061231
ENSGT00640000091200.Euteleostomi.002,59,1443,1552,1514.4915254237287,22.7856374010229145.221850000000002,0.5191152653061231
ENSGT00580000081366.Euteleostomi.002,59,476,587,489.5762711864407,20.3352957888923175.221850000000002,0.5191152653061231
ENSGT00680000099804.Euteleostomi.001,53,660,886,709.0943396226415,40.3152310170655145.221850000000002,0.5191152653061231
ENSGT00400000022032.Euteleostomi.001,61,233,406,318.0655737704918,45.988356806355175.221850000000002,0.5191152653061231
ENSGT00390000015092.Euteleostomi.002,60,570,690,653.4166666666666,30.5565836156447125.221850000000002,0.5191152653061231
ENSGT00620000087753.Euteleostomi.003,51,598,655,621.4705882352941,12.1825333017012045.221850000000002,0.5191152653061231
ENSGT00530000063047.Euteleostomi.003,57,421,478,457.82456140350877,15.9195778019859465.221850000000002,0.5191152653061231
ENSGT00550000074304.Euteleostomi.005,61,479,636,522.9508196721312,28.6254119210584155.221850000000002,0.5191152653061231
ENSGT00390000005703.Euteleostomi.001,62,431,916,547.9193548387096,77.98135514593615.221850000000002,0.5191152653061231
ENSGT00550000074337.Euteleostomi.002,57,783,799,789.8947368421053,3.94010610139188575.221850000000002,0.5191152653061231
ENSGT00530000062893.Euteleostomi.001,62,480,571,537.5322580645161,24.1550441000072425.221850000000002,0.5191152653061231
ENSGT00680000099867.Euteleostomi.002,60,240,307,251.4,17.3148314987616455.221850000000002,0.5191152653061231
ENSGT00530000063002.Euteleostomi.002,54,481,536,505,12.0892904422148125.221850000000002,0.5191152653061231
ENSGT00530000063776.Euteleostomi.001,62,789,1172,972.1935483870968,71.587121909377745.221850000000002,0.5191152653061231
ENSGT00390000017581.Euteleostomi.001,52,228,257,235.84615384615384,9.038880321481385.221850000000002,0.5191152653061231
ENSGT00610000085802.Euteleostomi.005,52,404,476,436.21153846153845,20.10983228297725.221850000000002,0.5191152653061231
ENSGT00510000046989.Euteleostomi.001,57,213,296,253.3859649122807,18.663136302390445.221850000000002,0.5191152653061231
ENSGT00520000055542.Euteleostomi.003,61,276,369,334.24590163934425,19.136053004477285.221850000000002,0.5191152653061231
ENSGT00440000033589.Euteleostomi.001,55,366,560,439.27272727272725,34.409007512275015.221850000000002,0.5191152653061231
ENSGT00660000095090.Euteleostomi.003,61,709,956,849.5573770491803,64.16970328490025.221850000000002,0.5191152653061231
ENSGT00680000099536.Euteleostomi.001,58,233,608,317.7586206896552,65.645595607211385.221850000000002,0.5191152653061231
ENSGT00550000074509.Euteleostomi.005,59,1191,1325,1265.5084745762713,28.1806811310918025.221850000000002,0.5191152653061231
ENSGT00530000063036.Euteleostomi.003,62,397,521,445.7096774193548,17.9666239717821275.221850000000002,0.5191152653061231
ENSGT00390000008991.Euteleostomi.001,63,242,265,252.984126984127,4.3791738191642565.221850000000002,0.5191152653061231
ENSGT00550000074436.Euteleostomi.003,50,716,1010,839.62,91.360887893751855.221850000000002,0.5191152653061231
ENSGT00390000001390.Euteleostomi.001,53,253,320,285.8867924528302,21.112938411314095.221850000000002,0.5191152653061231
ENSGT00560000076776.Euteleostomi.003,61,292,387,314.0163934426229,11.4898387039428425.221850000000002,0.5191152653061231
ENSGT00670000097927.Euteleostomi.002,59,455,563,506.0508474576271,35.549588352441635.221850000000002,0.5191152653061231
ENSGT00530000063342.Euteleostomi.001,52,1009,1634,1098.3076923076924,100.922517058742135.221850000000002,0.5191152653061231
ENSGT00410000025651.Euteleostomi.001,58,869,946,899.3448275862069,13.6671609548670795.221850000000002,0.5191152653061231
ENSGT00390000002174.Euteleostomi.001,57,383,482,425.63157894736844,23.1143365985480435.221850000000002,0.5191152653061231
ENSGT00680000099525.Euteleostomi.001,53,1255,1473,1371.867924528302,68.941457253976645.221850000000002,0.5191152653061231
ENSGT00640000091425.Euteleostomi.003,62,541,640,588.2741935483871,14.5153049298947415.221850000000002,0.5191152653061231
ENSGT00560000076845.Euteleostomi.006,54,299,322,314.44444444444446,8.2339991582684045.221850000000002,0.5191152653061231
ENSGT00510000046704.Euteleostomi.001,52,764,991,853.0961538461538,77.149526224609765.221850000000002,0.5191152653061231
ENSGT00650000093424.Euteleostomi.001,54,224,669,320.6111111111111,103.12703590519415.221850000000002,0.5191152653061231
ENSGT00390000018612.Euteleostomi.001,61,682,738,713.655737704918,16.4254733527952875.221850000000002,0.5191152653061231
ENSGT00550000074310.Euteleostomi.003,55,424,776,574.6181818181818,146.208817045410035.221850000000002,0.5191152653061231
ENSGT00680000099836.Euteleostomi.005,58,532,886,706.448275862069,143.45818785849025.221850000000002,0.5191152653061231
ENSGT00680000099559.Euteleostomi.006,58,460,488,478.5344827586207,5.6419964030454875.221850000000002,0.5191152653061231
ENSGT00680000099726.Euteleostomi.003,51,235,259,237.47058823529412,3.113537802413655.221850000000002,0.5191152653061231
ENSGT00670000097753.Euteleostomi.004,51,547,673,619.7647058823529,35.8092659714181355.221850000000002,0.5191152653061231
ENSGT00390000009222.Euteleostomi.001,56,550,587,571.5178571428571,8.1997584696769545.221850000000002,0.5191152653061231
ENSGT00620000088023.Euteleostomi.001,58,312,437,384.63793103448273,35.740143175997135.221850000000002,0.5191152653061231
ENSGT00680000099831.Euteleostomi.003,53,372,664,498.47169811320754,97.186300825861275.221850000000002,0.5191152653061231
ENSGT00530000063788.Euteleostomi.001,62,762,873,829.9516129032259,18.0912327461101765.221850000000002,0.5191152653061231
ENSGT00530000063333.Euteleostomi.001,58,287,844,476.5,242.56178449674555.221850000000002,0.5191152653061231
ENSGT00550000074339.Euteleostomi.001,56,569,1078,841.75,144.617772075219025.221850000000002,0.5191152653061231
ENSGT00530000062977.Euteleostomi.001,59,437,550,512.8135593220339,19.9960983920839655.221850000000002,0.5191152653061231
ENSGT00550000074318.Euteleostomi.005,57,616,694,664.0175438596491,21.899519913255585.221850000000002,0.5191152653061231
ENSGT00660000095322.Euteleostomi.004,50,837,931,879.56,26.1261929714926785.221850000000002,0.5191152653061231
ENSGT00670000097765.Euteleostomi.002,62,492,1522,608.258064516129,134.452250709248665.221850000000002,0.5191152653061231
ENSGT00680000099723.Euteleostomi.002,50,468,484,472.68,2.64528845693776135.221850000000002,0.5191152653061231
ENSGT00670000097746.Euteleostomi.001,52,348,416,380.1923076923077,13.8408863786466485.221850000000002,0.5191152653061231
ENSGT00590000082809.Euteleostomi.003,61,751,1101,941.672131147541,61.060549542093985.221850000000002,0.5191152653061231
ENSGT00530000063116.Euteleostomi.001,56,286,442,358.92857142857144,52.565061726261815.221850000000002,0.5191152653061231
ENSGT00390000017671.Euteleostomi.001,60,380,475,402.6,15.112235473845335.221850000000002,0.5191152653061231
ENSGT00390000008565.Euteleostomi.001,61,580,667,605.7704918032787,20.785727028117925.221850000000002,0.5191152653061231
ENSGT00550000074434.Euteleostomi.004,51,255,394,329.52941176470586,31.317952002758085.221850000000002,0.5191152653061231
ENSGT00390000016313.Euteleostomi.001,52,859,1010,875.9038461538462,21.0836425912849245.221850000000002,0.5191152653061231
ENSGT00530000063531.Euteleostomi.001,53,885,1164,1055.0566037735848,69.992696073436465.221850000000002,0.5191152653061231
ENSGT00660000095193.Euteleostomi.002,53,746,1565,1272.9245283018868,275.38405692753785.221850000000002,0.5191152653061231
ENSGT00550000074505.Euteleostomi.001,57,406,532,456.5964912280702,31.082757995575765.221850000000002,0.5191152653061231
ENSGT00610000085813.Euteleostomi.002,55,377,492,429.1818181818182,22.797897002664695.221850000000002,0.5191152653061231
ENSGT00640000091262.Euteleostomi.002,53,255,435,277.4339622641509,25.5978585597448465.221850000000002,0.5191152653061231
ENSGT00530000062941.Euteleostomi.002,52,567,774,670.75,92.058991104276475.221850000000002,0.5191152653061231
ENSGT00560000076796.Euteleostomi.001,58,589,734,679.6034482758621,27.8737376585681675.221850000000002,0.5191152653061231
ENSGT00640000091572.Euteleostomi.001,59,299,433,392.03389830508473,39.479792343763935.221850000000002,0.5191152653061231
ENSGT00680000099996.Euteleostomi.002,52,362,399,375.5192307692308,7.3444400328875825.221850000000002,0.5191152653061231
ENSGT00640000091186.Euteleostomi.001,61,941,1075,977.1147540983607,15.541448195771785.221850000000002,0.5191152653061231
ENSGT00390000007681.Euteleostomi.001,57,290,362,304.89473684210526,20.5449717610332635.221850000000002,0.5191152653061231
ENSGT00530000063868.Euteleostomi.001,60,341,384,356.18333333333334,11.982319838018225.221850000000002,0.5191152653061231
ENSGT00680000099580.Euteleostomi.002,52,1285,1427,1350.0384615384614,42.918966755860385.221850000000002,0.5191152653061231
ENSGT00450000040316.Euteleostomi.001,52,581,847,735.2307692307693,96.075667765837485.221850000000002,0.5191152653061231
ENSGT00390000004600.Euteleostomi.001,58,1460,1558,1524.2758620689656,24.1099768993233255.221850000000002,0.5191152653061231
ENSGT00620000087815.Euteleostomi.001,57,328,375,334.3333333333333,7.9492437495950635.221850000000002,0.5191152653061231
ENSGT00550000074412.Euteleostomi.003,60,478,665,582.9833333333333,46.31780111970965.221850000000002,0.5191152653061231
ENSGT00530000063103.Euteleostomi.001,58,366,528,438.7586206896552,27.5224376373663945.221850000000002,0.5191152653061231
ENSGT00660000095375.Euteleostomi.003,56,314,405,376.75,16.7855457300185945.221850000000002,0.5191152653061231
ENSGT00530000063035.Euteleostomi.002,51,223,281,245.84313725490196,12.564032074170475.221850000000002,0.5191152653061231
ENSGT00630000089521.Euteleostomi.005,50,232,265,250.68,7.2208315423686015.221850000000002,0.5191152653061231
ENSGT00680000099842.Euteleostomi.001,52,204,243,223.17307692307693,9.9857175532252235.221850000000002,0.5191152653061231
ENSGT00440000038338.Euteleostomi.001,51,911,1136,1060.8431372549019,50.410464210923355.221850000000002,0.5191152653061231
ENSGT00680000099588.Euteleostomi.004,58,647,962,806.8620689655172,107.091279032268025.221850000000002,0.5191152653061231
ENSGT00390000011747.Euteleostomi.001,51,213,303,227.90196078431373,17.318492892813495.221850000000002,0.5191152653061231
ENSGT00550000074417.Euteleostomi.002,58,812,1558,1011.8965517241379,133.796085964723725.221850000000002,0.5191152653061231
ENSGT00570000079101.Euteleostomi.001,53,515,707,587.6415094339623,37.3373881186666245.221850000000002,0.5191152653061231
ENSGT00680000099519.Euteleostomi.003,58,1151,1797,1402.9655172413793,201.3708253853935.221850000000002,0.5191152653061231
ENSGT00530000063369.Euteleostomi.001,55,980,1433,1231.4363636363637,200.93851682066225.221850000000002,0.5191152653061231
ENSGT00670000097819.Euteleostomi.002,51,899,1039,941.6862745098039,20.0574078046774855.221850000000002,0.5191152653061231
ENSGT00680000099585.Euteleostomi.003,57,348,479,404.05263157894734,45.80643320875655.221850000000002,0.5191152653061231
ENSGT00390000009278.Euteleostomi.001,50,231,286,251.46,9.5109174647038215.221850000000002,0.5191152653061231
ENSGT00410000025596.Euteleostomi.001,51,526,581,550.9607843137255,19.188497371408455.221850000000002,0.5191152653061231
ENSGT00560000076769.Euteleostomi.002,62,422,481,449.56451612903226,13.0680701696444825.221850000000002,0.5191152653061231
ENSGT00390000008002.Euteleostomi.001,58,308,359,334.5689655172414,14.291590054276395.221850000000002,0.5191152653061231
ENSGT00660000095560.Euteleostomi.001,53,791,1229,1064.6415094339623,142.02763738897155.221850000000002,0.5191152653061231
ENSGT00530000063816.Euteleostomi.001,61,265,320,281.0983606557377,13.726743869824325.221850000000002,0.5191152653061231
ENSGT00680000099562.Euteleostomi.002,55,1104,1819,1428.6181818181817,206.453428602719475.221850000000002,0.5191152653061231
ENSGT00520000055580.Euteleostomi.001,51,1527,2135,1921.450980392157,208.785278573513445.221850000000002,0.5191152653061231
ENSGT00390000003140.Euteleostomi.001,52,1132,1362,1255.4807692307693,67.643961336390065.221850000000002,0.5191152653061231
ENSGT00390000011821.Euteleostomi.001,55,325,791,624.0181818181818,141.99015235925125.221850000000002,0.5191152653061231
ENSGT00680000099788.Euteleostomi.002,60,1911,1945,1936.65,5.4018985990646175.221850000000002,0.5191152653061231
ENSGT00440000037877.Euteleostomi.001,60,525,753,618.6833333333333,43.8381041849561945.221850000000002,0.5191152653061231
ENSGT00680000099997.Euteleostomi.001,52,263,313,298.09615384615387,10.8325211437046575.221850000000002,0.5191152653061231
ENSGT00390000016025.Euteleostomi.001,59,599,664,640.6271186440678,22.6676880048601535.221850000000002,0.5191152653061231
ENSGT00390000009331.Euteleostomi.001,60,282,295,286.1,2.83859597664832645.221850000000002,0.5191152653061231
ENSGT00560000076828.Euteleostomi.003,56,257,341,305.0357142857143,19.645924199750385.221850000000002,0.5191152653061231
ENSGT00390000016402.Euteleostomi.001,56,235,297,266.73214285714283,26.869036638296695.221850000000002,0.5191152653061231
ENSGT00530000064012.Euteleostomi.001,60,401,506,464.96666666666664,26.2148661838955025.221850000000002,0.5191152653061231
ENSGT00680000099523.Euteleostomi.001,61,397,575,450.42622950819674,33.565587048043435.221850000000002,0.5191152653061231
ENSGT00610000085723.Euteleostomi.006,51,2636,2746,2677.549019607843,25.2383150986671055.221850000000002,0.5191152653061231
ENSGT00670000097546.Euteleostomi.002,50,1135,1372,1279.26,70.381992710914235.221850000000002,0.5191152653061231
ENSGT00620000087922.Euteleostomi.001,56,544,1231,780.7678571428571,97.610355462453345.221850000000002,0.5191152653061231
ENSGT00390000005767.Euteleostomi.001,55,366,442,401.56363636363636,17.8447664662693275.221850000000002,0.5191152653061231
ENSGT00550000074769.Euteleostomi.001,58,310,376,334.55172413793105,27.856255345747345.221850000000002,0.5191152653061231
ENSGT00660000095190.Euteleostomi.003,53,612,835,711.3584905660377,53.865250086754115.221850000000002,0.5191152653061231
ENSGT00390000005092.Euteleostomi.001,63,202,218,204.73015873015873,2.81818031661904245.221850000000002,0.5191152653061231
ENSGT00550000074427.Euteleostomi.001,56,702,766,735.625,17.817828150478955.221850000000002,0.5191152653061231
ENSGT00550000074528.Euteleostomi.004,50,884,1091,1020.32,59.430439531078215.221850000000002,0.5191152653061231
ENSGT00550000074370.Euteleostomi.001,59,593,636,613.7796610169491,10.9040767393797135.221850000000002,0.5191152653061231
ENSGT00390000002143.Euteleostomi.001,60,803,890,821.9166666666666,13.1629831077072075.221850000000002,0.5191152653061231
ENSGT00660000095114.Euteleostomi.001,62,988,1199,1141.5806451612902,53.226564422595245.221850000000002,0.5191152653061231
ENSGT00680000099777.Euteleostomi.001,55,1172,1491,1339.8181818181818,112.012415136810385.221850000000002,0.5191152653061231
ENSGT00550000074341.Euteleostomi.001,62,483,671,576.6129032258065,35.8125149105726665.221850000000002,0.5191152653061231
ENSGT00560000076949.Euteleostomi.002,58,1414,1702,1550.9827586206898,70.394001782775125.221850000000002,0.5191152653061231
ENSGT00530000063238.Euteleostomi.003,51,734,899,826.7058823529412,46.5430098372025.221850000000002,0.5191152653061231
ENSGT00680000099811.Euteleostomi.001,55,488,544,499.4727272727273,11.2774020935585165.221850000000002,0.5191152653061231
ENSGT00390000009798.Euteleostomi.002,60,409,529,477.28333333333336,32.2480280131121055.221850000000002,0.5191152653061231
ENSGT00570000079047.Euteleostomi.001,53,416,464,438.75471698113205,12.4574748342223445.221850000000002,0.5191152653061231
ENSGT00640000091300.Euteleostomi.002,60,1346,1477,1422.75,32.243577733941785.221850000000002,0.5191152653061231
ENSGT00550000074287.Euteleostomi.001,53,721,1024,810.433962264151,81.483719335158345.221850000000002,0.5191152653061231
ENSGT00530000063211.Euteleostomi.001,56,682,946,825.5357142857143,103.772822556287355.221850000000002,0.5191152653061231
ENSGT00390000006208.Euteleostomi.001,62,284,347,321.64516129032256,16.0216009660252935.221850000000002,0.5191152653061231
ENSGT00620000087743.Euteleostomi.002,50,311,344,336.22,8.7278348999517825.221850000000002,0.5191152653061231
ENSGT00610000085810.Euteleostomi.001,51,352,631,467.6862745098039,103.680372336537915.221850000000002,0.5191152653061231
ENSGT00670000097683.Euteleostomi.002,60,200,344,303.1666666666667,40.70820792039855.221850000000002,0.5191152653061231
ENSGT00390000008162.Euteleostomi.001,52,238,271,247.82692307692307,8.5605597073889245.221850000000002,0.5191152653061231
ENSGT00600000084271.Euteleostomi.001,51,589,669,650.8627450980392,17.6737314767913535.221850000000002,0.5191152653061231
ENSGT00530000063863.Euteleostomi.001,51,893,1106,996.9803921568628,46.530201029472645.221850000000002,0.5191152653061231
ENSGT00510000046929.Euteleostomi.001,59,955,1067,1025.2033898305085,31.2005634680645235.221850000000002,0.5191152653061231
ENSGT00650000093176.Euteleostomi.001,59,788,991,906.9491525423729,51.293080708608045.221850000000002,0.5191152653061231
ENSGT00550000074532.Euteleostomi.003,58,678,797,736.4310344827586,20.7922995774418455.221850000000002,0.5191152653061231
ENSGT00680000099507.Euteleostomi.006,53,353,384,366.54716981132077,6.9850555796914615.221850000000002,0.5191152653061231
ENSGT00530000063774.Euteleostomi.001,53,512,873,642.5283018867924,150.047249452346855.221850000000002,0.5191152653061231
ENSGT00650000092966.Euteleostomi.001,55,1319,1557,1423.1272727272728,74.736587932267675.221850000000002,0.5191152653061231
ENSGT00560000077077.Euteleostomi.001,53,2107,2948,2653.0188679245284,231.057309787823135.221850000000002,0.5191152653061231
ENSGT00640000091159.Euteleostomi.007,52,216,257,219.17307692307693,5.6071423424832715.221850000000002,0.5191152653061231
ENSGT00390000018573.Euteleostomi.001,62,312,422,377.69354838709677,32.4939281640494645.221850000000002,0.5191152653061231
ENSGT00670000097758.Euteleostomi.001,52,346,441,408.9807692307692,23.831508542194345.221850000000002,0.5191152653061231
ENSGT00390000000455.Euteleostomi.001,50,732,922,857.26,67.728994785792285.221850000000002,0.5191152653061231
ENSGT00600000084336.Euteleostomi.002,50,732,854,799.64,19.888218233159955.221850000000002,0.5191152653061231
ENSGT00530000063812.Euteleostomi.001,62,1200,1397,1283.5967741935483,38.896019298797635.221850000000002,0.5191152653061231
ENSGT00550000074468.Euteleostomi.003,54,789,1313,1006.2777777777778,156.189944433495365.221850000000002,0.5191152653061231
ENSGT00680000099558.Euteleostomi.002,55,710,996,799.6181818181818,45.8316124562152045.221850000000002,0.5191152653061231
ENSGT00680000099709.Euteleostomi.003,58,1043,1346,1185.5,52.185986557527655.221850000000002,0.5191152653061231
ENSGT00550000074287.Euteleostomi.003,51,667,1311,994.2352941176471,279.71003473134785.221850000000002,0.5191152653061231
ENSGT00550000074470.Euteleostomi.001,52,384,595,481.3269230769231,70.639299497405575.221850000000002,0.5191152653061231
ENSGT00390000017146.Euteleostomi.001,52,393,510,461.8076923076923,24.9808071122992425.221850000000002,0.5191152653061231
ENSGT00650000092896.Euteleostomi.007,52,1923,2000,1946.5576923076924,15.1959920690388825.221850000000002,0.5191152653061231
ENSGT00630000089684.Euteleostomi.002,52,1191,1381,1258.9615384615386,53.37435733679745.221850000000002,0.5191152653061231
ENSGT00560000076932.Euteleostomi.001,57,395,424,416.4736842105263,7.5571755474938585.221850000000002,0.5191152653061231
ENSGT00600000084077.Euteleostomi.002,62,275,329,299.0967741935484,12.719817605429285.221850000000002,0.5191152653061231
ENSGT00390000005730.Euteleostomi.001,61,305,334,309.8688524590164,4.3107439800111295.221850000000002,0.5191152653061231
ENSGT00650000093105.Euteleostomi.006,55,457,525,501.58181818181816,14.3819471574750295.221850000000002,0.5191152653061231
ENSGT00530000063444.Euteleostomi.001,53,346,668,489.41509433962267,43.565350541220155.221850000000002,0.5191152653061231
ENSGT00530000063148.Euteleostomi.001,50,1204,1448,1327.38,70.345180999098435.221850000000002,0.5191152653061231
ENSGT00530000063734.Euteleostomi.001,55,321,399,365.8545454545455,17.4932983801079735.221850000000002,0.5191152653061231
ENSGT00680000099849.Euteleostomi.001,57,311,459,374.3859649122807,22.6248554738595545.221850000000002,0.5191152653061231
ENSGT00660000095431.Euteleostomi.001,56,2506,2716,2609.9285714285716,50.5600838401409055.221850000000002,0.5191152653061231
ENSGT00680000099962.Euteleostomi.001,61,454,589,519.344262295082,21.6108655124389065.221850000000002,0.5191152653061231
ENSGT00530000063497.Euteleostomi.001,52,638,868,764.0192307692307,84.77339815467355.221850000000002,0.5191152653061231
ENSGT00630000089876.Euteleostomi.001,62,296,414,351.53225806451616,19.9603851452176575.221850000000002,0.5191152653061231
ENSGT00680000099599.Euteleostomi.001,60,744,1220,973.95,157.780089934253175.221850000000002,0.5191152653061231
ENSGT00550000074588.Euteleostomi.001,58,970,1701,1466.7931034482758,184.500345515835825.221850000000002,0.5191152653061231
ENSGT00660000095218.Euteleostomi.008,62,1022,1173,1105.0806451612902,30.9019063484825485.221850000000002,0.5191152653061231
ENSGT00530000063109.Euteleostomi.002,54,1396,1548,1443.2407407407406,33.4815833269942545.221850000000002,0.5191152653061231
ENSGT00530000062904.Euteleostomi.001,59,962,1144,1071.2203389830509,48.0283923918464955.221850000000002,0.5191152653061231
ENSGT00390000009595.Euteleostomi.001,62,817,1310,907.9516129032259,74.907249188329265.221850000000002,0.5191152653061231
ENSGT00530000063841.Euteleostomi.001,55,272,456,337.72727272727275,55.422102338412135.221850000000002,0.5191152653061231
ENSGT00530000063264.Euteleostomi.001,52,314,318,317.28846153846155,1.17717738949354695.221850000000002,0.5191152653061231
ENSGT00530000062787.Euteleostomi.002,56,695,891,800.6607142857143,61.1345094586784655.221850000000002,0.5191152653061231
ENSGT00390000013549.Euteleostomi.001,51,683,865,771.7058823529412,39.6415408972189455.221850000000002,0.5191152653061231
ENSGT00510000047125.Euteleostomi.001,60,342,1052,403.81666666666666,87.235798060640435.221850000000002,0.5191152653061231
ENSGT00680000099879.Euteleostomi.002,51,452,534,476.27450980392155,20.661150433964275.221850000000002,0.5191152653061231
ENSGT00560000076896.Euteleostomi.001,56,1672,1839,1773.3392857142858,50.589354534405685.221850000000002,0.5191152653061231
ENSGT00530000063215.Euteleostomi.001,53,655,942,788.5849056603773,93.51273750389145.221850000000002,0.5191152653061231
ENSGT00530000063830.Euteleostomi.001,62,389,960,585.1612903225806,130.042010053042655.221850000000002,0.5191152653061231
ENSGT00390000008958.Euteleostomi.003,55,398,582,485.1454545454545,49.864044116205585.221850000000002,0.5191152653061231
ENSGT00530000063892.Euteleostomi.001,57,240,335,288.8070175438597,20.4262074275839755.221850000000002,0.5191152653061231
ENSGT00680000099570.Euteleostomi.003,62,784,908,866.483870967742,28.0448948836015085.221850000000002,0.5191152653061231
ENSGT00680000099889.Euteleostomi.001,59,463,538,493.5762711864407,19.858294011033235.221850000000002,0.5191152653061231
ENSGT00550000074396.Euteleostomi.001,62,1091,1336,1233.6774193548388,71.721861265551585.221850000000002,0.5191152653061231
ENSGT00530000063727.Euteleostomi.001,55,536,820,621.0363636363636,73.234014470195995.221850000000002,0.5191152653061231
ENSGT00650000093248.Euteleostomi.002,62,678,795,754.6451612903226,23.7508217453652835.221850000000002,0.5191152653061231
ENSGT00650000092935.Euteleostomi.001,53,705,845,761.0377358490566,40.5642710655908165.221850000000002,0.5191152653061231
ENSGT00680000099605.Euteleostomi.002,51,1041,1168,1110.9411764705883,40.225072661068445.221850000000002,0.5191152653061231
ENSGT00530000063239.Euteleostomi.002,52,258,381,288.09615384615387,26.9169089034577635.221850000000002,0.5191152653061231
ENSGT00550000074557.Euteleostomi.005,51,367,402,375.6078431372549,6.2131423011952625.221850000000002,0.5191152653061231
ENSGT00550000074476.Euteleostomi.004,51,439,520,472.54901960784315,12.4616431107461845.221850000000002,0.5191152653061231
ENSGT00630000089452.Euteleostomi.005,60,820,1040,948.6833333333333,50.406984876044565.221850000000002,0.5191152653061231
ENSGT00390000008527.Euteleostomi.001,57,226,288,245.87719298245614,23.3345774820471985.221850000000002,0.5191152653061231
ENSGT00680000099556.Euteleostomi.001,62,1214,1345,1319.2903225806451,19.5149266928846575.221850000000002,0.5191152653061231
ENSGT00530000063286.Euteleostomi.001,51,1324,2009,1620.235294117647,174.2601030913615.221850000000002,0.5191152653061231
ENSGT00640000091441.Euteleostomi.001,59,260,562,412.6779661016949,85.800980759197695.221850000000002,0.5191152653061231
ENSGT00490000043365.Euteleostomi.001,53,532,932,706.3584905660377,159.211530112472455.221850000000002,0.5191152653061231
ENSGT00550000074407.Euteleostomi.004,51,320,488,386.5098039215686,44.8242668870421645.221850000000002,0.5191152653061231
ENSGT00680000099537.Euteleostomi.005,61,1657,1858,1780.7704918032787,49.7159912042470045.221850000000002,0.5191152653061231
ENSGT00680000099585.Euteleostomi.001,60,366,498,441.01666666666665,27.89477301542215.221850000000002,0.5191152653061231
ENSGT00550000074753.Euteleostomi.001,61,215,261,244.31147540983608,14.3265964597394385.221850000000002,0.5191152653061231
ENSGT00680000099742.Euteleostomi.001,55,218,305,269.03636363636366,24.982930199374165.221850000000002,0.5191152653061231
ENSGT00580000081398.Euteleostomi.005,57,576,711,638.8070175438596,38.7314188614042865.221850000000002,0.5191152653061231
ENSGT00640000091251.Euteleostomi.002,59,623,698,660.4237288135594,11.9787216372666825.221850000000002,0.5191152653061231
ENSGT00530000063965.Euteleostomi.001,56,257,605,380.98214285714283,132.176808730706485.221850000000002,0.5191152653061231
ENSGT00550000074364.Euteleostomi.005,60,533,578,556.8666666666667,7.1008871889403025.221850000000002,0.5191152653061231
ENSGT00680000099640.Euteleostomi.003,51,423,789,598.5686274509804,146.017842047054075.221850000000002,0.5191152653061231
ENSGT00530000063187.Euteleostomi.001,53,675,762,738.0754716981132,20.2672994070248865.221850000000002,0.5191152653061231
ENSGT00550000074536.Euteleostomi.001,54,701,842,776.4444444444445,32.968633845066485.221850000000002,0.5191152653061231
ENSGT00530000063030.Euteleostomi.001,55,471,563,514.1090909090909,17.4554169956372725.221850000000002,0.5191152653061231
ENSGT00530000063244.Euteleostomi.002,52,438,689,580.5576923076923,64.454700147008085.221850000000002,0.5191152653061231
ENSGT00680000099502.Euteleostomi.003,62,368,442,400.0967741935484,17.9723920130150465.221850000000002,0.5191152653061231
ENSGT00680000099515.Euteleostomi.001,55,237,305,269.7090909090909,24.9708516943942955.221850000000002,0.5191152653061231
ENSGT00620000087828.Euteleostomi.003,60,740,1492,945.1666666666666,137.371223723691975.221850000000002,0.5191152653061231
ENSGT00680000099867.Euteleostomi.001,60,214,254,224.31666666666666,8.4381933697108865.221850000000002,0.5191152653061231
ENSGT00390000001619.Euteleostomi.003,59,690,998,767.457627118644,119.36792182068685.221850000000002,0.5191152653061231
ENSGT00680000099759.Euteleostomi.003,62,251,305,273.7903225806452,13.8459168352619395.221850000000002,0.5191152653061231
ENSGT00390000011960.Euteleostomi.001,61,434,559,461.8688524590164,19.9419786796897935.221850000000002,0.5191152653061231
ENSGT00390000017119.Euteleostomi.001,50,456,601,531.9,45.2621615182717755.221850000000002,0.5191152653061231
ENSGT00610000085802.Euteleostomi.006,56,256,426,310.4642857142857,35.2146479262739265.221850000000002,0.5191152653061231
ENSGT00660000095339.Euteleostomi.001,59,724,841,794.1016949152543,41.7276452293689465.221850000000002,0.5191152653061231
ENSGT00560000076932.Euteleostomi.005,61,413,428,417.1967213114754,2.03158125714222545.221850000000002,0.5191152653061231
ENSGT00640000091333.Euteleostomi.003,61,239,276,261.7704918032787,6.154655264169155.221850000000002,0.5191152653061231
ENSGT00550000074562.Euteleostomi.003,52,866,1109,1001.6346153846154,81.688319381528365.221850000000002,0.5191152653061231
ENSGT00550000074575.Euteleostomi.001,55,1571,2291,1984.4545454545455,225.978433761393525.221850000000002,0.5191152653061231
ENSGT00390000005922.Euteleostomi.001,61,500,522,508.11475409836066,4.3745413498854865.221850000000002,0.5191152653061231
ENSGT00680000099695.Euteleostomi.002,59,300,485,413.64406779661016,48.599972581184415.221850000000002,0.5191152653061231
ENSGT00420000029746.Euteleostomi.001,58,222,4621,665.6379310344828,699.71434518079215.221850000000002,0.5191152653061231
ENSGT00390000018714.Euteleostomi.002,60,357,612,485.43333333333334,79.856092317530725.221850000000002,0.5191152653061231
ENSGT00440000033318.Euteleostomi.002,50,251,366,326.42,34.113908827781735.221850000000002,0.5191152653061231
ENSGT00620000087589.Euteleostomi.003,50,438,524,481.7,11.8187847712608665.221850000000002,0.5191152653061231
ENSGT00530000063786.Euteleostomi.001,54,409,538,464.14814814814815,50.706111204538965.221850000000002,0.5191152653061231
ENSGT00560000076906.Euteleostomi.004,56,517,659,560.7321428571429,27.671771682563955.221850000000002,0.5191152653061231
ENSGT00390000017928.Euteleostomi.001,58,730,851,742.3103448275862,15.5475579360150555.221850000000002,0.5191152653061231
ENSGT00660000095141.Euteleostomi.002,50,316,435,350.82,24.917570229106395.221850000000002,0.5191152653061231
ENSGT00530000063166.Euteleostomi.001,60,304,467,365.3666666666667,69.39178055821565.221850000000002,0.5191152653061231
ENSGT00520000055649.Euteleostomi.001,62,393,824,656.2903225806451,124.824517754650765.221850000000002,0.5191152653061231
ENSGT00530000063715.Euteleostomi.001,56,204,238,222.17857142857142,11.4035196207249875.221850000000002,0.5191152653061231
ENSGT00650000092910.Euteleostomi.003,56,524,769,716.8035714285714,80.004186172942255.221850000000002,0.5191152653061231
ENSGT00550000074783.Euteleostomi.001,62,494,565,547.3387096774194,13.5379776056852745.221850000000002,0.5191152653061231
ENSGT00390000018051.Euteleostomi.001,50,358,463,404.02,24.7233591931986155.221850000000002,0.5191152653061231
ENSGT00670000098129.Euteleostomi.001,50,302,990,454.26,211.1814975275045.221850000000002,0.5191152653061231
ENSGT00550000074311.Euteleostomi.003,52,406,484,454.4423076923077,16.1699472655335445.221850000000002,0.5191152653061231
ENSGT00390000002997.Euteleostomi.001,55,360,518,464.94545454545454,46.4337114851867345.221850000000002,0.5191152653061231
ENSGT00560000076599.Euteleostomi.001,56,452,486,471.60714285714283,6.254245311433225.221850000000002,0.5191152653061231
ENSGT00530000063033.Euteleostomi.001,51,260,311,291.96078431372547,15.8996362025220255.221850000000002,0.5191152653061231
ENSGT00530000063764.Euteleostomi.001,60,660,735,701.0666666666667,14.4549172522142645.221850000000002,0.5191152653061231
ENSGT00520000055637.Euteleostomi.001,55,825,1198,960.6545454545454,104.898755100090785.221850000000002,0.5191152653061231
ENSGT00540000070221.Euteleostomi.002,56,805,1959,1180.267857142857,231.731230764625935.221850000000002,0.5191152653061231
ENSGT00410000025582.Euteleostomi.001,52,648,772,700.3461538461538,21.0348773076625375.221850000000002,0.5191152653061231
ENSGT00390000018245.Euteleostomi.001,60,286,341,310.51666666666665,10.905591267966855.221850000000002,0.5191152653061231
ENSGT00530000063256.Euteleostomi.001,61,367,514,456.3606557377049,25.4349056658267975.221850000000002,0.5191152653061231
ENSGT00680000099954.Euteleostomi.003,58,293,408,335.8103448275862,24.4995215825481945.221850000000002,0.5191152653061231
ENSGT00640000091347.Euteleostomi.002,59,441,563,476.49152542372883,27.464944980927545.221850000000002,0.5191152653061231
ENSGT00560000076760.Euteleostomi.001,61,517,590,535.311475409836,11.4259076716127275.221850000000002,0.5191152653061231
ENSGT00560000076777.Euteleostomi.003,53,870,887,874.3207547169811,3.871858949799285.221850000000002,0.5191152653061231
ENSGT00680000099585.Euteleostomi.005,50,456,517,489.36,14.3963714249140445.221850000000002,0.5191152653061231
ENSGT00530000062987.Euteleostomi.001,59,844,1076,913.9322033898305,50.106391775755575.221850000000002,0.5191152653061231
ENSGT00580000081327.Euteleostomi.002,52,784,1052,974.3461538461538,87.085237625949125.221850000000002,0.5191152653061231
ENSGT00390000003774.Euteleostomi.001,53,429,477,458.4339622641509,11.2292705324458335.221850000000002,0.5191152653061231
ENSGT00390000011587.Euteleostomi.001,52,712,1003,827.6730769230769,97.927688638666515.221850000000002,0.5191152653061231
ENSGT00550000074505.Euteleostomi.002,59,343,381,359.77966101694915,12.1500217065368315.221850000000002,0.5191152653061231
ENSGT00550000074743.Euteleostomi.001,52,528,574,532.2115384615385,6.1686638158519795.221850000000002,0.5191152653061231
ENSGT00610000085813.Euteleostomi.001,53,414,501,438.0188679245283,20.1785211073154335.221850000000002,0.5191152653061231
ENSGT00530000063281.Euteleostomi.003,61,341,393,368.5245901639344,15.5569990222804525.221850000000002,0.5191152653061231
ENSGT00640000091451.Euteleostomi.001,58,391,462,426.3965517241379,28.3542376888945855.221850000000002,0.5191152653061231
ENSGT00680000099807.Euteleostomi.006,57,327,494,410.8070175438597,52.804707107717485.221850000000002,0.5191152653061231
ENSGT00530000062751.Euteleostomi.007,57,847,971,888.2982456140351,21.8697156166439945.221850000000002,0.5191152653061231
ENSGT00390000001117.Euteleostomi.002,52,397,466,425.9230769230769,20.3738068615853585.221850000000002,0.5191152653061231
ENSGT00530000063302.Euteleostomi.002,59,431,734,557.9661016949152,114.551744986136245.221850000000002,0.5191152653061231
ENSGT00670000097670.Euteleostomi.001,58,1107,1222,1188.7586206896551,20.2703744976419245.221850000000002,0.5191152653061231
ENSGT00390000001134.Euteleostomi.001,61,419,767,575.7704918032787,109.170568903684385.221850000000002,0.5191152653061231
ENSGT00680000099899.Euteleostomi.001,52,1123,1723,1578.2307692307693,133.94169281409915.221850000000002,0.5191152653061231
ENSGT00530000064009.Euteleostomi.001,56,220,409,288.9107142857143,61.063685618366515.221850000000002,0.5191152653061231
ENSGT00440000037341.Euteleostomi.002,53,276,438,376.7358490566038,42.983964337071385.221850000000002,0.5191152653061231
ENSGT00390000017707.Euteleostomi.001,59,606,892,735.1186440677966,102.282584344543795.221850000000002,0.5191152653061231
ENSGT00550000074289.Euteleostomi.004,62,479,526,514.2096774193549,11.2848906627970945.221850000000002,0.5191152653061231
ENSGT00390000004874.Euteleostomi.001,58,385,622,512.551724137931,71.613282217460565.221850000000002,0.5191152653061231
ENSGT00660000095314.Euteleostomi.001,57,676,1103,893.5964912280701,145.476171299770245.221850000000002,0.5191152653061231
ENSGT00560000076724.Euteleostomi.003,58,606,712,662.1724137931035,35.6346657215825365.221850000000002,0.5191152653061231
ENSGT00390000000018.Euteleostomi.003,61,1051,1260,1144.8032786885246,41.067351051709825.221850000000002,0.5191152653061231
ENSGT00520000055615.Euteleostomi.001,61,432,603,503.91803278688525,69.488678953713325.221850000000002,0.5191152653061231
ENSGT00550000074421.Euteleostomi.002,61,694,803,747.327868852459,16.4941619080564485.221850000000002,0.5191152653061231
ENSGT00530000063006.Euteleostomi.003,51,1177,1279,1229.0392156862745,22.3087075235780755.221850000000002,0.5191152653061231
ENSGT00640000091083.Euteleostomi.003,62,819,956,906.0483870967741,31.6556406904019355.221850000000002,0.5191152653061231
ENSGT00550000074355.Euteleostomi.001,54,249,293,274.037037037037,11.9873564885469245.221850000000002,0.5191152653061231
ENSGT00680000099498.Euteleostomi.003,59,586,706,648.4915254237288,30.7180576351165555.221850000000002,0.5191152653061231
ENSGT00510000047020.Euteleostomi.001,50,287,343,311.88,11.4279285533471975.221850000000002,0.5191152653061231
ENSGT00680000099580.Euteleostomi.004,55,718,1627,1135.290909090909,252.86489385728215.221850000000002,0.5191152653061231
ENSGT00650000093281.Euteleostomi.003,58,658,850,767.1034482758621,71.560963987694825.221850000000002,0.5191152653061231
ENSGT00510000047407.Euteleostomi.001,56,259,431,356.60714285714283,56.26711572213665.221850000000002,0.5191152653061231
ENSGT00390000017213.Euteleostomi.001,53,388,662,573.9622641509434,68.884508212646145.221850000000002,0.5191152653061231
ENSGT00510000046502.Euteleostomi.003,50,454,507,485.3,15.7794105060476635.221850000000002,0.5191152653061231
ENSGT00390000011831.Euteleostomi.001,61,546,644,577.8360655737705,18.2164580602897425.221850000000002,0.5191152653061231
ENSGT00390000009929.Euteleostomi.001,59,276,371,329.47457627118644,15.6352342287003755.221850000000002,0.5191152653061231
ENSGT00560000077249.Euteleostomi.001,57,404,587,518.2105263157895,45.3501208228447445.221850000000002,0.5191152653061231
ENSGT00530000063051.Euteleostomi.003,59,710,735,723.9491525423729,6.3284353593142825.221850000000002,0.5191152653061231
ENSGT00390000011560.Euteleostomi.002,62,456,505,464.3709677419355,10.251323578626155.221850000000002,0.5191152653061231
ENSGT00510000046400.Euteleostomi.001,55,485,573,513.6909090909091,20.1143699575174085.221850000000002,0.5191152653061231
ENSGT00540000069900.Euteleostomi.004,55,302,335,310.2909090909091,5.335668680621045.221850000000002,0.5191152653061231
ENSGT00530000063675.Euteleostomi.001,62,364,495,419.2096774193548,23.3091392030259045.221850000000002,0.5191152653061231
ENSGT00680000099679.Euteleostomi.003,53,323,534,385.0566037735849,56.673632145394785.221850000000002,0.5191152653061231
ENSGT00390000016700.Euteleostomi.001,52,255,395,264.6730769230769,24.43857538436925.221850000000002,0.5191152653061231
ENSGT00400000022055.Euteleostomi.001,62,495,710,565.9032258064516,59.44323912732365.221850000000002,0.5191152653061231
ENSGT00550000074515.Euteleostomi.004,54,668,1094,735.5555555555555,60.8346557967738455.221850000000002,0.5191152653061231
ENSGT00650000092972.Euteleostomi.001,58,1707,1949,1895.0172413793102,56.3882193056938955.221850000000002,0.5191152653061231
ENSGT00530000063760.Euteleostomi.001,53,373,682,453.8867924528302,53.622491111242935.221850000000002,0.5191152653061231
ENSGT00680000099766.Euteleostomi.002,60,524,979,809.25,98.896217644593365.221850000000002,0.5191152653061231
ENSGT00560000076864.Euteleostomi.003,54,595,971,806.5370370370371,82.210891479460675.221850000000002,0.5191152653061231
ENSGT00670000097825.Euteleostomi.001,60,853,1041,896.5166666666667,22.7420998886345745.221850000000002,0.5191152653061231
ENSGT00530000063644.Euteleostomi.001,57,433,568,513.0350877192982,42.1718274750034255.221850000000002,0.5191152653061231
ENSGT00390000013164.Euteleostomi.006,52,1082,2275,1895.5961538461538,322.816724523336755.221850000000002,0.5191152653061231
ENSGT00550000074415.Euteleostomi.001,59,658,699,667.6779661016949,9.3706082641528895.221850000000002,0.5191152653061231
ENSGT00670000097716.Euteleostomi.004,53,324,331,326.52830188679246,1.13686095464163045.221850000000002,0.5191152653061231
ENSGT00550000074493.Euteleostomi.004,55,635,899,768.7454545454545,94.212175469702475.221850000000002,0.5191152653061231
ENSGT00550000074405.Euteleostomi.005,52,546,1025,794.9807692307693,141.43099063897625.221850000000002,0.5191152653061231
ENSGT00390000013285.Euteleostomi.001,52,432,565,518.8269230769231,30.4493930226030475.221850000000002,0.5191152653061231
ENSGT00510000046606.Euteleostomi.002,51,206,582,318.72549019607845,94.612489330187815.221850000000002,0.5191152653061231
ENSGT00390000014100.Euteleostomi.001,55,265,286,279.2,4.51089216764800855.221850000000002,0.5191152653061231
ENSGT00680000099757.Euteleostomi.002,57,505,568,536.6666666666666,16.0860779794797965.221850000000002,0.5191152653061231
ENSGT00680000099712.Euteleostomi.003,62,615,1247,841.8387096774194,210.054574762454655.221850000000002,0.5191152653061231
ENSGT00550000074473.Euteleostomi.003,56,939,1100,996.125,27.354948031721465.221850000000002,0.5191152653061231
ENSGT00530000063339.Euteleostomi.001,60,638,723,671.8833333333333,13.7669361541864625.221850000000002,0.5191152653061231
ENSGT00550000074284.Euteleostomi.001,52,1706,1856,1792.0192307692307,29.154416733712175.221850000000002,0.5191152653061231
ENSGT00510000046654.Euteleostomi.001,59,252,331,269.6271186440678,13.0303337151072315.221850000000002,0.5191152653061231
ENSGT00390000014618.Euteleostomi.001,61,539,655,594.0819672131148,35.335202033273285.221850000000002,0.5191152653061231
ENSGT00660000095228.Euteleostomi.001,52,258,428,345.75,58.326624264046145.221850000000002,0.5191152653061231
ENSGT00660000095297.Euteleostomi.002,59,490,657,547.728813559322,36.6384151650896045.221850000000002,0.5191152653061231
ENSGT00390000016655.Euteleostomi.001,56,852,908,882.5357142857143,15.9339138440500685.221850000000002,0.5191152653061231
ENSGT00390000003453.Euteleostomi.001,55,1080,1256,1124.2545454545455,33.069633705269155.221850000000002,0.5191152653061231
ENSGT00530000063809.Euteleostomi.001,50,1075,1811,1471.28,305.285750384381865.221850000000002,0.5191152653061231
ENSGT00390000009905.Euteleostomi.002,59,489,632,543.8813559322034,34.3822752781453155.221850000000002,0.5191152653061231
ENSGT00680000099692.Euteleostomi.006,55,605,658,637.6363636363636,18.9153706226244945.221850000000002,0.5191152653061231
ENSGT00480000042679.Euteleostomi.001,62,301,355,326.16129032258067,11.0678881963744925.221850000000002,0.5191152653061231
ENSGT00390000006788.Euteleostomi.001,62,549,702,623.0322580645161,31.8248113032848645.221850000000002,0.5191152653061231
ENSGT00390000004417.Euteleostomi.001,62,423,572,495.93548387096774,29.3418913689334785.221850000000002,0.5191152653061231
ENSGT00600000084077.Euteleostomi.004,61,281,347,302.9672131147541,11.3709677294338115.221850000000002,0.5191152653061231
ENSGT00650000092921.Euteleostomi.001,62,321,430,358.35483870967744,18.2542128747989845.221850000000002,0.5191152653061231
ENSGT00620000087675.Euteleostomi.005,61,811,876,826.8196721311475,13.1586577288127585.221850000000002,0.5191152653061231
ENSGT00390000001014.Euteleostomi.001,50,202,277,263.82,21.8629217383856445.221850000000002,0.5191152653061231
ENSGT00530000063684.Euteleostomi.001,50,1821,1988,1935.02,39.704772755826685.221850000000002,0.5191152653061231
ENSGT00670000097666.Euteleostomi.002,50,933,1092,986.96,30.440279437694035.221850000000002,0.5191152653061231
ENSGT00560000076730.Euteleostomi.007,59,454,521,475.6271186440678,14.6404002972934875.221850000000002,0.5191152653061231
ENSGT00390000010116.Euteleostomi.001,59,628,683,659.9152542372881,10.4638756840283955.221850000000002,0.5191152653061231
ENSGT00390000010072.Euteleostomi.001,54,497,527,514.8148148148148,8.4965566256785055.221850000000002,0.5191152653061231
ENSGT00670000097629.Euteleostomi.002,59,1160,1284,1210.1186440677966,24.3431536404844525.221850000000002,0.5191152653061231
ENSGT00510000047024.Euteleostomi.001,54,253,647,441.48148148148147,171.698588552647555.221850000000002,0.5191152653061231
ENSGT00550000074368.Euteleostomi.007,50,368,397,380.52,5.6793216036381515.221850000000002,0.5191152653061231
ENSGT00390000001046.Euteleostomi.002,56,413,463,425.69642857142856,12.607241271092285.221850000000002,0.5191152653061231
ENSGT00680000099744.Euteleostomi.002,51,416,630,511.3529411764706,69.99823527187295.221850000000002,0.5191152653061231
ENSGT00390000008822.Euteleostomi.002,58,351,435,400.6551724137931,16.9732004695719745.221850000000002,0.5191152653061231
ENSGT00550000074425.Euteleostomi.002,50,680,776,722.68,15.1353620265082985.221850000000002,0.5191152653061231
ENSGT00680000099665.Euteleostomi.003,58,1151,1476,1290.4137931034484,75.892822507579525.221850000000002,0.5191152653061231
ENSGT00680000099672.Euteleostomi.001,53,629,704,674.2264150943396,22.286285459753365.221850000000002,0.5191152653061231
ENSGT00640000091192.Euteleostomi.003,58,435,519,486.0344827586207,18.2593071842984965.221850000000002,0.5191152653061231
ENSGT00390000013296.Euteleostomi.001,61,342,978,498.5409836065574,166.30139043019575.221850000000002,0.5191152653061231
ENSGT00670000097605.Euteleostomi.001,57,705,1314,951.4736842105264,183.91876169182865.221850000000002,0.5191152653061231
ENSGT00680000099524.Euteleostomi.003,62,409,674,460.56451612903226,33.6338144484415345.221850000000002,0.5191152653061231
ENSGT00530000063193.Euteleostomi.001,54,218,254,231.55555555555554,8.9393483926701625.221850000000002,0.5191152653061231
ENSGT00680000099856.Euteleostomi.003,52,384,525,442.6923076923077,28.42226306449565.221850000000002,0.5191152653061231
ENSGT00530000063773.Euteleostomi.001,56,1364,1524,1476.125,32.988737747628635.221850000000002,0.5191152653061231
ENSGT00670000097683.Euteleostomi.004,62,262,285,274.85483870967744,5.917040615518045.221850000000002,0.5191152653061231
ENSGT00620000087649.Euteleostomi.002,55,334,413,363,14.360439485692015.221850000000002,0.5191152653061231
ENSGT00640000091217.Euteleostomi.001,54,458,673,558.8518518518518,54.3970058163954355.221850000000002,0.5191152653061231
ENSGT00440000033542.Euteleostomi.002,54,896,993,947.3703703703703,34.4505641415573655.221850000000002,0.5191152653061231
ENSGT00530000063889.Euteleostomi.001,51,1417,2034,1632.9411764705883,186.661663098206225.221850000000002,0.5191152653061231
ENSGT00530000062974.Euteleostomi.004,61,1268,1408,1365.2622950819673,28.5662397708345355.221850000000002,0.5191152653061231
ENSGT00530000063815.Euteleostomi.001,54,238,485,367.27777777777777,110.328568746997755.221850000000002,0.5191152653061231
ENSGT00550000074736.Euteleostomi.001,59,983,1054,1029.6101694915253,14.7893448936918925.221850000000002,0.5191152653061231
ENSGT00390000013494.Euteleostomi.001,61,978,1145,1080.4426229508197,39.9293228050781155.221850000000002,0.5191152653061231
ENSGT00390000016028.Euteleostomi.002,62,371,501,420.6774193548387,36.4155318122023465.221850000000002,0.5191152653061231
ENSGT00620000087654.Euteleostomi.001,60,226,331,298.25,23.028077924163715.221850000000002,0.5191152653061231
ENSGT00650000092910.Euteleostomi.001,57,581,1058,846.4561403508771,91.346489137208965.221850000000002,0.5191152653061231
ENSGT00390000020719.Euteleostomi.003,61,359,575,417.7049180327869,72.467543139968335.221850000000002,0.5191152653061231
ENSGT00390000013581.Euteleostomi.001,57,675,856,770.3684210526316,54.246010906315685.221850000000002,0.5191152653061231
ENSGT00530000063559.Euteleostomi.001,51,927,1726,1391.6470588235295,275.951432214396165.221850000000002,0.5191152653061231
