name,ic_type,number_models,data_type,num_seq,min_seq_length,max_seq_length,mean_seq_length,stdev_seq_length,tree_length,mean_pairwise_distance
ENSGT00390000000018.Euteleostomi.003,AIC,1,aa,61,1051,1260,1144.8032786885246,41.06735105170982,3.586939999999999,0.44103794535519136
ENSGT00390000000018.Euteleostomi.003,AICc,1,aa,61,1051,1260,1144.8032786885246,41.06735105170982,3.586939999999999,0.44103794535519136
ENSGT00390000000018.Euteleostomi.003,BIC,2,aa,61,1051,1260,1144.8032786885246,41.06735105170982,3.586939999999999,0.44103794535519136
ENSGT00390000000455.Euteleostomi.001,AIC,2,aa,50,732,922,857.26,67.72899478579228,5.797349999999997,1.072642138775511
ENSGT00390000000455.Euteleostomi.001,AICc,2,aa,50,732,922,857.26,67.72899478579228,5.797349999999997,1.072642138775511
ENSGT00390000000455.Euteleostomi.001,BIC,1,aa,50,732,922,857.26,67.72899478579228,5.797349999999997,1.072642138775511
ENSGT00390000000724.Euteleostomi.001,AIC,1,aa,59,243,329,284,22.24859546128699,5.815229999999999,0.6581505902980713
ENSGT00390000000724.Euteleostomi.001,AICc,1,aa,59,243,329,284,22.24859546128699,5.815229999999999,0.6581505902980713
ENSGT00390000000724.Euteleostomi.001,BIC,2,aa,59,243,329,284,22.24859546128699,5.815229999999999,0.6581505902980713
ENSGT00390000000948.Euteleostomi.003,AIC,2,aa,62,287,383,322.2903225806452,23.70058247660385,4.140130000000001,0.48702989423585386
ENSGT00390000000948.Euteleostomi.003,AICc,2,aa,62,287,383,322.2903225806452,23.70058247660385,4.140130000000001,0.48702989423585386
ENSGT00390000000948.Euteleostomi.003,BIC,2,aa,62,287,383,322.2903225806452,23.70058247660385,4.140130000000001,0.48702989423585386
ENSGT00390000001014.Euteleostomi.001,AIC,1,aa,50,202,277,263.82,21.862921738385644,4.9636499999999995,0.49714018775510305
ENSGT00390000001014.Euteleostomi.001,AICc,1,aa,50,202,277,263.82,21.862921738385644,4.9636499999999995,0.49714018775510305
ENSGT00390000001014.Euteleostomi.001,BIC,2,aa,50,202,277,263.82,21.862921738385644,4.9636499999999995,0.49714018775510305
ENSGT00390000001046.Euteleostomi.002,AIC,1,aa,56,413,463,425.69642857142856,12.60724127109228,12.745710000000003,1.1861859480519474
ENSGT00390000001046.Euteleostomi.002,AICc,1,aa,56,413,463,425.69642857142856,12.60724127109228,12.745710000000003,1.1861859480519474
ENSGT00390000001046.Euteleostomi.002,BIC,1,aa,56,413,463,425.69642857142856,12.60724127109228,12.745710000000003,1.1861859480519474
ENSGT00390000001046.Euteleostomi.005,AIC,1,aa,54,408,483,431.1296296296296,22.37168552138584,6.333759999999997,0.597099105520615
ENSGT00390000001046.Euteleostomi.005,AICc,1,aa,54,408,483,431.1296296296296,22.37168552138584,6.333759999999997,0.597099105520615
ENSGT00390000001046.Euteleostomi.005,BIC,1,aa,54,408,483,431.1296296296296,22.37168552138584,6.333759999999997,0.597099105520615
ENSGT00390000001117.Euteleostomi.002,AIC,1,aa,52,397,466,425.9230769230769,20.373806861585358,6.219630000000001,0.827723808446456
ENSGT00390000001117.Euteleostomi.002,AICc,1,aa,52,397,466,425.9230769230769,20.373806861585358,6.219630000000001,0.827723808446456
ENSGT00390000001117.Euteleostomi.002,BIC,1,aa,52,397,466,425.9230769230769,20.373806861585358,6.219630000000001,0.827723808446456
ENSGT00390000001132.Euteleostomi.001,AIC,1,aa,60,424,501,460.93333333333334,16.745216029869713,5.6034000000000015,0.6410783446327681
ENSGT00390000001132.Euteleostomi.001,AICc,1,aa,60,424,501,460.93333333333334,16.745216029869713,5.6034000000000015,0.6410783446327681
ENSGT00390000001132.Euteleostomi.001,BIC,1,aa,60,424,501,460.93333333333334,16.745216029869713,5.6034000000000015,0.6410783446327681
ENSGT00390000001134.Euteleostomi.001,AIC,2,aa,61,419,767,575.7704918032787,109.17056890368438,4.02596,0.5647515737704905
ENSGT00390000001134.Euteleostomi.001,AICc,4,aa,61,419,767,575.7704918032787,109.17056890368438,4.02596,0.5647515737704905
ENSGT00390000001134.Euteleostomi.001,BIC,1,aa,61,419,767,575.7704918032787,109.17056890368438,4.02596,0.5647515737704905
ENSGT00390000001390.Euteleostomi.001,AIC,1,aa,53,253,320,285.8867924528302,21.11293841131409,9.984290000000005,1.0534854571843246
ENSGT00390000001390.Euteleostomi.001,AICc,1,aa,53,253,320,285.8867924528302,21.11293841131409,9.984290000000005,1.0534854571843246
ENSGT00390000001390.Euteleostomi.001,BIC,1,aa,53,253,320,285.8867924528302,21.11293841131409,9.984290000000005,1.0534854571843246
ENSGT00390000001586.Euteleostomi.001,AIC,2,aa,60,330,415,372.4,16.588948741224776,3.13518,0.36177051977401126
ENSGT00390000001586.Euteleostomi.001,AICc,3,aa,60,330,415,372.4,16.588948741224776,3.13518,0.36177051977401126
ENSGT00390000001586.Euteleostomi.001,BIC,2,aa,60,330,415,372.4,16.588948741224776,3.13518,0.36177051977401126
ENSGT00390000001619.Euteleostomi.003,AIC,2,aa,59,690,998,767.457627118644,119.3679218206868,12.54701,0.9331267679719462
ENSGT00390000001619.Euteleostomi.003,AICc,2,aa,59,690,998,767.457627118644,119.3679218206868,12.54701,0.9331267679719462
ENSGT00390000001619.Euteleostomi.003,BIC,2,aa,59,690,998,767.457627118644,119.3679218206868,12.54701,0.9331267679719462
ENSGT00390000001626.Euteleostomi.001,AIC,1,aa,57,247,293,258.70175438596493,7.794148245136727,2.50899,0.2600135338345866
ENSGT00390000001626.Euteleostomi.001,AICc,2,aa,57,247,293,258.70175438596493,7.794148245136727,2.50899,0.2600135338345866
ENSGT00390000001626.Euteleostomi.001,BIC,1,aa,57,247,293,258.70175438596493,7.794148245136727,2.50899,0.2600135338345866
ENSGT00390000002143.Euteleostomi.001,AIC,1,aa,60,803,890,821.9166666666666,13.162983107707207,3.9044000000000008,0.5217496440677961
ENSGT00390000002143.Euteleostomi.001,AICc,1,aa,60,803,890,821.9166666666666,13.162983107707207,3.9044000000000008,0.5217496440677961
ENSGT00390000002143.Euteleostomi.001,BIC,1,aa,60,803,890,821.9166666666666,13.162983107707207,3.9044000000000008,0.5217496440677961
ENSGT00390000002149.Euteleostomi.001,AIC,1,aa,59,672,899,744.2203389830509,46.600676255493504,4.31127,0.5008885680888363
ENSGT00390000002149.Euteleostomi.001,AICc,1,aa,59,672,899,744.2203389830509,46.600676255493504,4.31127,0.5008885680888363
ENSGT00390000002149.Euteleostomi.001,BIC,1,aa,59,672,899,744.2203389830509,46.600676255493504,4.31127,0.5008885680888363
ENSGT00390000002174.Euteleostomi.001,AIC,1,aa,57,383,482,425.63157894736844,23.114336598548043,11.705650000000002,1.318898771929823
ENSGT00390000002174.Euteleostomi.001,AICc,1,aa,57,383,482,425.63157894736844,23.114336598548043,11.705650000000002,1.318898771929823
ENSGT00390000002174.Euteleostomi.001,BIC,1,aa,57,383,482,425.63157894736844,23.114336598548043,11.705650000000002,1.318898771929823
ENSGT00390000002740.Euteleostomi.001,AIC,1,aa,57,570,692,620.6140350877193,29.29453531802044,3.23686,0.5000298872180451
ENSGT00390000002740.Euteleostomi.001,AICc,2,aa,57,570,692,620.6140350877193,29.29453531802044,3.23686,0.5000298872180451
ENSGT00390000002740.Euteleostomi.001,BIC,4,aa,57,570,692,620.6140350877193,29.29453531802044,3.23686,0.5000298872180451
ENSGT00390000002812.Euteleostomi.004,AIC,1,aa,57,781,851,822.561403508772,14.362671786688239,2.7253500000000006,0.4011794110275692
ENSGT00390000002812.Euteleostomi.004,AICc,1,aa,57,781,851,822.561403508772,14.362671786688239,2.7253500000000006,0.4011794110275692
ENSGT00390000002812.Euteleostomi.004,BIC,1,aa,57,781,851,822.561403508772,14.362671786688239,2.7253500000000006,0.4011794110275692
ENSGT00390000002997.Euteleostomi.001,AIC,1,aa,55,360,518,464.94545454545454,46.433711485186734,6.061549999999999,0.9200135892255891
ENSGT00390000002997.Euteleostomi.001,AICc,1,aa,55,360,518,464.94545454545454,46.433711485186734,6.061549999999999,0.9200135892255891
ENSGT00390000002997.Euteleostomi.001,BIC,1,aa,55,360,518,464.94545454545454,46.433711485186734,6.061549999999999,0.9200135892255891
ENSGT00390000003140.Euteleostomi.001,AIC,2,aa,52,1132,1362,1255.4807692307693,67.64396133639006,2.98294,0.6609240422322782
ENSGT00390000003140.Euteleostomi.001,AICc,2,aa,52,1132,1362,1255.4807692307693,67.64396133639006,2.98294,0.6609240422322782
ENSGT00390000003140.Euteleostomi.001,BIC,1,aa,52,1132,1362,1255.4807692307693,67.64396133639006,2.98294,0.6609240422322782
ENSGT00390000003453.Euteleostomi.001,AIC,1,aa,55,1080,1256,1124.2545454545455,33.06963370526915,5.218249999999997,0.7506526599326597
ENSGT00390000003453.Euteleostomi.001,AICc,1,aa,55,1080,1256,1124.2545454545455,33.06963370526915,5.218249999999997,0.7506526599326597
ENSGT00390000003453.Euteleostomi.001,BIC,2,aa,55,1080,1256,1124.2545454545455,33.06963370526915,5.218249999999997,0.7506526599326597
ENSGT00390000003721.Euteleostomi.001,AIC,1,aa,50,451,484,475.84,6.876045375068434,0.5950400000000002,0.055970285714285764
ENSGT00390000003721.Euteleostomi.001,AICc,1,aa,50,451,484,475.84,6.876045375068434,0.5950400000000002,0.055970285714285764
ENSGT00390000003721.Euteleostomi.001,BIC,4,aa,50,451,484,475.84,6.876045375068434,0.5950400000000002,0.055970285714285764
ENSGT00390000003774.Euteleostomi.001,AIC,1,aa,53,429,477,458.4339622641509,11.229270532445833,10.978310000000004,1.0543558490566025
ENSGT00390000003774.Euteleostomi.001,AICc,1,aa,53,429,477,458.4339622641509,11.229270532445833,10.978310000000004,1.0543558490566025
ENSGT00390000003774.Euteleostomi.001,BIC,1,aa,53,429,477,458.4339622641509,11.229270532445833,10.978310000000004,1.0543558490566025
ENSGT00390000003950.Euteleostomi.002,AIC,2,aa,55,723,766,740.7272727272727,7.299047491015131,4.38496,0.6298840538720532
ENSGT00390000003950.Euteleostomi.002,AICc,1,aa,55,723,766,740.7272727272727,7.299047491015131,4.38496,0.6298840538720532
ENSGT00390000003950.Euteleostomi.002,BIC,1,aa,55,723,766,740.7272727272727,7.299047491015131,4.38496,0.6298840538720532
ENSGT00390000004311.Euteleostomi.001,AIC,1,aa,54,1123,1211,1161.462962962963,29.709100926276093,2.4619799999999996,0.5538372257162832
ENSGT00390000004311.Euteleostomi.001,AICc,1,aa,54,1123,1211,1161.462962962963,29.709100926276093,2.4619799999999996,0.5538372257162832
ENSGT00390000004311.Euteleostomi.001,BIC,1,aa,54,1123,1211,1161.462962962963,29.709100926276093,2.4619799999999996,0.5538372257162832
ENSGT00390000004417.Euteleostomi.001,AIC,2,aa,62,423,572,495.93548387096774,29.341891368933478,8.996639999999998,1.169222924378637
ENSGT00390000004417.Euteleostomi.001,AICc,1,aa,62,423,572,495.93548387096774,29.341891368933478,8.996639999999998,1.169222924378637
ENSGT00390000004417.Euteleostomi.001,BIC,1,aa,62,423,572,495.93548387096774,29.341891368933478,8.996639999999998,1.169222924378637
ENSGT00390000004600.Euteleostomi.001,AIC,1,aa,58,1460,1558,1524.2758620689656,24.109976899323325,5.915889999999998,0.7201865880217806
ENSGT00390000004600.Euteleostomi.001,AICc,1,aa,58,1460,1558,1524.2758620689656,24.109976899323325,5.915889999999998,0.7201865880217806
ENSGT00390000004600.Euteleostomi.001,BIC,1,aa,58,1460,1558,1524.2758620689656,24.109976899323325,5.915889999999998,0.7201865880217806
ENSGT00390000004874.Euteleostomi.001,AIC,1,aa,58,385,622,512.551724137931,71.613282217460565,8.720719999999995,1.195917906836055
ENSGT00390000004874.Euteleostomi.001,AICc,1,aa,58,385,622,512.551724137931,71.613282217460565,8.720719999999995,1.195917906836055
ENSGT00390000004874.Euteleostomi.001,BIC,1,aa,58,385,622,512.551724137931,71.613282217460565,8.720719999999995,1.195917906836055
ENSGT00390000005092.Euteleostomi.001,AIC,1,aa,63,202,218,204.73015873015873,2.8181803166190424,1.4151200000000006,0.07301493087557584
ENSGT00390000005092.Euteleostomi.001,AICc,1,aa,63,202,218,204.73015873015873,2.8181803166190424,1.4151200000000006,0.07301493087557584
ENSGT00390000005092.Euteleostomi.001,BIC,1,aa,63,202,218,204.73015873015873,2.8181803166190424,1.4151200000000006,0.07301493087557584
ENSGT00390000005295.Euteleostomi.002,AIC,1,aa,51,361,498,424.7647058823529,38.005046104586754,14.29424,1.7264842039215682
ENSGT00390000005295.Euteleostomi.002,AICc,1,aa,51,361,498,424.7647058823529,38.005046104586754,14.29424,1.7264842039215682
ENSGT00390000005295.Euteleostomi.002,BIC,2,aa,51,361,498,424.7647058823529,38.005046104586754,14.29424,1.7264842039215682
ENSGT00390000005434.Euteleostomi.001,AIC,1,aa,56,259,386,301.82142857142856,28.030572363278402,5.031029999999999,0.9044494935064931
ENSGT00390000005434.Euteleostomi.001,AICc,1,aa,56,259,386,301.82142857142856,28.030572363278402,5.031029999999999,0.9044494935064931
ENSGT00390000005434.Euteleostomi.001,BIC,1,aa,56,259,386,301.82142857142856,28.030572363278402,5.031029999999999,0.9044494935064931
ENSGT00390000005655.Euteleostomi.001,AIC,1,aa,58,386,560,449.3103448275862,52.932001031628694,5.52597,0.9372574410163332
ENSGT00390000005655.Euteleostomi.001,AICc,1,aa,58,386,560,449.3103448275862,52.932001031628694,5.52597,0.9372574410163332
ENSGT00390000005655.Euteleostomi.001,BIC,2,aa,58,386,560,449.3103448275862,52.932001031628694,5.52597,0.9372574410163332
ENSGT00390000005703.Euteleostomi.001,AIC,1,aa,62,431,916,547.9193548387096,77.9813551459361,11.66857,1.172473469063988
ENSGT00390000005703.Euteleostomi.001,AICc,1,aa,62,431,916,547.9193548387096,77.9813551459361,11.66857,1.172473469063988
ENSGT00390000005703.Euteleostomi.001,BIC,1,aa,62,431,916,547.9193548387096,77.9813551459361,11.66857,1.172473469063988
ENSGT00390000005717.Euteleostomi.001,AIC,1,aa,54,204,257,217.94444444444446,13.566630352430808,18.384980000000002,1.7309211740041959
ENSGT00390000005717.Euteleostomi.001,AICc,1,aa,54,204,257,217.94444444444446,13.566630352430808,18.384980000000002,1.7309211740041959
ENSGT00390000005717.Euteleostomi.001,BIC,2,aa,54,204,257,217.94444444444446,13.566630352430808,18.384980000000002,1.7309211740041959
ENSGT00390000005730.Euteleostomi.001,AIC,2,aa,61,305,334,309.8688524590164,4.310743980011129,6.501060000000001,0.5799219344262295
ENSGT00390000005730.Euteleostomi.001,AICc,1,aa,61,305,334,309.8688524590164,4.310743980011129,6.501060000000001,0.5799219344262295
ENSGT00390000005730.Euteleostomi.001,BIC,1,aa,61,305,334,309.8688524590164,4.310743980011129,6.501060000000001,0.5799219344262295
ENSGT00390000005767.Euteleostomi.001,AIC,1,aa,55,366,442,401.56363636363636,17.844766466269327,11.3319,1.434174545454545
ENSGT00390000005767.Euteleostomi.001,AICc,1,aa,55,366,442,401.56363636363636,17.844766466269327,11.3319,1.434174545454545
ENSGT00390000005767.Euteleostomi.001,BIC,2,aa,55,366,442,401.56363636363636,17.844766466269327,11.3319,1.434174545454545
ENSGT00390000005922.Euteleostomi.001,AIC,1,aa,61,500,522,508.11475409836066,4.374541349885486,3.9040199999999996,0.4471536502732239
ENSGT00390000005922.Euteleostomi.001,AICc,1,aa,61,500,522,508.11475409836066,4.374541349885486,3.9040199999999996,0.4471536502732239
ENSGT00390000005922.Euteleostomi.001,BIC,2,aa,61,500,522,508.11475409836066,4.374541349885486,3.9040199999999996,0.4471536502732239
ENSGT00390000006046.Euteleostomi.001,AIC,1,aa,51,603,862,694.2352941176471,60.262953208515796,6.794609999999998,1.0536792156862747
ENSGT00390000006046.Euteleostomi.001,AICc,1,aa,51,603,862,694.2352941176471,60.262953208515796,6.794609999999998,1.0536792156862747
ENSGT00390000006046.Euteleostomi.001,BIC,1,aa,51,603,862,694.2352941176471,60.262953208515796,6.794609999999998,1.0536792156862747
ENSGT00390000006208.Euteleostomi.001,AIC,1,aa,62,284,347,321.64516129032256,16.021600966025293,3.916479999999999,0.5540356689582235
ENSGT00390000006208.Euteleostomi.001,AICc,1,aa,62,284,347,321.64516129032256,16.021600966025293,3.916479999999999,0.5540356689582235
ENSGT00390000006208.Euteleostomi.001,BIC,1,aa,62,284,347,321.64516129032256,16.021600966025293,3.916479999999999,0.5540356689582235
ENSGT00390000006494.Euteleostomi.001,AIC,2,aa,56,203,257,222.91071428571428,13.91830290819092,11.949760000000007,1.3603016883116885
ENSGT00390000006494.Euteleostomi.001,AICc,2,aa,56,203,257,222.91071428571428,13.91830290819092,11.949760000000007,1.3603016883116885
ENSGT00390000006494.Euteleostomi.001,BIC,2,aa,56,203,257,222.91071428571428,13.91830290819092,11.949760000000007,1.3603016883116885
ENSGT00390000006647.Euteleostomi.001,AIC,1,aa,54,466,983,500.72222222222223,74.26658169885499,2.7308599999999985,0.30716793151642263
ENSGT00390000006647.Euteleostomi.001,AICc,1,aa,54,466,983,500.72222222222223,74.26658169885499,2.7308599999999985,0.30716793151642263
ENSGT00390000006647.Euteleostomi.001,BIC,1,aa,54,466,983,500.72222222222223,74.26658169885499,2.7308599999999985,0.30716793151642263
ENSGT00390000006788.Euteleostomi.001,AIC,1,aa,62,549,702,623.0322580645161,31.824811303284864,3.546400000000001,0.5285339978847173
ENSGT00390000006788.Euteleostomi.001,AICc,2,aa,62,549,702,623.0322580645161,31.824811303284864,3.546400000000001,0.5285339978847173
ENSGT00390000006788.Euteleostomi.001,BIC,2,aa,62,549,702,623.0322580645161,31.824811303284864,3.546400000000001,0.5285339978847173
ENSGT00390000007252.Euteleostomi.001,AIC,1,aa,59,380,493,445.91525423728814,34.804026786245544,12.845860000000002,1.3610849094097035
ENSGT00390000007252.Euteleostomi.001,AICc,1,aa,59,380,493,445.91525423728814,34.804026786245544,12.845860000000002,1.3610849094097035
ENSGT00390000007252.Euteleostomi.001,BIC,1,aa,59,380,493,445.91525423728814,34.804026786245544,12.845860000000002,1.3610849094097035
ENSGT00390000007443.Euteleostomi.001,AIC,1,aa,62,298,379,323.8709677419355,12.658806137176384,3.29725,0.3211614701216284
ENSGT00390000007443.Euteleostomi.001,AICc,1,aa,62,298,379,323.8709677419355,12.658806137176384,3.29725,0.3211614701216284
ENSGT00390000007443.Euteleostomi.001,BIC,2,aa,62,298,379,323.8709677419355,12.658806137176384,3.29725,0.3211614701216284
ENSGT00390000007586.Euteleostomi.001,AIC,1,aa,60,495,579,560.25,20.413210245876883,7.926229999999998,0.7955561638418078
ENSGT00390000007586.Euteleostomi.001,AICc,1,aa,60,495,579,560.25,20.413210245876883,7.926229999999998,0.7955561638418078
ENSGT00390000007586.Euteleostomi.001,BIC,2,aa,60,495,579,560.25,20.413210245876883,7.926229999999998,0.7955561638418078
ENSGT00390000007681.Euteleostomi.001,AIC,1,aa,57,290,362,304.89473684210526,20.544971761033263,1.42955,0.21604051378446065
ENSGT00390000007681.Euteleostomi.001,AICc,1,aa,57,290,362,304.89473684210526,20.544971761033263,1.42955,0.21604051378446065
ENSGT00390000007681.Euteleostomi.001,BIC,1,aa,57,290,362,304.89473684210526,20.544971761033263,1.42955,0.21604051378446065
ENSGT00390000008002.Euteleostomi.001,AIC,1,aa,58,308,359,334.5689655172414,14.29159005427639,8.078960000000004,0.9271232425892311
ENSGT00390000008002.Euteleostomi.001,AICc,2,aa,58,308,359,334.5689655172414,14.29159005427639,8.078960000000004,0.9271232425892311
ENSGT00390000008002.Euteleostomi.001,BIC,2,aa,58,308,359,334.5689655172414,14.29159005427639,8.078960000000004,0.9271232425892311
ENSGT00390000008162.Euteleostomi.001,AIC,1,aa,52,238,271,247.82692307692307,8.560559707388924,6.50995,0.696455196078431
ENSGT00390000008162.Euteleostomi.001,AICc,1,aa,52,238,271,247.82692307692307,8.560559707388924,6.50995,0.696455196078431
ENSGT00390000008162.Euteleostomi.001,BIC,1,aa,52,238,271,247.82692307692307,8.560559707388924,6.50995,0.696455196078431
ENSGT00390000008164.Euteleostomi.001,AIC,1,aa,56,383,455,440.51785714285717,15.668139149739014,6.388689999999999,0.5811961038961043
ENSGT00390000008164.Euteleostomi.001,AICc,1,aa,56,383,455,440.51785714285717,15.668139149739014,6.388689999999999,0.5811961038961043
ENSGT00390000008164.Euteleostomi.001,BIC,1,aa,56,383,455,440.51785714285717,15.668139149739014,6.388689999999999,0.5811961038961043
ENSGT00390000008279.Euteleostomi.001,AIC,2,aa,62,309,355,332.2903225806452,9.820332031337395,9.168969999999998,1.596992919090426
ENSGT00390000008279.Euteleostomi.001,AICc,1,aa,62,309,355,332.2903225806452,9.820332031337395,9.168969999999998,1.596992919090426
ENSGT00390000008279.Euteleostomi.001,BIC,1,aa,62,309,355,332.2903225806452,9.820332031337395,9.168969999999998,1.596992919090426
ENSGT00390000008456.Euteleostomi.001,AIC,1,aa,54,292,328,298.9259259259259,5.215549508312119,1.63918,0.15383818308874925
ENSGT00390000008456.Euteleostomi.001,AICc,1,aa,54,292,328,298.9259259259259,5.215549508312119,1.63918,0.15383818308874925
ENSGT00390000008456.Euteleostomi.001,BIC,1,aa,54,292,328,298.9259259259259,5.215549508312119,1.63918,0.15383818308874925
ENSGT00390000008527.Euteleostomi.001,AIC,1,aa,57,226,288,245.87719298245614,23.334577482047198,8.613249999999999,0.8504108020050127
ENSGT00390000008527.Euteleostomi.001,AICc,1,aa,57,226,288,245.87719298245614,23.334577482047198,8.613249999999999,0.8504108020050127
ENSGT00390000008527.Euteleostomi.001,BIC,1,aa,57,226,288,245.87719298245614,23.334577482047198,8.613249999999999,0.8504108020050127
ENSGT00390000008565.Euteleostomi.001,AIC,2,aa,61,580,667,605.7704918032787,20.78572702811792,6.712079999999999,1.171904677595629
ENSGT00390000008565.Euteleostomi.001,AICc,1,aa,61,580,667,605.7704918032787,20.78572702811792,6.712079999999999,1.171904677595629
ENSGT00390000008565.Euteleostomi.001,BIC,1,aa,61,580,667,605.7704918032787,20.78572702811792,6.712079999999999,1.171904677595629
ENSGT00390000008822.Euteleostomi.002,AIC,3,aa,58,351,435,400.6551724137931,16.973200469571974,7.223639999999998,0.9678069872958276
ENSGT00390000008822.Euteleostomi.002,AICc,1,aa,58,351,435,400.6551724137931,16.973200469571974,7.223639999999998,0.9678069872958276
ENSGT00390000008822.Euteleostomi.002,BIC,1,aa,58,351,435,400.6551724137931,16.973200469571974,7.223639999999998,0.9678069872958276
ENSGT00390000008958.Euteleostomi.003,AIC,1,aa,55,398,582,485.1454545454545,49.86404411620558,9.078810000000002,0.6970277979797974
ENSGT00390000008958.Euteleostomi.003,AICc,1,aa,55,398,582,485.1454545454545,49.86404411620558,9.078810000000002,0.6970277979797974
ENSGT00390000008958.Euteleostomi.003,BIC,1,aa,55,398,582,485.1454545454545,49.86404411620558,9.078810000000002,0.6970277979797974
ENSGT00390000008991.Euteleostomi.001,AIC,2,aa,63,242,265,252.984126984127,4.379173819164256,4.988819999999999,0.5297499948796724
ENSGT00390000008991.Euteleostomi.001,AICc,1,aa,63,242,265,252.984126984127,4.379173819164256,4.988819999999999,0.5297499948796724
ENSGT00390000008991.Euteleostomi.001,BIC,1,aa,63,242,265,252.984126984127,4.379173819164256,4.988819999999999,0.5297499948796724
ENSGT00390000009222.Euteleostomi.001,AIC,4,aa,56,550,587,571.5178571428571,8.199758469676954,5.213400000000001,1.0556933506493504
ENSGT00390000009222.Euteleostomi.001,AICc,3,aa,56,550,587,571.5178571428571,8.199758469676954,5.213400000000001,1.0556933506493504
ENSGT00390000009222.Euteleostomi.001,BIC,3,aa,56,550,587,571.5178571428571,8.199758469676954,5.213400000000001,1.0556933506493504
ENSGT00390000009278.Euteleostomi.001,AIC,1,aa,50,231,286,251.46,9.510917464703821,9.979460000000001,1.125204979591838
ENSGT00390000009278.Euteleostomi.001,AICc,2,aa,50,231,286,251.46,9.510917464703821,9.979460000000001,1.125204979591838
ENSGT00390000009278.Euteleostomi.001,BIC,1,aa,50,231,286,251.46,9.510917464703821,9.979460000000001,1.125204979591838
ENSGT00390000009331.Euteleostomi.001,AIC,1,aa,60,282,295,286.1,2.8385959766483264,4.649189999999998,0.8865417344632768
ENSGT00390000009331.Euteleostomi.001,AICc,1,aa,60,282,295,286.1,2.8385959766483264,4.649189999999998,0.8865417344632768
ENSGT00390000009331.Euteleostomi.001,BIC,1,aa,60,282,295,286.1,2.8385959766483264,4.649189999999998,0.8865417344632768
ENSGT00390000009391.Euteleostomi.001,AIC,3,aa,50,1059,1221,1137.14,29.80139018809118,4.82406,0.8359813387755111
ENSGT00390000009391.Euteleostomi.001,AICc,2,aa,50,1059,1221,1137.14,29.80139018809118,4.82406,0.8359813387755111
ENSGT00390000009391.Euteleostomi.001,BIC,2,aa,50,1059,1221,1137.14,29.80139018809118,4.82406,0.8359813387755111
ENSGT00390000009532.Euteleostomi.001,AIC,2,aa,62,361,562,396.1774193548387,28.44870229173123,7.672540000000001,0.8486801374933888
ENSGT00390000009532.Euteleostomi.001,AICc,1,aa,62,361,562,396.1774193548387,28.44870229173123,7.672540000000001,0.8486801374933888
ENSGT00390000009532.Euteleostomi.001,BIC,1,aa,62,361,562,396.1774193548387,28.44870229173123,7.672540000000001,0.8486801374933888
ENSGT00390000009595.Euteleostomi.001,AIC,1,aa,62,817,1310,907.9516129032259,74.90724918832926,9.570330000000002,1.1033710312004223
ENSGT00390000009595.Euteleostomi.001,AICc,1,aa,62,817,1310,907.9516129032259,74.90724918832926,9.570330000000002,1.1033710312004223
ENSGT00390000009595.Euteleostomi.001,BIC,1,aa,62,817,1310,907.9516129032259,74.90724918832926,9.570330000000002,1.1033710312004223
ENSGT00390000009763.Euteleostomi.002,AIC,1,aa,54,539,682,588.5555555555555,39.782743327561846,7.129369999999999,1.0121930328441644
ENSGT00390000009763.Euteleostomi.002,AICc,1,aa,54,539,682,588.5555555555555,39.782743327561846,7.129369999999999,1.0121930328441644
ENSGT00390000009763.Euteleostomi.002,BIC,2,aa,54,539,682,588.5555555555555,39.782743327561846,7.129369999999999,1.0121930328441644
ENSGT00390000009798.Euteleostomi.002,AIC,1,aa,60,409,529,477.28333333333336,32.248028013112105,9.937320000000001,1.3926939209039537
ENSGT00390000009798.Euteleostomi.002,AICc,1,aa,60,409,529,477.28333333333336,32.248028013112105,9.937320000000001,1.3926939209039537
ENSGT00390000009798.Euteleostomi.002,BIC,1,aa,60,409,529,477.28333333333336,32.248028013112105,9.937320000000001,1.3926939209039537
ENSGT00390000009905.Euteleostomi.001,AIC,1,aa,53,488,594,519.6603773584906,19.58408242604812,2.0450400000000006,0.3412178084179972
ENSGT00390000009905.Euteleostomi.001,AICc,1,aa,53,488,594,519.6603773584906,19.58408242604812,2.0450400000000006,0.3412178084179972
ENSGT00390000009905.Euteleostomi.001,BIC,2,aa,53,488,594,519.6603773584906,19.58408242604812,2.0450400000000006,0.3412178084179972
ENSGT00390000009905.Euteleostomi.002,AIC,1,aa,59,489,632,543.8813559322034,34.382275278145315,2.4253799999999996,0.3914189246054944
ENSGT00390000009905.Euteleostomi.002,AICc,1,aa,59,489,632,543.8813559322034,34.382275278145315,2.4253799999999996,0.3914189246054944
ENSGT00390000009905.Euteleostomi.002,BIC,1,aa,59,489,632,543.8813559322034,34.382275278145315,2.4253799999999996,0.3914189246054944
ENSGT00390000009929.Euteleostomi.001,AIC,1,aa,59,276,371,329.47457627118644,15.635234228700375,6.908779999999996,0.9130420222092346
ENSGT00390000009929.Euteleostomi.001,AICc,1,aa,59,276,371,329.47457627118644,15.635234228700375,6.908779999999996,0.9130420222092346
ENSGT00390000009929.Euteleostomi.001,BIC,1,aa,59,276,371,329.47457627118644,15.635234228700375,6.908779999999996,0.9130420222092346
ENSGT00390000010072.Euteleostomi.001,AIC,2,aa,54,497,527,514.8148148148148,8.496556625678505,6.27215,0.7459624109014679
ENSGT00390000010072.Euteleostomi.001,AICc,1,aa,54,497,527,514.8148148148148,8.496556625678505,6.27215,0.7459624109014679
ENSGT00390000010072.Euteleostomi.001,BIC,1,aa,54,497,527,514.8148148148148,8.496556625678505,6.27215,0.7459624109014679
ENSGT00390000010091.Euteleostomi.001,AIC,2,aa,56,756,979,814.3928571428571,39.3352391496612,4.90812,0.7109896493506491
ENSGT00390000010091.Euteleostomi.001,AICc,2,aa,56,756,979,814.3928571428571,39.3352391496612,4.90812,0.7109896493506491
ENSGT00390000010091.Euteleostomi.001,BIC,1,aa,56,756,979,814.3928571428571,39.3352391496612,4.90812,0.7109896493506491
ENSGT00390000010116.Euteleostomi.001,AIC,1,aa,59,628,683,659.9152542372881,10.463875684028395,3.1626400000000006,0.244403728813559
ENSGT00390000010116.Euteleostomi.001,AICc,1,aa,59,628,683,659.9152542372881,10.463875684028395,3.1626400000000006,0.244403728813559
ENSGT00390000010116.Euteleostomi.001,BIC,1,aa,59,628,683,659.9152542372881,10.463875684028395,3.1626400000000006,0.244403728813559
ENSGT00390000010157.Euteleostomi.001,AIC,2,aa,60,299,331,309.1666666666667,5.955105107062192,8.217899999999998,1.024737824858757
ENSGT00390000010157.Euteleostomi.001,AICc,1,aa,60,299,331,309.1666666666667,5.955105107062192,8.217899999999998,1.024737824858757
ENSGT00390000010157.Euteleostomi.001,BIC,1,aa,60,299,331,309.1666666666667,5.955105107062192,8.217899999999998,1.024737824858757
ENSGT00390000010600.Euteleostomi.001,AIC,2,aa,62,212,357,260.0806451612903,42.26896640430682,7.425199999999998,1.1952056319407718
ENSGT00390000010600.Euteleostomi.001,AICc,2,aa,62,212,357,260.0806451612903,42.26896640430682,7.425199999999998,1.1952056319407718
ENSGT00390000010600.Euteleostomi.001,BIC,4,aa,62,212,357,260.0806451612903,42.26896640430682,7.425199999999998,1.1952056319407718
ENSGT00390000010947.Euteleostomi.003,AIC,1,aa,50,416,513,468.48,17.70303790371608,6.782440000000001,0.8067055591836737
ENSGT00390000010947.Euteleostomi.003,AICc,1,aa,50,416,513,468.48,17.70303790371608,6.782440000000001,0.8067055591836737
ENSGT00390000010947.Euteleostomi.003,BIC,1,aa,50,416,513,468.48,17.70303790371608,6.782440000000001,0.8067055591836737
ENSGT00390000011425.Euteleostomi.001,AIC,3,aa,52,289,320,299.96153846153845,5.32828758299692,9.438430000000002,1.3844879336349931
ENSGT00390000011425.Euteleostomi.001,AICc,2,aa,52,289,320,299.96153846153845,5.32828758299692,9.438430000000002,1.3844879336349931
ENSGT00390000011425.Euteleostomi.001,BIC,2,aa,52,289,320,299.96153846153845,5.32828758299692,9.438430000000002,1.3844879336349931
ENSGT00390000011560.Euteleostomi.002,AIC,1,aa,62,456,505,464.3709677419355,10.25132357862615,5.8204800000000025,0.6757622633527227
ENSGT00390000011560.Euteleostomi.002,AICc,1,aa,62,456,505,464.3709677419355,10.25132357862615,5.8204800000000025,0.6757622633527227
ENSGT00390000011560.Euteleostomi.002,BIC,1,aa,62,456,505,464.3709677419355,10.25132357862615,5.8204800000000025,0.6757622633527227
ENSGT00390000011587.Euteleostomi.001,AIC,1,aa,52,712,1003,827.6730769230769,97.92768863866651,10.585790000000001,1.5905840573152332
ENSGT00390000011587.Euteleostomi.001,AICc,1,aa,52,712,1003,827.6730769230769,97.92768863866651,10.585790000000001,1.5905840573152332
ENSGT00390000011587.Euteleostomi.001,BIC,1,aa,52,712,1003,827.6730769230769,97.92768863866651,10.585790000000001,1.5905840573152332
ENSGT00390000011747.Euteleostomi.001,AIC,1,aa,51,213,303,227.90196078431373,17.31849289281349,3.69313,0.2885205176470588
ENSGT00390000011747.Euteleostomi.001,AICc,1,aa,51,213,303,227.90196078431373,17.31849289281349,3.69313,0.2885205176470588
ENSGT00390000011747.Euteleostomi.001,BIC,1,aa,51,213,303,227.90196078431373,17.31849289281349,3.69313,0.2885205176470588
ENSGT00390000011821.Euteleostomi.001,AIC,1,aa,55,325,791,624.0181818181818,141.9901523592512,15.92489,1.453665265993264
ENSGT00390000011821.Euteleostomi.001,AICc,2,aa,55,325,791,624.0181818181818,141.9901523592512,15.92489,1.453665265993264
ENSGT00390000011821.Euteleostomi.001,BIC,1,aa,55,325,791,624.0181818181818,141.9901523592512,15.92489,1.453665265993264
ENSGT00390000011831.Euteleostomi.001,AIC,1,aa,61,546,644,577.8360655737705,18.216458060289742,4.464920000000001,0.5871024043715845
ENSGT00390000011831.Euteleostomi.001,AICc,2,aa,61,546,644,577.8360655737705,18.216458060289742,4.464920000000001,0.5871024043715845
ENSGT00390000011831.Euteleostomi.001,BIC,1,aa,61,546,644,577.8360655737705,18.216458060289742,4.464920000000001,0.5871024043715845
ENSGT00390000011960.Euteleostomi.001,AIC,2,aa,61,434,559,461.8688524590164,19.941978679689793,9.012830000000001,1.374879355191257
ENSGT00390000011960.Euteleostomi.001,AICc,1,aa,61,434,559,461.8688524590164,19.941978679689793,9.012830000000001,1.374879355191257
ENSGT00390000011960.Euteleostomi.001,BIC,1,aa,61,434,559,461.8688524590164,19.941978679689793,9.012830000000001,1.374879355191257
ENSGT00390000012305.Euteleostomi.001,AIC,2,aa,52,245,434,332.63461538461536,49.44159907868083,15.45382,1.743119524886879
ENSGT00390000012305.Euteleostomi.001,AICc,2,aa,52,245,434,332.63461538461536,49.44159907868083,15.45382,1.743119524886879
ENSGT00390000012305.Euteleostomi.001,BIC,2,aa,52,245,434,332.63461538461536,49.44159907868083,15.45382,1.743119524886879
ENSGT00390000013146.Euteleostomi.005,AIC,2,aa,61,271,336,287.8196721311475,11.453541223454739,10.745280000000005,1.0376353224043717
ENSGT00390000013146.Euteleostomi.005,AICc,2,aa,61,271,336,287.8196721311475,11.453541223454739,10.745280000000005,1.0376353224043717
ENSGT00390000013146.Euteleostomi.005,BIC,2,aa,61,271,336,287.8196721311475,11.453541223454739,10.745280000000005,1.0376353224043717
ENSGT00390000013164.Euteleostomi.006,AIC,1,aa,52,1082,2275,1895.5961538461538,322.81672452333675,6.944510000000001,1.1631026244343894
ENSGT00390000013164.Euteleostomi.006,AICc,1,aa,52,1082,2275,1895.5961538461538,322.81672452333675,6.944510000000001,1.1631026244343894
ENSGT00390000013164.Euteleostomi.006,BIC,1,aa,52,1082,2275,1895.5961538461538,322.81672452333675,6.944510000000001,1.1631026244343894
ENSGT00390000013285.Euteleostomi.001,AIC,1,aa,52,432,565,518.8269230769231,30.449393022603047,8.745230000000001,0.9232280467571651
ENSGT00390000013285.Euteleostomi.001,AICc,1,aa,52,432,565,518.8269230769231,30.449393022603047,8.745230000000001,0.9232280467571651
ENSGT00390000013285.Euteleostomi.001,BIC,1,aa,52,432,565,518.8269230769231,30.449393022603047,8.745230000000001,0.9232280467571651
ENSGT00390000013296.Euteleostomi.001,AIC,1,aa,61,342,978,498.5409836065574,166.3013904301957,14.111860000000007,1.2070571366120209
ENSGT00390000013296.Euteleostomi.001,AICc,1,aa,61,342,978,498.5409836065574,166.3013904301957,14.111860000000007,1.2070571366120209
ENSGT00390000013296.Euteleostomi.001,BIC,1,aa,61,342,978,498.5409836065574,166.3013904301957,14.111860000000007,1.2070571366120209
ENSGT00390000013494.Euteleostomi.001,AIC,2,aa,61,978,1145,1080.4426229508197,39.929322805078115,5.992509999999999,0.7054768961748622
ENSGT00390000013494.Euteleostomi.001,AICc,2,aa,61,978,1145,1080.4426229508197,39.929322805078115,5.992509999999999,0.7054768961748622
ENSGT00390000013494.Euteleostomi.001,BIC,1,aa,61,978,1145,1080.4426229508197,39.929322805078115,5.992509999999999,0.7054768961748622
ENSGT00390000013549.Euteleostomi.001,AIC,1,aa,51,683,865,771.7058823529412,39.641540897218945,7.7818000000000005,0.6856555607843129
ENSGT00390000013549.Euteleostomi.001,AICc,1,aa,51,683,865,771.7058823529412,39.641540897218945,7.7818000000000005,0.6856555607843129
ENSGT00390000013549.Euteleostomi.001,BIC,1,aa,51,683,865,771.7058823529412,39.641540897218945,7.7818000000000005,0.6856555607843129
ENSGT00390000013581.Euteleostomi.001,AIC,2,aa,57,675,856,770.3684210526316,54.24601090631568,4.5369299999999955,0.6694252130325812
ENSGT00390000013581.Euteleostomi.001,AICc,2,aa,57,675,856,770.3684210526316,54.24601090631568,4.5369299999999955,0.6694252130325812
ENSGT00390000013581.Euteleostomi.001,BIC,1,aa,57,675,856,770.3684210526316,54.24601090631568,4.5369299999999955,0.6694252130325812
ENSGT00390000013762.Euteleostomi.001,AIC,1,NA,NA,NA,NA,NA,NA,NA,NA
ENSGT00390000013762.Euteleostomi.001,AICc,1,NA,NA,NA,NA,NA,NA,NA,NA
ENSGT00390000013762.Euteleostomi.001,BIC,1,NA,NA,NA,NA,NA,NA,NA,NA
ENSGT00390000014093.Euteleostomi.001,AIC,1,aa,58,417,544,466.3103448275862,35.65586337282361,6.164789999999996,0.6856136055656383
ENSGT00390000014093.Euteleostomi.001,AICc,1,aa,58,417,544,466.3103448275862,35.65586337282361,6.164789999999996,0.6856136055656383
ENSGT00390000014093.Euteleostomi.001,BIC,1,aa,58,417,544,466.3103448275862,35.65586337282361,6.164789999999996,0.6856136055656383
ENSGT00390000014100.Euteleostomi.001,AIC,1,aa,55,265,286,279.2,4.5108921676480085,4.639969999999997,0.47167630976430996
ENSGT00390000014100.Euteleostomi.001,AICc,2,aa,55,265,286,279.2,4.5108921676480085,4.639969999999997,0.47167630976430996
ENSGT00390000014100.Euteleostomi.001,BIC,1,aa,55,265,286,279.2,4.5108921676480085,4.639969999999997,0.47167630976430996
ENSGT00390000014213.Euteleostomi.001,AIC,1,aa,55,395,457,428.7090909090909,19.039600765415155,7.427499999999999,1.1990734545454549
ENSGT00390000014213.Euteleostomi.001,AICc,1,aa,55,395,457,428.7090909090909,19.039600765415155,7.427499999999999,1.1990734545454549
ENSGT00390000014213.Euteleostomi.001,BIC,2,aa,55,395,457,428.7090909090909,19.039600765415155,7.427499999999999,1.1990734545454549
ENSGT00390000014618.Euteleostomi.001,AIC,3,aa,61,539,655,594.0819672131148,35.33520203327328,4.968249999999999,0.6956635519125683
ENSGT00390000014618.Euteleostomi.001,AICc,3,aa,61,539,655,594.0819672131148,35.33520203327328,4.968249999999999,0.6956635519125683
ENSGT00390000014618.Euteleostomi.001,BIC,2,aa,61,539,655,594.0819672131148,35.33520203327328,4.968249999999999,0.6956635519125683
ENSGT00390000015092.Euteleostomi.002,AIC,1,aa,60,570,690,653.4166666666666,30.556583615644712,3.84184,0.6097338587570621
ENSGT00390000015092.Euteleostomi.002,AICc,1,aa,60,570,690,653.4166666666666,30.556583615644712,3.84184,0.6097338587570621
ENSGT00390000015092.Euteleostomi.002,BIC,1,aa,60,570,690,653.4166666666666,30.556583615644712,3.84184,0.6097338587570621
ENSGT00390000015406.Euteleostomi.001,AIC,2,aa,61,273,351,309.04918032786884,23.660393226873328,4.660639999999997,0.806667366120218
ENSGT00390000015406.Euteleostomi.001,AICc,4,aa,61,273,351,309.04918032786884,23.660393226873328,4.660639999999997,0.806667366120218
ENSGT00390000015406.Euteleostomi.001,BIC,2,aa,61,273,351,309.04918032786884,23.660393226873328,4.660639999999997,0.806667366120218
ENSGT00390000015510.Euteleostomi.001,AIC,1,aa,56,497,619,565.4107142857143,27.9712688864285,3.48464,0.7073936298701299
ENSGT00390000015510.Euteleostomi.001,AICc,1,aa,56,497,619,565.4107142857143,27.9712688864285,3.48464,0.7073936298701299
ENSGT00390000015510.Euteleostomi.001,BIC,2,aa,56,497,619,565.4107142857143,27.9712688864285,3.48464,0.7073936298701299
ENSGT00390000015700.Euteleostomi.001,AIC,1,aa,54,454,536,480.0925925925926,14.68572470573973,7.881399999999998,0.8302738644304677
ENSGT00390000015700.Euteleostomi.001,AICc,1,aa,54,454,536,480.0925925925926,14.68572470573973,7.881399999999998,0.8302738644304677
ENSGT00390000015700.Euteleostomi.001,BIC,1,aa,54,454,536,480.0925925925926,14.68572470573973,7.881399999999998,0.8302738644304677
ENSGT00390000016025.Euteleostomi.001,AIC,1,aa,59,599,664,640.6271186440678,22.667688004860153,9.313550000000005,0.8177766569257738
ENSGT00390000016025.Euteleostomi.001,AICc,1,aa,59,599,664,640.6271186440678,22.667688004860153,9.313550000000005,0.8177766569257738
ENSGT00390000016025.Euteleostomi.001,BIC,1,aa,59,599,664,640.6271186440678,22.667688004860153,9.313550000000005,0.8177766569257738
ENSGT00390000016028.Euteleostomi.002,AIC,1,aa,62,371,501,420.6774193548387,36.415531812202346,9.028550000000008,1.2775565732416696
ENSGT00390000016028.Euteleostomi.002,AICc,1,aa,62,371,501,420.6774193548387,36.415531812202346,9.028550000000008,1.2775565732416696
ENSGT00390000016028.Euteleostomi.002,BIC,1,aa,62,371,501,420.6774193548387,36.415531812202346,9.028550000000008,1.2775565732416696
ENSGT00390000016292.Euteleostomi.001,AIC,2,aa,51,318,351,337.4901960784314,9.660999014635305,4.442530000000001,0.45656867450980415
ENSGT00390000016292.Euteleostomi.001,AICc,4,aa,51,318,351,337.4901960784314,9.660999014635305,4.442530000000001,0.45656867450980415
ENSGT00390000016292.Euteleostomi.001,BIC,1,aa,51,318,351,337.4901960784314,9.660999014635305,4.442530000000001,0.45656867450980415
ENSGT00390000016313.Euteleostomi.001,AIC,1,aa,52,859,1010,875.9038461538462,21.083642591284924,1.4688099999999997,0.2108544268476621
ENSGT00390000016313.Euteleostomi.001,AICc,2,aa,52,859,1010,875.9038461538462,21.083642591284924,1.4688099999999997,0.2108544268476621
ENSGT00390000016313.Euteleostomi.001,BIC,1,aa,52,859,1010,875.9038461538462,21.083642591284924,1.4688099999999997,0.2108544268476621
ENSGT00390000016402.Euteleostomi.001,AIC,1,aa,56,235,297,266.73214285714283,26.86903663829669,5.51307,0.9470633376623371
ENSGT00390000016402.Euteleostomi.001,AICc,2,aa,56,235,297,266.73214285714283,26.86903663829669,5.51307,0.9470633376623371
ENSGT00390000016402.Euteleostomi.001,BIC,2,aa,56,235,297,266.73214285714283,26.86903663829669,5.51307,0.9470633376623371
ENSGT00390000016421.Euteleostomi.001,AIC,2,aa,57,2200,2477,2359.40350877193,92.12624483538158,6.754759999999998,1.1044654385964905
ENSGT00390000016421.Euteleostomi.001,AICc,2,aa,57,2200,2477,2359.40350877193,92.12624483538158,6.754759999999998,1.1044654385964905
ENSGT00390000016421.Euteleostomi.001,BIC,1,aa,57,2200,2477,2359.40350877193,92.12624483538158,6.754759999999998,1.1044654385964905
ENSGT00390000016529.Euteleostomi.002,AIC,1,aa,59,438,677,593.5593220338983,72.9232641528398,6.1242,0.8206846639392184
ENSGT00390000016529.Euteleostomi.002,AICc,1,aa,59,438,677,593.5593220338983,72.9232641528398,6.1242,0.8206846639392184
ENSGT00390000016529.Euteleostomi.002,BIC,1,aa,59,438,677,593.5593220338983,72.9232641528398,6.1242,0.8206846639392184
ENSGT00390000016613.Euteleostomi.001,AIC,1,aa,50,624,699,660.14,15.844924507647905,3.9075700000000007,0.48017805714285744
ENSGT00390000016613.Euteleostomi.001,AICc,1,aa,50,624,699,660.14,15.844924507647905,3.9075700000000007,0.48017805714285744
ENSGT00390000016613.Euteleostomi.001,BIC,1,aa,50,624,699,660.14,15.844924507647905,3.9075700000000007,0.48017805714285744
ENSGT00390000016655.Euteleostomi.001,AIC,1,aa,56,852,908,882.5357142857143,15.933913844050068,5.33168,0.628997409090908
ENSGT00390000016655.Euteleostomi.001,AICc,1,aa,56,852,908,882.5357142857143,15.933913844050068,5.33168,0.628997409090908
ENSGT00390000016655.Euteleostomi.001,BIC,1,aa,56,852,908,882.5357142857143,15.933913844050068,5.33168,0.628997409090908
ENSGT00390000016700.Euteleostomi.001,AIC,2,aa,52,255,395,264.6730769230769,24.4385753843692,3.217040000000002,0.3099923227752639
ENSGT00390000016700.Euteleostomi.001,AICc,2,aa,52,255,395,264.6730769230769,24.4385753843692,3.217040000000002,0.3099923227752639
ENSGT00390000016700.Euteleostomi.001,BIC,2,aa,52,255,395,264.6730769230769,24.4385753843692,3.217040000000002,0.3099923227752639
ENSGT00390000016833.Euteleostomi.001,AIC,1,aa,57,341,637,454.57894736842104,105.4075335082875,14.94994,2.080174448621554
ENSGT00390000016833.Euteleostomi.001,AICc,1,aa,57,341,637,454.57894736842104,105.4075335082875,14.94994,2.080174448621554
ENSGT00390000016833.Euteleostomi.001,BIC,1,aa,57,341,637,454.57894736842104,105.4075335082875,14.94994,2.080174448621554
ENSGT00390000017119.Euteleostomi.001,AIC,1,aa,50,456,601,531.9,45.262161518271775,4.8464599999999995,0.691501616326531
ENSGT00390000017119.Euteleostomi.001,AICc,2,aa,50,456,601,531.9,45.262161518271775,4.8464599999999995,0.691501616326531
ENSGT00390000017119.Euteleostomi.001,BIC,2,aa,50,456,601,531.9,45.262161518271775,4.8464599999999995,0.691501616326531
ENSGT00390000017146.Euteleostomi.001,AIC,1,aa,52,393,510,461.8076923076923,24.980807112299242,7.129019999999999,0.9839464856711944
ENSGT00390000017146.Euteleostomi.001,AICc,1,aa,52,393,510,461.8076923076923,24.980807112299242,7.129019999999999,0.9839464856711944
ENSGT00390000017146.Euteleostomi.001,BIC,1,aa,52,393,510,461.8076923076923,24.980807112299242,7.129019999999999,0.9839464856711944
ENSGT00390000017213.Euteleostomi.001,AIC,1,aa,53,388,662,573.9622641509434,68.88450821264614,7.35662,1.226562496371552
ENSGT00390000017213.Euteleostomi.001,AICc,1,aa,53,388,662,573.9622641509434,68.88450821264614,7.35662,1.226562496371552
ENSGT00390000017213.Euteleostomi.001,BIC,1,aa,53,388,662,573.9622641509434,68.88450821264614,7.35662,1.226562496371552
ENSGT00390000017273.Euteleostomi.001,AIC,2,aa,55,455,727,613.4,106.50605964329326,12.093290000000003,1.826246383838386
ENSGT00390000017273.Euteleostomi.001,AICc,2,aa,55,455,727,613.4,106.50605964329326,12.093290000000003,1.826246383838386
ENSGT00390000017273.Euteleostomi.001,BIC,1,aa,55,455,727,613.4,106.50605964329326,12.093290000000003,1.826246383838386
ENSGT00390000017365.Euteleostomi.001,AIC,1,aa,61,901,945,918.0327868852459,6.348142019821637,12.105129999999996,1.1560411693989072
ENSGT00390000017365.Euteleostomi.001,AICc,1,aa,61,901,945,918.0327868852459,6.348142019821637,12.105129999999996,1.1560411693989072
ENSGT00390000017365.Euteleostomi.001,BIC,1,aa,61,901,945,918.0327868852459,6.348142019821637,12.105129999999996,1.1560411693989072
ENSGT00390000017581.Euteleostomi.001,AIC,1,aa,52,228,257,235.84615384615384,9.03888032148138,9.79608,1.0684051357466053
ENSGT00390000017581.Euteleostomi.001,AICc,1,aa,52,228,257,235.84615384615384,9.03888032148138,9.79608,1.0684051357466053
ENSGT00390000017581.Euteleostomi.001,BIC,1,aa,52,228,257,235.84615384615384,9.03888032148138,9.79608,1.0684051357466053
ENSGT00390000017671.Euteleostomi.001,AIC,1,aa,60,380,475,402.6,15.11223547384533,8.895560000000001,1.2316055084745732
ENSGT00390000017671.Euteleostomi.001,AICc,1,aa,60,380,475,402.6,15.11223547384533,8.895560000000001,1.2316055084745732
ENSGT00390000017671.Euteleostomi.001,BIC,1,aa,60,380,475,402.6,15.11223547384533,8.895560000000001,1.2316055084745732
ENSGT00390000017673.Euteleostomi.002,AIC,1,aa,50,284,334,312.94,8.818834204966883,5.466620000000001,0.5531345795918367
ENSGT00390000017673.Euteleostomi.002,AICc,1,aa,50,284,334,312.94,8.818834204966883,5.466620000000001,0.5531345795918367
ENSGT00390000017673.Euteleostomi.002,BIC,1,aa,50,284,334,312.94,8.818834204966883,5.466620000000001,0.5531345795918367
ENSGT00390000017707.Euteleostomi.001,AIC,2,aa,59,606,892,735.1186440677966,102.28258434454379,3.9580200000000003,0.5685123787258909
ENSGT00390000017707.Euteleostomi.001,AICc,2,aa,59,606,892,735.1186440677966,102.28258434454379,3.9580200000000003,0.5685123787258909
ENSGT00390000017707.Euteleostomi.001,BIC,1,aa,59,606,892,735.1186440677966,102.28258434454379,3.9580200000000003,0.5685123787258909
ENSGT00390000017920.Euteleostomi.002,AIC,1,aa,51,348,578,468.7843137254902,41.98586129900883,9.052370000000003,0.8777167372549033
ENSGT00390000017920.Euteleostomi.002,AICc,1,aa,51,348,578,468.7843137254902,41.98586129900883,9.052370000000003,0.8777167372549033
ENSGT00390000017920.Euteleostomi.002,BIC,2,aa,51,348,578,468.7843137254902,41.98586129900883,9.052370000000003,0.8777167372549033
ENSGT00390000017928.Euteleostomi.001,AIC,4,aa,58,730,851,742.3103448275862,15.547557936015055,3.6815300000000013,0.5509977313974599
ENSGT00390000017928.Euteleostomi.001,AICc,2,aa,58,730,851,742.3103448275862,15.547557936015055,3.6815300000000013,0.5509977313974599
ENSGT00390000017928.Euteleostomi.001,BIC,1,aa,58,730,851,742.3103448275862,15.547557936015055,3.6815300000000013,0.5509977313974599
ENSGT00390000018051.Euteleostomi.001,AIC,1,aa,50,358,463,404.02,24.723359193198615,10.579700000000003,1.1636341469387745
ENSGT00390000018051.Euteleostomi.001,AICc,1,aa,50,358,463,404.02,24.723359193198615,10.579700000000003,1.1636341469387745
ENSGT00390000018051.Euteleostomi.001,BIC,2,aa,50,358,463,404.02,24.723359193198615,10.579700000000003,1.1636341469387745
ENSGT00390000018245.Euteleostomi.001,AIC,2,aa,60,286,341,310.51666666666665,10.90559126796685,13.388599999999999,1.254459514124295
ENSGT00390000018245.Euteleostomi.001,AICc,4,aa,60,286,341,310.51666666666665,10.90559126796685,13.388599999999999,1.254459514124295
ENSGT00390000018245.Euteleostomi.001,BIC,4,aa,60,286,341,310.51666666666665,10.90559126796685,13.388599999999999,1.254459514124295
ENSGT00390000018573.Euteleostomi.001,AIC,1,aa,62,312,422,377.69354838709677,32.493928164049464,2.660560000000001,0.34027525118984614
ENSGT00390000018573.Euteleostomi.001,AICc,1,aa,62,312,422,377.69354838709677,32.493928164049464,2.660560000000001,0.34027525118984614
ENSGT00390000018573.Euteleostomi.001,BIC,1,aa,62,312,422,377.69354838709677,32.493928164049464,2.660560000000001,0.34027525118984614
ENSGT00390000018612.Euteleostomi.001,AIC,2,aa,61,682,738,713.655737704918,16.425473352795287,3.2316000000000003,0.39119574863387924
ENSGT00390000018612.Euteleostomi.001,AICc,2,aa,61,682,738,713.655737704918,16.425473352795287,3.2316000000000003,0.39119574863387924
ENSGT00390000018612.Euteleostomi.001,BIC,1,aa,61,682,738,713.655737704918,16.425473352795287,3.2316000000000003,0.39119574863387924
ENSGT00390000018714.Euteleostomi.002,AIC,1,aa,60,357,612,485.43333333333334,79.85609231753072,3.8904900000000007,0.6637279830508462
ENSGT00390000018714.Euteleostomi.002,AICc,1,aa,60,357,612,485.43333333333334,79.85609231753072,3.8904900000000007,0.6637279830508462
ENSGT00390000018714.Euteleostomi.002,BIC,2,aa,60,357,612,485.43333333333334,79.85609231753072,3.8904900000000007,0.6637279830508462
ENSGT00390000018729.Euteleostomi.001,AIC,2,aa,62,380,931,623.483870967742,247.82918111933097,10.045759999999992,1.0056236277102069
ENSGT00390000018729.Euteleostomi.001,AICc,2,aa,62,380,931,623.483870967742,247.82918111933097,10.045759999999992,1.0056236277102069
ENSGT00390000018729.Euteleostomi.001,BIC,1,aa,62,380,931,623.483870967742,247.82918111933097,10.045759999999992,1.0056236277102069
ENSGT00390000020719.Euteleostomi.003,AIC,1,aa,61,359,575,417.7049180327869,72.46754313996833,2.9426500000000013,0.3671977704918038
ENSGT00390000020719.Euteleostomi.003,AICc,1,aa,61,359,575,417.7049180327869,72.46754313996833,2.9426500000000013,0.3671977704918038
ENSGT00390000020719.Euteleostomi.003,BIC,1,aa,61,359,575,417.7049180327869,72.46754313996833,2.9426500000000013,0.3671977704918038
ENSGT00400000022032.Euteleostomi.001,AIC,1,aa,61,233,406,318.0655737704918,45.98835680635517,14.67109,1.1774468415300554
ENSGT00400000022032.Euteleostomi.001,AICc,1,aa,61,233,406,318.0655737704918,45.98835680635517,14.67109,1.1774468415300554
ENSGT00400000022032.Euteleostomi.001,BIC,1,aa,61,233,406,318.0655737704918,45.98835680635517,14.67109,1.1774468415300554
ENSGT00400000022055.Euteleostomi.001,AIC,1,aa,62,495,710,565.9032258064516,59.4432391273236,4.9716099999999965,0.8274970280274992
ENSGT00400000022055.Euteleostomi.001,AICc,1,aa,62,495,710,565.9032258064516,59.4432391273236,4.9716099999999965,0.8274970280274992
ENSGT00400000022055.Euteleostomi.001,BIC,2,aa,62,495,710,565.9032258064516,59.4432391273236,4.9716099999999965,0.8274970280274992
ENSGT00410000025582.Euteleostomi.001,AIC,1,aa,52,648,772,700.3461538461538,21.034877307662537,10.284710000000002,1.065698446455505
ENSGT00410000025582.Euteleostomi.001,AICc,1,aa,52,648,772,700.3461538461538,21.034877307662537,10.284710000000002,1.065698446455505
ENSGT00410000025582.Euteleostomi.001,BIC,1,aa,52,648,772,700.3461538461538,21.034877307662537,10.284710000000002,1.065698446455505
ENSGT00410000025596.Euteleostomi.001,AIC,1,aa,51,526,581,550.9607843137255,19.18849737140845,3.0538600000000002,0.6944878588235286
ENSGT00410000025596.Euteleostomi.001,AICc,1,aa,51,526,581,550.9607843137255,19.18849737140845,3.0538600000000002,0.6944878588235286
ENSGT00410000025596.Euteleostomi.001,BIC,1,aa,51,526,581,550.9607843137255,19.18849737140845,3.0538600000000002,0.6944878588235286
ENSGT00410000025615.Euteleostomi.001,AIC,1,aa,60,237,301,268.03333333333336,16.144439843274444,5.691219999999995,0.572931723163842
ENSGT00410000025615.Euteleostomi.001,AICc,1,aa,60,237,301,268.03333333333336,16.144439843274444,5.691219999999995,0.572931723163842
ENSGT00410000025615.Euteleostomi.001,BIC,1,aa,60,237,301,268.03333333333336,16.144439843274444,5.691219999999995,0.572931723163842
ENSGT00410000025651.Euteleostomi.001,AIC,1,aa,58,869,946,899.3448275862069,13.667160954867079,11.438119999999998,1.0649568239564422
ENSGT00410000025651.Euteleostomi.001,AICc,1,aa,58,869,946,899.3448275862069,13.667160954867079,11.438119999999998,1.0649568239564422
ENSGT00410000025651.Euteleostomi.001,BIC,1,aa,58,869,946,899.3448275862069,13.667160954867079,11.438119999999998,1.0649568239564422
ENSGT00410000025758.Euteleostomi.001,AIC,1,aa,57,1198,1955,1475.7368421052631,151.28609679249038,5.203899999999999,0.8960444360902254
ENSGT00410000025758.Euteleostomi.001,AICc,1,aa,57,1198,1955,1475.7368421052631,151.28609679249038,5.203899999999999,0.8960444360902254
ENSGT00410000025758.Euteleostomi.001,BIC,1,aa,57,1198,1955,1475.7368421052631,151.28609679249038,5.203899999999999,0.8960444360902254
ENSGT00410000025793.Euteleostomi.001,AIC,1,aa,60,611,1167,873.15,191.99751278403122,10.45613,1.038902892655367
ENSGT00410000025793.Euteleostomi.001,AICc,1,aa,60,611,1167,873.15,191.99751278403122,10.45613,1.038902892655367
ENSGT00410000025793.Euteleostomi.001,BIC,1,aa,60,611,1167,873.15,191.99751278403122,10.45613,1.038902892655367
ENSGT00420000029746.Euteleostomi.001,AIC,2,aa,58,222,4621,665.6379310344828,699.7143451807921,9.923320000000004,1.2182235329703577
ENSGT00420000029746.Euteleostomi.001,AICc,2,aa,58,222,4621,665.6379310344828,699.7143451807921,9.923320000000004,1.2182235329703577
ENSGT00420000029746.Euteleostomi.001,BIC,1,aa,58,222,4621,665.6379310344828,699.7143451807921,9.923320000000004,1.2182235329703577
ENSGT00440000033318.Euteleostomi.002,AIC,1,aa,50,251,366,326.42,34.11390882778173,5.221850000000002,0.5191152653061231
ENSGT00440000033318.Euteleostomi.002,AICc,1,aa,50,251,366,326.42,34.11390882778173,5.221850000000002,0.5191152653061231
ENSGT00440000033318.Euteleostomi.002,BIC,1,aa,50,251,366,326.42,34.11390882778173,5.221850000000002,0.5191152653061231
ENSGT00440000033542.Euteleostomi.002,AIC,1,aa,54,896,993,947.3703703703703,34.450564141557365,9.462349999999995,0.958186827393431
ENSGT00440000033542.Euteleostomi.002,AICc,1,aa,54,896,993,947.3703703703703,34.450564141557365,9.462349999999995,0.958186827393431
ENSGT00440000033542.Euteleostomi.002,BIC,1,aa,54,896,993,947.3703703703703,34.450564141557365,9.462349999999995,0.958186827393431
ENSGT00440000033589.Euteleostomi.001,AIC,2,aa,55,366,560,439.27272727272725,34.40900751227501,7.503990000000001,1.0182894276094256
ENSGT00440000033589.Euteleostomi.001,AICc,3,aa,55,366,560,439.27272727272725,34.40900751227501,7.503990000000001,1.0182894276094256
ENSGT00440000033589.Euteleostomi.001,BIC,2,aa,55,366,560,439.27272727272725,34.40900751227501,7.503990000000001,1.0182894276094256
ENSGT00440000034671.Euteleostomi.001,AIC,1,aa,59,217,286,252.5084745762712,14.878094150932021,15.460520000000004,1.7619494798363522
ENSGT00440000034671.Euteleostomi.001,AICc,1,aa,59,217,286,252.5084745762712,14.878094150932021,15.460520000000004,1.7619494798363522
ENSGT00440000034671.Euteleostomi.001,BIC,2,aa,59,217,286,252.5084745762712,14.878094150932021,15.460520000000004,1.7619494798363522
ENSGT00440000037341.Euteleostomi.002,AIC,2,aa,53,276,438,376.7358490566038,42.98396433707138,8.847810000000003,1.2146456023222043
ENSGT00440000037341.Euteleostomi.002,AICc,2,aa,53,276,438,376.7358490566038,42.98396433707138,8.847810000000003,1.2146456023222043
ENSGT00440000037341.Euteleostomi.002,BIC,1,aa,53,276,438,376.7358490566038,42.98396433707138,8.847810000000003,1.2146456023222043
ENSGT00440000037877.Euteleostomi.001,AIC,1,aa,60,525,753,618.6833333333333,43.838104184956194,6.452899999999994,0.8289289491525421
ENSGT00440000037877.Euteleostomi.001,AICc,1,aa,60,525,753,618.6833333333333,43.838104184956194,6.452899999999994,0.8289289491525421
ENSGT00440000037877.Euteleostomi.001,BIC,1,aa,60,525,753,618.6833333333333,43.838104184956194,6.452899999999994,0.8289289491525421
ENSGT00440000038338.Euteleostomi.001,AIC,1,aa,51,911,1136,1060.8431372549019,50.41046421092335,3.11371,0.5842692235294116
ENSGT00440000038338.Euteleostomi.001,AICc,1,aa,51,911,1136,1060.8431372549019,50.41046421092335,3.11371,0.5842692235294116
ENSGT00440000038338.Euteleostomi.001,BIC,1,aa,51,911,1136,1060.8431372549019,50.41046421092335,3.11371,0.5842692235294116
ENSGT00440000038465.Euteleostomi.001,AIC,4,aa,52,1018,1211,1076.5961538461538,48.3862156741978,4.896720000000001,0.8133776696832578
ENSGT00440000038465.Euteleostomi.001,AICc,3,aa,52,1018,1211,1076.5961538461538,48.3862156741978,4.896720000000001,0.8133776696832578
ENSGT00440000038465.Euteleostomi.001,BIC,1,aa,52,1018,1211,1076.5961538461538,48.3862156741978,4.896720000000001,0.8133776696832578
ENSGT00440000039028.Euteleostomi.001,AIC,1,aa,58,343,662,512.8965517241379,107.64328511340617,8.87565,1.2394223230490016
ENSGT00440000039028.Euteleostomi.001,AICc,1,aa,58,343,662,512.8965517241379,107.64328511340617,8.87565,1.2394223230490016
ENSGT00440000039028.Euteleostomi.001,BIC,1,aa,58,343,662,512.8965517241379,107.64328511340617,8.87565,1.2394223230490016
ENSGT00450000040316.Euteleostomi.001,AIC,1,aa,52,581,847,735.2307692307693,96.07566776583748,3.79318,0.9030934690799411
ENSGT00450000040316.Euteleostomi.001,AICc,1,aa,52,581,847,735.2307692307693,96.07566776583748,3.79318,0.9030934690799411
ENSGT00450000040316.Euteleostomi.001,BIC,1,aa,52,581,847,735.2307692307693,96.07566776583748,3.79318,0.9030934690799411
ENSGT00450000040408.Euteleostomi.001,AIC,2,aa,55,349,910,553.9090909090909,130.55157526707137,3.645890000000001,0.3371937508417511
ENSGT00450000040408.Euteleostomi.001,AICc,2,aa,55,349,910,553.9090909090909,130.55157526707137,3.645890000000001,0.3371937508417511
ENSGT00450000040408.Euteleostomi.001,BIC,2,aa,55,349,910,553.9090909090909,130.55157526707137,3.645890000000001,0.3371937508417511
ENSGT00480000042679.Euteleostomi.001,AIC,1,aa,62,301,355,326.16129032258067,11.067888196374492,6.750679999999998,1.3404187043892148
ENSGT00480000042679.Euteleostomi.001,AICc,2,aa,62,301,355,326.16129032258067,11.067888196374492,6.750679999999998,1.3404187043892148
ENSGT00480000042679.Euteleostomi.001,BIC,2,aa,62,301,355,326.16129032258067,11.067888196374492,6.750679999999998,1.3404187043892148
ENSGT00490000043360.Euteleostomi.001,AIC,1,aa,61,950,1310,1112.377049180328,79.27171919720723,10.074709999999998,1.4377209836065588
ENSGT00490000043360.Euteleostomi.001,AICc,1,aa,61,950,1310,1112.377049180328,79.27171919720723,10.074709999999998,1.4377209836065588
ENSGT00490000043360.Euteleostomi.001,BIC,1,aa,61,950,1310,1112.377049180328,79.27171919720723,10.074709999999998,1.4377209836065588
ENSGT00490000043365.Euteleostomi.001,AIC,1,aa,53,532,932,706.3584905660377,159.21153011247245,5.878359999999997,1.2422599999999988
ENSGT00490000043365.Euteleostomi.001,AICc,1,aa,53,532,932,706.3584905660377,159.21153011247245,5.878359999999997,1.2422599999999988
ENSGT00490000043365.Euteleostomi.001,BIC,1,aa,53,532,932,706.3584905660377,159.21153011247245,5.878359999999997,1.2422599999999988
ENSGT00500000044808.Euteleostomi.002,AIC,2,aa,55,373,433,408.2,13.336666250104134,3.15547,0.39453618855218864
ENSGT00500000044808.Euteleostomi.002,AICc,2,aa,55,373,433,408.2,13.336666250104134,3.15547,0.39453618855218864
ENSGT00500000044808.Euteleostomi.002,BIC,2,aa,55,373,433,408.2,13.336666250104134,3.15547,0.39453618855218864
ENSGT00500000044813.Euteleostomi.002,AIC,1,aa,52,479,658,594.75,34.57976003273546,4.274599999999999,0.36906325037707394
ENSGT00500000044813.Euteleostomi.002,AICc,1,aa,52,479,658,594.75,34.57976003273546,4.274599999999999,0.36906325037707394
ENSGT00500000044813.Euteleostomi.002,BIC,1,aa,52,479,658,594.75,34.57976003273546,4.274599999999999,0.36906325037707394
ENSGT00510000046382.Euteleostomi.001,AIC,2,aa,54,444,501,483.68518518518516,14.471604042053011,11.552849999999998,1.0897691684136976
ENSGT00510000046382.Euteleostomi.001,AICc,1,aa,54,444,501,483.68518518518516,14.471604042053011,11.552849999999998,1.0897691684136976
ENSGT00510000046382.Euteleostomi.001,BIC,1,aa,54,444,501,483.68518518518516,14.471604042053011,11.552849999999998,1.0897691684136976
ENSGT00510000046400.Euteleostomi.001,AIC,1,aa,55,485,573,513.6909090909091,20.114369957517408,3.1655700000000024,0.42436501010100913
ENSGT00510000046400.Euteleostomi.001,AICc,1,aa,55,485,573,513.6909090909091,20.114369957517408,3.1655700000000024,0.42436501010100913
ENSGT00510000046400.Euteleostomi.001,BIC,1,aa,55,485,573,513.6909090909091,20.114369957517408,3.1655700000000024,0.42436501010100913
ENSGT00510000046443.Euteleostomi.002,AIC,1,aa,61,856,1241,1031.2459016393443,97.764624777695,4.76727,0.56656843715847
ENSGT00510000046443.Euteleostomi.002,AICc,1,aa,61,856,1241,1031.2459016393443,97.764624777695,4.76727,0.56656843715847
ENSGT00510000046443.Euteleostomi.002,BIC,1,aa,61,856,1241,1031.2459016393443,97.764624777695,4.76727,0.56656843715847
ENSGT00510000046502.Euteleostomi.003,AIC,1,aa,50,454,507,485.3,15.779410506047663,4.062220000000001,0.5209477551020407
ENSGT00510000046502.Euteleostomi.003,AICc,1,aa,50,454,507,485.3,15.779410506047663,4.062220000000001,0.5209477551020407
ENSGT00510000046502.Euteleostomi.003,BIC,1,aa,50,454,507,485.3,15.779410506047663,4.062220000000001,0.5209477551020407
ENSGT00510000046525.Euteleostomi.001,AIC,2,aa,59,206,265,220.22033898305085,17.116303779015,5.021579999999999,0.49360153126826395
ENSGT00510000046525.Euteleostomi.001,AICc,2,aa,59,206,265,220.22033898305085,17.116303779015,5.021579999999999,0.49360153126826395
ENSGT00510000046525.Euteleostomi.001,BIC,2,aa,59,206,265,220.22033898305085,17.116303779015,5.021579999999999,0.49360153126826395
ENSGT00510000046606.Euteleostomi.002,AIC,1,aa,51,206,582,318.72549019607845,94.61248933018781,13.599710000000002,1.7913524235294147
ENSGT00510000046606.Euteleostomi.002,AICc,1,aa,51,206,582,318.72549019607845,94.61248933018781,13.599710000000002,1.7913524235294147
ENSGT00510000046606.Euteleostomi.002,BIC,1,aa,51,206,582,318.72549019607845,94.61248933018781,13.599710000000002,1.7913524235294147
ENSGT00510000046654.Euteleostomi.001,AIC,1,aa,59,252,331,269.6271186440678,13.030333715107231,8.757080000000002,1.138487504383402
ENSGT00510000046654.Euteleostomi.001,AICc,1,aa,59,252,331,269.6271186440678,13.030333715107231,8.757080000000002,1.138487504383402
ENSGT00510000046654.Euteleostomi.001,BIC,2,aa,59,252,331,269.6271186440678,13.030333715107231,8.757080000000002,1.138487504383402
ENSGT00510000046704.Euteleostomi.001,AIC,1,aa,52,764,991,853.0961538461538,77.14952622460976,10.59116,1.4656307767722467
ENSGT00510000046704.Euteleostomi.001,AICc,1,aa,52,764,991,853.0961538461538,77.14952622460976,10.59116,1.4656307767722467
ENSGT00510000046704.Euteleostomi.001,BIC,1,aa,52,764,991,853.0961538461538,77.14952622460976,10.59116,1.4656307767722467
ENSGT00510000046803.Euteleostomi.001,AIC,1,aa,60,321,651,498.5833333333333,84.56474636444915,6.446989999999998,0.7903273615819197
ENSGT00510000046803.Euteleostomi.001,AICc,1,aa,60,321,651,498.5833333333333,84.56474636444915,6.446989999999998,0.7903273615819197
ENSGT00510000046803.Euteleostomi.001,BIC,1,aa,60,321,651,498.5833333333333,84.56474636444915,6.446989999999998,0.7903273615819197
ENSGT00510000046928.Euteleostomi.001,AIC,1,aa,54,329,566,410.037037037037,65.30623448609879,13.841830000000002,1.935725345911949
ENSGT00510000046928.Euteleostomi.001,AICc,1,aa,54,329,566,410.037037037037,65.30623448609879,13.841830000000002,1.935725345911949
ENSGT00510000046928.Euteleostomi.001,BIC,1,aa,54,329,566,410.037037037037,65.30623448609879,13.841830000000002,1.935725345911949
ENSGT00510000046929.Euteleostomi.001,AIC,1,aa,59,955,1067,1025.2033898305085,31.200563468064523,4.1282700000000006,0.7094304032729396
ENSGT00510000046929.Euteleostomi.001,AICc,1,aa,59,955,1067,1025.2033898305085,31.200563468064523,4.1282700000000006,0.7094304032729396
ENSGT00510000046929.Euteleostomi.001,BIC,1,aa,59,955,1067,1025.2033898305085,31.200563468064523,4.1282700000000006,0.7094304032729396
ENSGT00510000046989.Euteleostomi.001,AIC,2,aa,57,213,296,253.3859649122807,18.66313630239044,9.54194,1.294663057644108
ENSGT00510000046989.Euteleostomi.001,AICc,1,aa,57,213,296,253.3859649122807,18.66313630239044,9.54194,1.294663057644108
ENSGT00510000046989.Euteleostomi.001,BIC,1,aa,57,213,296,253.3859649122807,18.66313630239044,9.54194,1.294663057644108
ENSGT00510000047020.Euteleostomi.001,AIC,2,aa,50,287,343,311.88,11.427928553347197,6.774279999999996,1.2055920489795926
ENSGT00510000047020.Euteleostomi.001,AICc,1,aa,50,287,343,311.88,11.427928553347197,6.774279999999996,1.2055920489795926
ENSGT00510000047020.Euteleostomi.001,BIC,1,aa,50,287,343,311.88,11.427928553347197,6.774279999999996,1.2055920489795926
ENSGT00510000047024.Euteleostomi.001,AIC,1,aa,54,253,647,441.48148148148147,171.69858855264755,6.744359999999999,0.5233377498252976
ENSGT00510000047024.Euteleostomi.001,AICc,1,aa,54,253,647,441.48148148148147,171.69858855264755,6.744359999999999,0.5233377498252976
ENSGT00510000047024.Euteleostomi.001,BIC,1,aa,54,253,647,441.48148148148147,171.69858855264755,6.744359999999999,0.5233377498252976
ENSGT00510000047125.Euteleostomi.001,AIC,1,aa,60,342,1052,403.81666666666666,87.23579806064043,3.73099,0.3306159096045196
ENSGT00510000047125.Euteleostomi.001,AICc,2,aa,60,342,1052,403.81666666666666,87.23579806064043,3.73099,0.3306159096045196
ENSGT00510000047125.Euteleostomi.001,BIC,2,aa,60,342,1052,403.81666666666666,87.23579806064043,3.73099,0.3306159096045196
ENSGT00510000047351.Euteleostomi.001,AIC,2,aa,54,206,247,229.16666666666666,7.537954279310875,9.42603,0.9312652900069883
ENSGT00510000047351.Euteleostomi.001,AICc,1,aa,54,206,247,229.16666666666666,7.537954279310875,9.42603,0.9312652900069883
ENSGT00510000047351.Euteleostomi.001,BIC,1,aa,54,206,247,229.16666666666666,7.537954279310875,9.42603,0.9312652900069883
ENSGT00510000047407.Euteleostomi.001,AIC,1,aa,56,259,431,356.60714285714283,56.2671157221366,6.451540000000001,1.0040457142857138
ENSGT00510000047407.Euteleostomi.001,AICc,1,aa,56,259,431,356.60714285714283,56.2671157221366,6.451540000000001,1.0040457142857138
ENSGT00510000047407.Euteleostomi.001,BIC,1,aa,56,259,431,356.60714285714283,56.2671157221366,6.451540000000001,1.0040457142857138
ENSGT00520000055542.Euteleostomi.003,AIC,1,aa,61,276,369,334.24590163934425,19.13605300447728,11.47316,1.274671519125682
ENSGT00520000055542.Euteleostomi.003,AICc,1,aa,61,276,369,334.24590163934425,19.13605300447728,11.47316,1.274671519125682
ENSGT00520000055542.Euteleostomi.003,BIC,1,aa,61,276,369,334.24590163934425,19.13605300447728,11.47316,1.274671519125682
ENSGT00520000055570.Euteleostomi.001,AIC,1,aa,53,771,854,818.0377358490566,21.072185699629067,6.692470000000001,1.2390543976777937
ENSGT00520000055570.Euteleostomi.001,AICc,1,aa,53,771,854,818.0377358490566,21.072185699629067,6.692470000000001,1.2390543976777937
ENSGT00520000055570.Euteleostomi.001,BIC,1,aa,53,771,854,818.0377358490566,21.072185699629067,6.692470000000001,1.2390543976777937
ENSGT00520000055580.Euteleostomi.001,AIC,1,aa,51,1527,2135,1921.450980392157,208.78527857351344,16.24137,2.0168120784313714
ENSGT00520000055580.Euteleostomi.001,AICc,1,aa,51,1527,2135,1921.450980392157,208.78527857351344,16.24137,2.0168120784313714
ENSGT00520000055580.Euteleostomi.001,BIC,1,aa,51,1527,2135,1921.450980392157,208.78527857351344,16.24137,2.0168120784313714
ENSGT00520000055615.Euteleostomi.001,AIC,2,aa,61,432,603,503.91803278688525,69.48867895371332,2.4512800000000006,0.7292499999999993
ENSGT00520000055615.Euteleostomi.001,AICc,1,aa,61,432,603,503.91803278688525,69.48867895371332,2.4512800000000006,0.7292499999999993
ENSGT00520000055615.Euteleostomi.001,BIC,1,aa,61,432,603,503.91803278688525,69.48867895371332,2.4512800000000006,0.7292499999999993
ENSGT00520000055637.Euteleostomi.001,AIC,1,aa,55,825,1198,960.6545454545454,104.89875510009078,4.577920000000001,1.1463772929292946
ENSGT00520000055637.Euteleostomi.001,AICc,1,aa,55,825,1198,960.6545454545454,104.89875510009078,4.577920000000001,1.1463772929292946
ENSGT00520000055637.Euteleostomi.001,BIC,1,aa,55,825,1198,960.6545454545454,104.89875510009078,4.577920000000001,1.1463772929292946
ENSGT00520000055649.Euteleostomi.001,AIC,1,aa,62,393,824,656.2903225806451,124.82451775465076,10.0714,1.6275009148598636
ENSGT00520000055649.Euteleostomi.001,AICc,1,aa,62,393,824,656.2903225806451,124.82451775465076,10.0714,1.6275009148598636
ENSGT00520000055649.Euteleostomi.001,BIC,1,aa,62,393,824,656.2903225806451,124.82451775465076,10.0714,1.6275009148598636
ENSGT00530000062751.Euteleostomi.007,AIC,1,aa,57,847,971,888.2982456140351,21.869715616643994,3.4444900000000005,0.5554710275689222
ENSGT00530000062751.Euteleostomi.007,AICc,1,aa,57,847,971,888.2982456140351,21.869715616643994,3.4444900000000005,0.5554710275689222
ENSGT00530000062751.Euteleostomi.007,BIC,1,aa,57,847,971,888.2982456140351,21.869715616643994,3.4444900000000005,0.5554710275689222
ENSGT00530000062787.Euteleostomi.002,AIC,1,aa,56,695,891,800.6607142857143,61.134509458678465,3.8519699999999997,0.4967393181818175
ENSGT00530000062787.Euteleostomi.002,AICc,1,aa,56,695,891,800.6607142857143,61.134509458678465,3.8519699999999997,0.4967393181818175
ENSGT00530000062787.Euteleostomi.002,BIC,2,aa,56,695,891,800.6607142857143,61.134509458678465,3.8519699999999997,0.4967393181818175
ENSGT00530000062893.Euteleostomi.001,AIC,1,aa,62,480,571,537.5322580645161,24.155044100007242,13.699399999999999,0.9157621470121615
ENSGT00530000062893.Euteleostomi.001,AICc,1,aa,62,480,571,537.5322580645161,24.155044100007242,13.699399999999999,0.9157621470121615
ENSGT00530000062893.Euteleostomi.001,BIC,1,aa,62,480,571,537.5322580645161,24.155044100007242,13.699399999999999,0.9157621470121615
ENSGT00530000062893.Euteleostomi.003,AIC,1,aa,60,490,576,546.9333333333333,24.249317073498656,9.38849,0.922148096045198
ENSGT00530000062893.Euteleostomi.003,AICc,1,aa,60,490,576,546.9333333333333,24.249317073498656,9.38849,0.922148096045198
ENSGT00530000062893.Euteleostomi.003,BIC,1,aa,60,490,576,546.9333333333333,24.249317073498656,9.38849,0.922148096045198
ENSGT00530000062904.Euteleostomi.001,AIC,1,aa,59,962,1144,1071.2203389830509,48.028392391846495,5.5282899999999975,0.7273480303915849
ENSGT00530000062904.Euteleostomi.001,AICc,1,aa,59,962,1144,1071.2203389830509,48.028392391846495,5.5282899999999975,0.7273480303915849
ENSGT00530000062904.Euteleostomi.001,BIC,1,aa,59,962,1144,1071.2203389830509,48.028392391846495,5.5282899999999975,0.7273480303915849
ENSGT00530000062937.Euteleostomi.003,AIC,1,aa,53,569,680,629.4150943396227,29.871799128341866,5.51067,0.8003390420899847
ENSGT00530000062937.Euteleostomi.003,AICc,1,aa,53,569,680,629.4150943396227,29.871799128341866,5.51067,0.8003390420899847
ENSGT00530000062937.Euteleostomi.003,BIC,2,aa,53,569,680,629.4150943396227,29.871799128341866,5.51067,0.8003390420899847
ENSGT00530000062941.Euteleostomi.002,AIC,3,aa,52,567,774,670.75,92.05899110427647,5.25268,1.1111936726998484
ENSGT00530000062941.Euteleostomi.002,AICc,3,aa,52,567,774,670.75,92.05899110427647,5.25268,1.1111936726998484
ENSGT00530000062941.Euteleostomi.002,BIC,2,aa,52,567,774,670.75,92.05899110427647,5.25268,1.1111936726998484
ENSGT00530000062961.Euteleostomi.002,AIC,1,aa,60,385,775,538.6166666666667,77.87758574571968,6.894450000000001,0.8743790677966125
ENSGT00530000062961.Euteleostomi.002,AICc,1,aa,60,385,775,538.6166666666667,77.87758574571968,6.894450000000001,0.8743790677966125
ENSGT00530000062961.Euteleostomi.002,BIC,2,aa,60,385,775,538.6166666666667,77.87758574571968,6.894450000000001,0.8743790677966125
ENSGT00530000062974.Euteleostomi.004,AIC,2,aa,61,1268,1408,1365.2622950819673,28.566239770834535,7.670299999999997,1.078846918032787
ENSGT00530000062974.Euteleostomi.004,AICc,1,aa,61,1268,1408,1365.2622950819673,28.566239770834535,7.670299999999997,1.078846918032787
ENSGT00530000062974.Euteleostomi.004,BIC,1,aa,61,1268,1408,1365.2622950819673,28.566239770834535,7.670299999999997,1.078846918032787
ENSGT00530000062977.Euteleostomi.001,AIC,1,aa,59,437,550,512.8135593220339,19.996098392083965,9.38866,1.4201869900642885
ENSGT00530000062977.Euteleostomi.001,AICc,2,aa,59,437,550,512.8135593220339,19.996098392083965,9.38866,1.4201869900642885
ENSGT00530000062977.Euteleostomi.001,BIC,1,aa,59,437,550,512.8135593220339,19.996098392083965,9.38866,1.4201869900642885
ENSGT00530000062987.Euteleostomi.001,AIC,1,aa,59,844,1076,913.9322033898305,50.10639177575557,4.798050000000001,0.7828006078316757
ENSGT00530000062987.Euteleostomi.001,AICc,1,aa,59,844,1076,913.9322033898305,50.10639177575557,4.798050000000001,0.7828006078316757
ENSGT00530000062987.Euteleostomi.001,BIC,2,aa,59,844,1076,913.9322033898305,50.10639177575557,4.798050000000001,0.7828006078316757
ENSGT00530000063001.Euteleostomi.002,AIC,1,aa,54,1109,1221,1192.8333333333333,25.695422101633827,7.919890000000004,0.7847583577917542
ENSGT00530000063001.Euteleostomi.002,AICc,1,aa,54,1109,1221,1192.8333333333333,25.695422101633827,7.919890000000004,0.7847583577917542
ENSGT00530000063001.Euteleostomi.002,BIC,1,aa,54,1109,1221,1192.8333333333333,25.695422101633827,7.919890000000004,0.7847583577917542
ENSGT00530000063002.Euteleostomi.002,AIC,1,aa,54,481,536,505,12.089290442214812,9.861150000000004,1.2431348427672935
ENSGT00530000063002.Euteleostomi.002,AICc,1,aa,54,481,536,505,12.089290442214812,9.861150000000004,1.2431348427672935
ENSGT00530000063002.Euteleostomi.002,BIC,2,aa,54,481,536,505,12.089290442214812,9.861150000000004,1.2431348427672935
ENSGT00530000063006.Euteleostomi.003,AIC,1,aa,51,1177,1279,1229.0392156862745,22.308707523578075,12.890750000000004,1.8098610980392158
ENSGT00530000063006.Euteleostomi.003,AICc,1,aa,51,1177,1279,1229.0392156862745,22.308707523578075,12.890750000000004,1.8098610980392158
ENSGT00530000063006.Euteleostomi.003,BIC,1,aa,51,1177,1279,1229.0392156862745,22.308707523578075,12.890750000000004,1.8098610980392158
ENSGT00530000063016.Euteleostomi.002,AIC,1,aa,53,840,1817,1041.9245283018868,281.1034472229727,10.9739,1.3215891146589278
ENSGT00530000063016.Euteleostomi.002,AICc,1,aa,53,840,1817,1041.9245283018868,281.1034472229727,10.9739,1.3215891146589278
ENSGT00530000063016.Euteleostomi.002,BIC,1,aa,53,840,1817,1041.9245283018868,281.1034472229727,10.9739,1.3215891146589278
ENSGT00530000063026.Euteleostomi.001,AIC,1,aa,60,945,1240,1125.15,80.57291150130179,7.565620000000001,1.019017293785314
ENSGT00530000063026.Euteleostomi.001,AICc,1,aa,60,945,1240,1125.15,80.57291150130179,7.565620000000001,1.019017293785314
ENSGT00530000063026.Euteleostomi.001,BIC,1,aa,60,945,1240,1125.15,80.57291150130179,7.565620000000001,1.019017293785314
ENSGT00530000063030.Euteleostomi.001,AIC,1,aa,55,471,563,514.1090909090909,17.455416995637272,13.156019999999994,1.2801572255892275
ENSGT00530000063030.Euteleostomi.001,AICc,1,aa,55,471,563,514.1090909090909,17.455416995637272,13.156019999999994,1.2801572255892275
ENSGT00530000063030.Euteleostomi.001,BIC,1,aa,55,471,563,514.1090909090909,17.455416995637272,13.156019999999994,1.2801572255892275
ENSGT00530000063033.Euteleostomi.001,AIC,1,aa,51,260,311,291.96078431372547,15.899636202522025,6.263469999999996,0.982803011764705
ENSGT00530000063033.Euteleostomi.001,AICc,1,aa,51,260,311,291.96078431372547,15.899636202522025,6.263469999999996,0.982803011764705
ENSGT00530000063033.Euteleostomi.001,BIC,1,aa,51,260,311,291.96078431372547,15.899636202522025,6.263469999999996,0.982803011764705
ENSGT00530000063035.Euteleostomi.002,AIC,1,aa,51,223,281,245.84313725490196,12.56403207417047,7.2284000000000015,0.5912289882352945
ENSGT00530000063035.Euteleostomi.002,AICc,1,aa,51,223,281,245.84313725490196,12.56403207417047,7.2284000000000015,0.5912289882352945
ENSGT00530000063035.Euteleostomi.002,BIC,1,aa,51,223,281,245.84313725490196,12.56403207417047,7.2284000000000015,0.5912289882352945
ENSGT00530000063036.Euteleostomi.003,AIC,1,aa,62,397,521,445.7096774193548,17.966623971782127,8.02415,1.1909678212585944
ENSGT00530000063036.Euteleostomi.003,AICc,1,aa,62,397,521,445.7096774193548,17.966623971782127,8.02415,1.1909678212585944
ENSGT00530000063036.Euteleostomi.003,BIC,1,aa,62,397,521,445.7096774193548,17.966623971782127,8.02415,1.1909678212585944
ENSGT00530000063039.Euteleostomi.001,AIC,1,aa,59,1240,1776,1545.5084745762713,212.92206546392993,6.196550000000002,1.0578856341320855
ENSGT00530000063039.Euteleostomi.001,AICc,1,aa,59,1240,1776,1545.5084745762713,212.92206546392993,6.196550000000002,1.0578856341320855
ENSGT00530000063039.Euteleostomi.001,BIC,1,aa,59,1240,1776,1545.5084745762713,212.92206546392993,6.196550000000002,1.0578856341320855
ENSGT00530000063045.Euteleostomi.006,AIC,1,aa,61,302,395,347.5409836065574,12.959647333797069,12.755660000000013,1.232240907103825
ENSGT00530000063045.Euteleostomi.006,AICc,1,aa,61,302,395,347.5409836065574,12.959647333797069,12.755660000000013,1.232240907103825
ENSGT00530000063045.Euteleostomi.006,BIC,1,aa,61,302,395,347.5409836065574,12.959647333797069,12.755660000000013,1.232240907103825
ENSGT00530000063047.Euteleostomi.003,AIC,1,aa,57,421,478,457.82456140350877,15.919577801985946,3.9128900000000004,0.7677295864661646
ENSGT00530000063047.Euteleostomi.003,AICc,1,aa,57,421,478,457.82456140350877,15.919577801985946,3.9128900000000004,0.7677295864661646
ENSGT00530000063047.Euteleostomi.003,BIC,1,aa,57,421,478,457.82456140350877,15.919577801985946,3.9128900000000004,0.7677295864661646
ENSGT00530000063051.Euteleostomi.003,AIC,1,aa,59,710,735,723.9491525423729,6.328435359314282,6.4915699999999985,0.9514792752776166
ENSGT00530000063051.Euteleostomi.003,AICc,1,aa,59,710,735,723.9491525423729,6.328435359314282,6.4915699999999985,0.9514792752776166
ENSGT00530000063051.Euteleostomi.003,BIC,1,aa,59,710,735,723.9491525423729,6.328435359314282,6.4915699999999985,0.9514792752776166
ENSGT00530000063053.Euteleostomi.001,AIC,1,aa,57,427,1048,764.1228070175439,228.8313532288602,13.403889999999993,2.112835388471182
ENSGT00530000063053.Euteleostomi.001,AICc,1,aa,57,427,1048,764.1228070175439,228.8313532288602,13.403889999999993,2.112835388471182
ENSGT00530000063053.Euteleostomi.001,BIC,1,aa,57,427,1048,764.1228070175439,228.8313532288602,13.403889999999993,2.112835388471182
