"","name","number_of_sequences","min_seq_length","max_seq_length","mean_seq_length","standev_seq_length","ic_type","number_models"
"1","ENSGT00390000016613.Euteleostomi.001",50,624,699,660.14,15.8449245076479,"AIC",1
"2","ENSGT00390000016613.Euteleostomi.001",50,624,699,660.14,15.8449245076479,"AICc",1
"3","ENSGT00390000016613.Euteleostomi.001",50,624,699,660.14,15.8449245076479,"BIC",1
"4","ENSGT00390000002149.Euteleostomi.001",59,672,899,744.220338983051,46.6006762554935,"AIC",1
"5","ENSGT00390000002149.Euteleostomi.001",59,672,899,744.220338983051,46.6006762554935,"AICc",1
"6","ENSGT00390000002149.Euteleostomi.001",59,672,899,744.220338983051,46.6006762554935,"BIC",1
"7","ENSGT00510000046382.Euteleostomi.001",54,444,501,483.685185185185,14.471604042053,"AIC",2
"8","ENSGT00510000046382.Euteleostomi.001",54,444,501,483.685185185185,14.471604042053,"AICc",1
"9","ENSGT00510000046382.Euteleostomi.001",54,444,501,483.685185185185,14.471604042053,"BIC",1
"10","ENSGT00390000007252.Euteleostomi.001",59,380,493,445.915254237288,34.8040267862455,"AIC",1
"11","ENSGT00390000007252.Euteleostomi.001",59,380,493,445.915254237288,34.8040267862455,"AICc",1
"12","ENSGT00390000007252.Euteleostomi.001",59,380,493,445.915254237288,34.8040267862455,"BIC",1
"13","ENSGT00390000013762.Euteleostomi.001",54,341,650,500.796296296296,49.3942092815753,"AIC",1
"14","ENSGT00390000013762.Euteleostomi.001",54,341,650,500.796296296296,49.3942092815753,"AICc",1
"15","ENSGT00390000013762.Euteleostomi.001",54,341,650,500.796296296296,49.3942092815753,"BIC",1
"16","ENSGT00390000009763.Euteleostomi.002",54,539,682,588.555555555556,39.7827433275618,"AIC",1
"17","ENSGT00390000009763.Euteleostomi.002",54,539,682,588.555555555556,39.7827433275618,"AICc",1
"18","ENSGT00390000009763.Euteleostomi.002",54,539,682,588.555555555556,39.7827433275618,"BIC",2
"19","ENSGT00390000007443.Euteleostomi.001",62,298,379,323.870967741935,12.6588061371764,"AIC",1
"20","ENSGT00390000007443.Euteleostomi.001",62,298,379,323.870967741935,12.6588061371764,"AICc",1
"21","ENSGT00390000007443.Euteleostomi.001",62,298,379,323.870967741935,12.6588061371764,"BIC",2
"22","ENSGT00390000016833.Euteleostomi.001",57,341,637,454.578947368421,105.407533508288,"AIC",1
"23","ENSGT00390000016833.Euteleostomi.001",57,341,637,454.578947368421,105.407533508288,"AICc",1
"24","ENSGT00390000016833.Euteleostomi.001",57,341,637,454.578947368421,105.407533508288,"BIC",1
"25","ENSGT00440000038465.Euteleostomi.001",52,1018,1211,1076.59615384615,48.3862156741978,"AIC",4
"26","ENSGT00440000038465.Euteleostomi.001",52,1018,1211,1076.59615384615,48.3862156741978,"AICc",3
"27","ENSGT00440000038465.Euteleostomi.001",52,1018,1211,1076.59615384615,48.3862156741978,"BIC",1
"28","ENSGT00390000005655.Euteleostomi.001",58,386,560,449.310344827586,52.9320010316287,"AIC",1
"29","ENSGT00390000005655.Euteleostomi.001",58,386,560,449.310344827586,52.9320010316287,"AICc",1
"30","ENSGT00390000005655.Euteleostomi.001",58,386,560,449.310344827586,52.9320010316287,"BIC",2
"31","ENSGT00390000015406.Euteleostomi.001",61,273,351,309.049180327869,23.6603932268733,"AIC",2
"32","ENSGT00390000015406.Euteleostomi.001",61,273,351,309.049180327869,23.6603932268733,"AICc",4
"33","ENSGT00390000015406.Euteleostomi.001",61,273,351,309.049180327869,23.6603932268733,"BIC",2
"34","ENSGT00440000034671.Euteleostomi.001",59,217,286,252.508474576271,14.878094150932,"AIC",1
"35","ENSGT00440000034671.Euteleostomi.001",59,217,286,252.508474576271,14.878094150932,"AICc",1
"36","ENSGT00440000034671.Euteleostomi.001",59,217,286,252.508474576271,14.878094150932,"BIC",2
"37","ENSGT00390000010947.Euteleostomi.003",50,416,513,468.48,17.7030379037161,"AIC",1
"38","ENSGT00390000010947.Euteleostomi.003",50,416,513,468.48,17.7030379037161,"AICc",1
"39","ENSGT00390000010947.Euteleostomi.003",50,416,513,468.48,17.7030379037161,"BIC",1
"40","ENSGT00500000044808.Euteleostomi.002",55,373,433,408.2,13.3366662501041,"AIC",2
"41","ENSGT00500000044808.Euteleostomi.002",55,373,433,408.2,13.3366662501041,"AICc",2
"42","ENSGT00500000044808.Euteleostomi.002",55,373,433,408.2,13.3366662501041,"BIC",2
"43","ENSGT00530000063053.Euteleostomi.001",57,427,1048,764.122807017544,228.83135322886,"AIC",1
"44","ENSGT00530000063053.Euteleostomi.001",57,427,1048,764.122807017544,228.83135322886,"AICc",1
"45","ENSGT00530000063053.Euteleostomi.001",57,427,1048,764.122807017544,228.83135322886,"BIC",1
"46","ENSGT00390000000724.Euteleostomi.001",59,243,329,284,22.248595461287,"AIC",1
"47","ENSGT00390000000724.Euteleostomi.001",59,243,329,284,22.248595461287,"AICc",1
"48","ENSGT00390000000724.Euteleostomi.001",59,243,329,284,22.248595461287,"BIC",2
"49","ENSGT00390000018729.Euteleostomi.001",62,380,931,623.483870967742,247.829181119331,"AIC",2
"50","ENSGT00390000018729.Euteleostomi.001",62,380,931,623.483870967742,247.829181119331,"AICc",2
"51","ENSGT00390000018729.Euteleostomi.001",62,380,931,623.483870967742,247.829181119331,"BIC",1
"52","ENSGT00390000006647.Euteleostomi.001",54,466,983,500.722222222222,74.266581698855,"AIC",1
"53","ENSGT00390000006647.Euteleostomi.001",54,466,983,500.722222222222,74.266581698855,"AICc",1
"54","ENSGT00390000006647.Euteleostomi.001",54,466,983,500.722222222222,74.266581698855,"BIC",1
"55","ENSGT00390000014093.Euteleostomi.001",58,417,544,466.310344827586,35.6558633728236,"AIC",1
"56","ENSGT00390000014093.Euteleostomi.001",58,417,544,466.310344827586,35.6558633728236,"AICc",1
"57","ENSGT00390000014093.Euteleostomi.001",58,417,544,466.310344827586,35.6558633728236,"BIC",1
"58","ENSGT00390000017673.Euteleostomi.002",50,284,334,312.94,8.81883420496688,"AIC",1
"59","ENSGT00390000017673.Euteleostomi.002",50,284,334,312.94,8.81883420496688,"AICc",1
"60","ENSGT00390000017673.Euteleostomi.002",50,284,334,312.94,8.81883420496688,"BIC",1
"61","ENSGT00530000063001.Euteleostomi.002",54,1109,1221,1192.83333333333,25.6954221016338,"AIC",1
"62","ENSGT00530000063001.Euteleostomi.002",54,1109,1221,1192.83333333333,25.6954221016338,"AICc",1
"63","ENSGT00530000063001.Euteleostomi.002",54,1109,1221,1192.83333333333,25.6954221016338,"BIC",1
"64","ENSGT00510000046803.Euteleostomi.001",60,321,651,498.583333333333,84.5647463644491,"AIC",1
"65","ENSGT00510000046803.Euteleostomi.001",60,321,651,498.583333333333,84.5647463644491,"AICc",1
"66","ENSGT00510000046803.Euteleostomi.001",60,321,651,498.583333333333,84.5647463644491,"BIC",1
"67","ENSGT00510000046928.Euteleostomi.001",54,329,566,410.037037037037,65.3062344860988,"AIC",1
"68","ENSGT00510000046928.Euteleostomi.001",54,329,566,410.037037037037,65.3062344860988,"AICc",1
"69","ENSGT00510000046928.Euteleostomi.001",54,329,566,410.037037037037,65.3062344860988,"BIC",1
"70","ENSGT00390000005295.Euteleostomi.002",51,361,498,424.764705882353,38.0050461045868,"AIC",1
"71","ENSGT00390000005295.Euteleostomi.002",51,361,498,424.764705882353,38.0050461045868,"AICc",1
"72","ENSGT00390000005295.Euteleostomi.002",51,361,498,424.764705882353,38.0050461045868,"BIC",2
"73","ENSGT00390000003721.Euteleostomi.001",50,451,484,475.84,6.87604537506843,"AIC",1
"74","ENSGT00390000003721.Euteleostomi.001",50,451,484,475.84,6.87604537506843,"AICc",1
"75","ENSGT00390000003721.Euteleostomi.001",50,451,484,475.84,6.87604537506843,"BIC",4
"76","ENSGT00390000009532.Euteleostomi.001",62,361,562,396.177419354839,28.4487022917312,"AIC",2
"77","ENSGT00390000009532.Euteleostomi.001",62,361,562,396.177419354839,28.4487022917312,"AICc",1
"78","ENSGT00390000009532.Euteleostomi.001",62,361,562,396.177419354839,28.4487022917312,"BIC",1
"79","ENSGT00520000055570.Euteleostomi.001",53,771,854,818.037735849057,21.0721856996291,"AIC",1
"80","ENSGT00520000055570.Euteleostomi.001",53,771,854,818.037735849057,21.0721856996291,"AICc",1
"81","ENSGT00520000055570.Euteleostomi.001",53,771,854,818.037735849057,21.0721856996291,"BIC",1
"82","ENSGT00530000063016.Euteleostomi.002",53,840,1817,1041.92452830189,281.103447222973,"AIC",1
"83","ENSGT00530000063016.Euteleostomi.002",53,840,1817,1041.92452830189,281.103447222973,"AICc",1
"84","ENSGT00530000063016.Euteleostomi.002",53,840,1817,1041.92452830189,281.103447222973,"BIC",1
"85","ENSGT00490000043360.Euteleostomi.001",61,950,1310,1112.37704918033,79.2717191972072,"AIC",1
"86","ENSGT00490000043360.Euteleostomi.001",61,950,1310,1112.37704918033,79.2717191972072,"AICc",1
"87","ENSGT00490000043360.Euteleostomi.001",61,950,1310,1112.37704918033,79.2717191972072,"BIC",1
"88","ENSGT00390000016292.Euteleostomi.001",51,318,351,337.490196078431,9.6609990146353,"AIC",2
"89","ENSGT00390000016292.Euteleostomi.001",51,318,351,337.490196078431,9.6609990146353,"AICc",4
"90","ENSGT00390000016292.Euteleostomi.001",51,318,351,337.490196078431,9.6609990146353,"BIC",1
"91","ENSGT00390000004311.Euteleostomi.001",54,1123,1211,1161.46296296296,29.7091009262761,"AIC",1
"92","ENSGT00390000004311.Euteleostomi.001",54,1123,1211,1161.46296296296,29.7091009262761,"AICc",1
"93","ENSGT00390000004311.Euteleostomi.001",54,1123,1211,1161.46296296296,29.7091009262761,"BIC",1
"94","ENSGT00390000011425.Euteleostomi.001",52,289,320,299.961538461538,5.32828758299692,"AIC",3
"95","ENSGT00390000011425.Euteleostomi.001",52,289,320,299.961538461538,5.32828758299692,"AICc",2
"96","ENSGT00390000011425.Euteleostomi.001",52,289,320,299.961538461538,5.32828758299692,"BIC",2
"97","ENSGT00390000002740.Euteleostomi.001",57,570,692,620.614035087719,29.2945353180204,"AIC",1
"98","ENSGT00390000002740.Euteleostomi.001",57,570,692,620.614035087719,29.2945353180204,"AICc",2
"99","ENSGT00390000002740.Euteleostomi.001",57,570,692,620.614035087719,29.2945353180204,"BIC",4
"100","ENSGT00390000005717.Euteleostomi.001",54,204,257,217.944444444444,13.5666303524308,"AIC",1
"101","ENSGT00390000005717.Euteleostomi.001",54,204,257,217.944444444444,13.5666303524308,"AICc",1
"102","ENSGT00390000005717.Euteleostomi.001",54,204,257,217.944444444444,13.5666303524308,"BIC",2
"103","ENSGT00390000001132.Euteleostomi.001",60,424,501,460.933333333333,16.7452160298697,"AIC",1
"104","ENSGT00390000001132.Euteleostomi.001",60,424,501,460.933333333333,16.7452160298697,"AICc",1
"105","ENSGT00390000001132.Euteleostomi.001",60,424,501,460.933333333333,16.7452160298697,"BIC",1
"106","ENSGT00510000046443.Euteleostomi.002",61,856,1241,1031.24590163934,97.764624777695,"AIC",1
"107","ENSGT00510000046443.Euteleostomi.002",61,856,1241,1031.24590163934,97.764624777695,"AICc",1
"108","ENSGT00510000046443.Euteleostomi.002",61,856,1241,1031.24590163934,97.764624777695,"BIC",1
"109","ENSGT00390000001046.Euteleostomi.005",54,408,483,431.12962962963,22.3716855213858,"AIC",1
"110","ENSGT00390000001046.Euteleostomi.005",54,408,483,431.12962962963,22.3716855213858,"AICc",1
"111","ENSGT00390000001046.Euteleostomi.005",54,408,483,431.12962962963,22.3716855213858,"BIC",1
"112","ENSGT00390000017273.Euteleostomi.001",55,455,727,613.4,106.506059643293,"AIC",2
"113","ENSGT00390000017273.Euteleostomi.001",55,455,727,613.4,106.506059643293,"AICc",2
"114","ENSGT00390000017273.Euteleostomi.001",55,455,727,613.4,106.506059643293,"BIC",1
"115","ENSGT00530000063026.Euteleostomi.001",60,945,1240,1125.15,80.5729115013018,"AIC",1
"116","ENSGT00530000063026.Euteleostomi.001",60,945,1240,1125.15,80.5729115013018,"AICc",1
"117","ENSGT00530000063026.Euteleostomi.001",60,945,1240,1125.15,80.5729115013018,"BIC",1
"118","ENSGT00440000039028.Euteleostomi.001",58,343,662,512.896551724138,107.643285113406,"AIC",1
"119","ENSGT00440000039028.Euteleostomi.001",58,343,662,512.896551724138,107.643285113406,"AICc",1
"120","ENSGT00440000039028.Euteleostomi.001",58,343,662,512.896551724138,107.643285113406,"BIC",1
"121","ENSGT00390000005434.Euteleostomi.001",56,259,386,301.821428571429,28.0305723632784,"AIC",1
"122","ENSGT00390000005434.Euteleostomi.001",56,259,386,301.821428571429,28.0305723632784,"AICc",1
"123","ENSGT00390000005434.Euteleostomi.001",56,259,386,301.821428571429,28.0305723632784,"BIC",1
"124","ENSGT00390000016421.Euteleostomi.001",57,2200,2477,2359.40350877193,92.1262448353816,"AIC",2
"125","ENSGT00390000016421.Euteleostomi.001",57,2200,2477,2359.40350877193,92.1262448353816,"AICc",2
"126","ENSGT00390000016421.Euteleostomi.001",57,2200,2477,2359.40350877193,92.1262448353816,"BIC",1
"127","ENSGT00390000017920.Euteleostomi.002",51,348,578,468.78431372549,41.9858612990088,"AIC",1
"128","ENSGT00390000017920.Euteleostomi.002",51,348,578,468.78431372549,41.9858612990088,"AICc",1
"129","ENSGT00390000017920.Euteleostomi.002",51,348,578,468.78431372549,41.9858612990088,"BIC",2
"130","ENSGT00390000001586.Euteleostomi.001",60,330,415,372.4,16.5889487412248,"AIC",2
"131","ENSGT00390000001586.Euteleostomi.001",60,330,415,372.4,16.5889487412248,"AICc",3
"132","ENSGT00390000001586.Euteleostomi.001",60,330,415,372.4,16.5889487412248,"BIC",2
"133","ENSGT00390000016529.Euteleostomi.002",59,438,677,593.559322033898,72.9232641528398,"AIC",1
"134","ENSGT00390000016529.Euteleostomi.002",59,438,677,593.559322033898,72.9232641528398,"AICc",1
"135","ENSGT00390000016529.Euteleostomi.002",59,438,677,593.559322033898,72.9232641528398,"BIC",1
"136","ENSGT00390000010091.Euteleostomi.001",56,756,979,814.392857142857,39.3352391496612,"AIC",2
"137","ENSGT00390000010091.Euteleostomi.001",56,756,979,814.392857142857,39.3352391496612,"AICc",2
"138","ENSGT00390000010091.Euteleostomi.001",56,756,979,814.392857142857,39.3352391496612,"BIC",1
"139","ENSGT00390000009905.Euteleostomi.001",53,488,594,519.660377358491,19.5840824260481,"AIC",1
"140","ENSGT00390000009905.Euteleostomi.001",53,488,594,519.660377358491,19.5840824260481,"AICc",1
"141","ENSGT00390000009905.Euteleostomi.001",53,488,594,519.660377358491,19.5840824260481,"BIC",2
"142","ENSGT00390000010157.Euteleostomi.001",60,299,331,309.166666666667,5.95510510706219,"AIC",2
"143","ENSGT00390000010157.Euteleostomi.001",60,299,331,309.166666666667,5.95510510706219,"AICc",1
"144","ENSGT00390000010157.Euteleostomi.001",60,299,331,309.166666666667,5.95510510706219,"BIC",1
"145","ENSGT00390000017365.Euteleostomi.001",61,901,945,918.032786885246,6.34814201982164,"AIC",1
"146","ENSGT00390000017365.Euteleostomi.001",61,901,945,918.032786885246,6.34814201982164,"AICc",1
"147","ENSGT00390000017365.Euteleostomi.001",61,901,945,918.032786885246,6.34814201982164,"BIC",1
"148","ENSGT00390000008456.Euteleostomi.001",54,292,328,298.925925925926,5.21554950831212,"AIC",1
"149","ENSGT00390000008456.Euteleostomi.001",54,292,328,298.925925925926,5.21554950831212,"AICc",1
"150","ENSGT00390000008456.Euteleostomi.001",54,292,328,298.925925925926,5.21554950831212,"BIC",1
"151","ENSGT00390000002812.Euteleostomi.004",57,781,851,822.561403508772,14.3626717866882,"AIC",1
"152","ENSGT00390000002812.Euteleostomi.004",57,781,851,822.561403508772,14.3626717866882,"AICc",1
"153","ENSGT00390000002812.Euteleostomi.004",57,781,851,822.561403508772,14.3626717866882,"BIC",1
"154","ENSGT00390000010600.Euteleostomi.001",62,212,357,260.08064516129,42.2689664043068,"AIC",2
"155","ENSGT00390000010600.Euteleostomi.001",62,212,357,260.08064516129,42.2689664043068,"AICc",2
"156","ENSGT00390000010600.Euteleostomi.001",62,212,357,260.08064516129,42.2689664043068,"BIC",4
"157","ENSGT00390000008164.Euteleostomi.001",56,383,455,440.517857142857,15.668139149739,"AIC",1
"158","ENSGT00390000008164.Euteleostomi.001",56,383,455,440.517857142857,15.668139149739,"AICc",1
"159","ENSGT00390000008164.Euteleostomi.001",56,383,455,440.517857142857,15.668139149739,"BIC",1
"160","ENSGT00530000062937.Euteleostomi.003",53,569,680,629.415094339623,29.8717991283419,"AIC",1
"161","ENSGT00530000062937.Euteleostomi.003",53,569,680,629.415094339623,29.8717991283419,"AICc",1
"162","ENSGT00530000062937.Euteleostomi.003",53,569,680,629.415094339623,29.8717991283419,"BIC",2
"163","ENSGT00390000003950.Euteleostomi.002",55,723,766,740.727272727273,7.29904749101513,"AIC",2
"164","ENSGT00390000003950.Euteleostomi.002",55,723,766,740.727272727273,7.29904749101513,"AICc",1
"165","ENSGT00390000003950.Euteleostomi.002",55,723,766,740.727272727273,7.29904749101513,"BIC",1
"166","ENSGT00390000000948.Euteleostomi.003",62,287,383,322.290322580645,23.7005824766038,"AIC",2
"167","ENSGT00390000000948.Euteleostomi.003",62,287,383,322.290322580645,23.7005824766038,"AICc",2
"168","ENSGT00390000000948.Euteleostomi.003",62,287,383,322.290322580645,23.7005824766038,"BIC",2
"169","ENSGT00390000015700.Euteleostomi.001",54,454,536,480.092592592593,14.6857247057397,"AIC",1
"170","ENSGT00390000015700.Euteleostomi.001",54,454,536,480.092592592593,14.6857247057397,"AICc",1
"171","ENSGT00390000015700.Euteleostomi.001",54,454,536,480.092592592593,14.6857247057397,"BIC",1
"172","ENSGT00390000001626.Euteleostomi.001",57,247,293,258.701754385965,7.79414824513673,"AIC",1
"173","ENSGT00390000001626.Euteleostomi.001",57,247,293,258.701754385965,7.79414824513673,"AICc",2
"174","ENSGT00390000001626.Euteleostomi.001",57,247,293,258.701754385965,7.79414824513673,"BIC",1
"175","ENSGT00390000014213.Euteleostomi.001",55,395,457,428.709090909091,19.0396007654152,"AIC",1
"176","ENSGT00390000014213.Euteleostomi.001",55,395,457,428.709090909091,19.0396007654152,"AICc",1
"177","ENSGT00390000014213.Euteleostomi.001",55,395,457,428.709090909091,19.0396007654152,"BIC",2
"178","ENSGT00410000025615.Euteleostomi.001",60,237,301,268.033333333333,16.1444398432744,"AIC",1
"179","ENSGT00410000025615.Euteleostomi.001",60,237,301,268.033333333333,16.1444398432744,"AICc",1
"180","ENSGT00410000025615.Euteleostomi.001",60,237,301,268.033333333333,16.1444398432744,"BIC",1
"181","ENSGT00530000063045.Euteleostomi.006",61,302,395,347.540983606557,12.9596473337971,"AIC",1
"182","ENSGT00530000063045.Euteleostomi.006",61,302,395,347.540983606557,12.9596473337971,"AICc",1
"183","ENSGT00530000063045.Euteleostomi.006",61,302,395,347.540983606557,12.9596473337971,"BIC",1
"184","ENSGT00390000008279.Euteleostomi.001",62,309,355,332.290322580645,9.8203320313374,"AIC",2
"185","ENSGT00390000008279.Euteleostomi.001",62,309,355,332.290322580645,9.8203320313374,"AICc",1
"186","ENSGT00390000008279.Euteleostomi.001",62,309,355,332.290322580645,9.8203320313374,"BIC",1
"187","ENSGT00510000046525.Euteleostomi.001",59,206,265,220.220338983051,17.116303779015,"AIC",2
"188","ENSGT00510000046525.Euteleostomi.001",59,206,265,220.220338983051,17.116303779015,"AICc",2
"189","ENSGT00510000046525.Euteleostomi.001",59,206,265,220.220338983051,17.116303779015,"BIC",2
"190","ENSGT00500000044813.Euteleostomi.002",52,479,658,594.75,34.5797600327355,"AIC",1
"191","ENSGT00500000044813.Euteleostomi.002",52,479,658,594.75,34.5797600327355,"AICc",1
"192","ENSGT00500000044813.Euteleostomi.002",52,479,658,594.75,34.5797600327355,"BIC",1
"193","ENSGT00390000013146.Euteleostomi.005",61,271,336,287.819672131148,11.4535412234547,"AIC",2
"194","ENSGT00390000013146.Euteleostomi.005",61,271,336,287.819672131148,11.4535412234547,"AICc",2
"195","ENSGT00390000013146.Euteleostomi.005",61,271,336,287.819672131148,11.4535412234547,"BIC",2
"196","ENSGT00530000063039.Euteleostomi.001",59,1240,1776,1545.50847457627,212.92206546393,"AIC",1
"197","ENSGT00530000063039.Euteleostomi.001",59,1240,1776,1545.50847457627,212.92206546393,"AICc",1
"198","ENSGT00530000063039.Euteleostomi.001",59,1240,1776,1545.50847457627,212.92206546393,"BIC",1
"199","ENSGT00390000006494.Euteleostomi.001",56,203,257,222.910714285714,13.9183029081909,"AIC",2
"200","ENSGT00390000006494.Euteleostomi.001",56,203,257,222.910714285714,13.9183029081909,"AICc",2
"201","ENSGT00390000006494.Euteleostomi.001",56,203,257,222.910714285714,13.9183029081909,"BIC",2
"202","ENSGT00530000062893.Euteleostomi.003",60,490,576,546.933333333333,24.2493170734987,"AIC",1
"203","ENSGT00530000062893.Euteleostomi.003",60,490,576,546.933333333333,24.2493170734987,"AICc",1
"204","ENSGT00530000062893.Euteleostomi.003",60,490,576,546.933333333333,24.2493170734987,"BIC",1
"205","ENSGT00410000025793.Euteleostomi.001",60,611,1167,873.15,191.997512784031,"AIC",1
"206","ENSGT00410000025793.Euteleostomi.001",60,611,1167,873.15,191.997512784031,"AICc",1
"207","ENSGT00410000025793.Euteleostomi.001",60,611,1167,873.15,191.997512784031,"BIC",1
"208","ENSGT00530000062961.Euteleostomi.002",60,385,775,538.616666666667,77.8775857457197,"AIC",1
"209","ENSGT00530000062961.Euteleostomi.002",60,385,775,538.616666666667,77.8775857457197,"AICc",1
"210","ENSGT00530000062961.Euteleostomi.002",60,385,775,538.616666666667,77.8775857457197,"BIC",2
"211","ENSGT00390000009391.Euteleostomi.001",50,1059,1221,1137.14,29.8013901880912,"AIC",3
"212","ENSGT00390000009391.Euteleostomi.001",50,1059,1221,1137.14,29.8013901880912,"AICc",2
"213","ENSGT00390000009391.Euteleostomi.001",50,1059,1221,1137.14,29.8013901880912,"BIC",2
"214","ENSGT00510000047351.Euteleostomi.001",54,206,247,229.166666666667,7.53795427931087,"AIC",2
"215","ENSGT00510000047351.Euteleostomi.001",54,206,247,229.166666666667,7.53795427931087,"AICc",1
"216","ENSGT00510000047351.Euteleostomi.001",54,206,247,229.166666666667,7.53795427931087,"BIC",1
"217","ENSGT00410000025758.Euteleostomi.001",57,1198,1955,1475.73684210526,151.28609679249,"AIC",1
"218","ENSGT00410000025758.Euteleostomi.001",57,1198,1955,1475.73684210526,151.28609679249,"AICc",1
"219","ENSGT00410000025758.Euteleostomi.001",57,1198,1955,1475.73684210526,151.28609679249,"BIC",1
"220","ENSGT00450000040408.Euteleostomi.001",55,349,910,553.909090909091,130.551575267071,"AIC",2
"221","ENSGT00450000040408.Euteleostomi.001",55,349,910,553.909090909091,130.551575267071,"AICc",2
"222","ENSGT00450000040408.Euteleostomi.001",55,349,910,553.909090909091,130.551575267071,"BIC",2
"223","ENSGT00390000012305.Euteleostomi.001",52,245,434,332.634615384615,49.4415990786808,"AIC",2
"224","ENSGT00390000012305.Euteleostomi.001",52,245,434,332.634615384615,49.4415990786808,"AICc",2
"225","ENSGT00390000012305.Euteleostomi.001",52,245,434,332.634615384615,49.4415990786808,"BIC",2
"226","ENSGT00390000015510.Euteleostomi.001",56,497,619,565.410714285714,27.9712688864285,"AIC",1
"227","ENSGT00390000015510.Euteleostomi.001",56,497,619,565.410714285714,27.9712688864285,"AICc",1
"228","ENSGT00390000015510.Euteleostomi.001",56,497,619,565.410714285714,27.9712688864285,"BIC",2
"229","ENSGT00390000006046.Euteleostomi.001",51,603,862,694.235294117647,60.2629532085158,"AIC",1
"230","ENSGT00390000006046.Euteleostomi.001",51,603,862,694.235294117647,60.2629532085158,"AICc",1
"231","ENSGT00390000006046.Euteleostomi.001",51,603,862,694.235294117647,60.2629532085158,"BIC",1
"232","ENSGT00390000007586.Euteleostomi.001",60,495,579,560.25,20.4132102458769,"AIC",1
"233","ENSGT00390000007586.Euteleostomi.001",60,495,579,560.25,20.4132102458769,"AICc",1
"234","ENSGT00390000007586.Euteleostomi.001",60,495,579,560.25,20.4132102458769,"BIC",2
"235","ENSGT00400000022032.Euteleostomi.001",61,233,406,318.065573770492,45.9883568063552,"AIC",1
"236","ENSGT00400000022032.Euteleostomi.001",61,233,406,318.065573770492,45.9883568063552,"AICc",1
"237","ENSGT00400000022032.Euteleostomi.001",61,233,406,318.065573770492,45.9883568063552,"BIC",1
"238","ENSGT00390000015092.Euteleostomi.002",60,570,690,653.416666666667,30.5565836156447,"AIC",1
"239","ENSGT00390000015092.Euteleostomi.002",60,570,690,653.416666666667,30.5565836156447,"AICc",1
"240","ENSGT00390000015092.Euteleostomi.002",60,570,690,653.416666666667,30.5565836156447,"BIC",1
"241","ENSGT00530000063047.Euteleostomi.003",57,421,478,457.824561403509,15.9195778019859,"AIC",1
"242","ENSGT00530000063047.Euteleostomi.003",57,421,478,457.824561403509,15.9195778019859,"AICc",1
"243","ENSGT00530000063047.Euteleostomi.003",57,421,478,457.824561403509,15.9195778019859,"BIC",1
"244","ENSGT00390000005703.Euteleostomi.001",62,431,916,547.91935483871,77.9813551459361,"AIC",1
"245","ENSGT00390000005703.Euteleostomi.001",62,431,916,547.91935483871,77.9813551459361,"AICc",1
"246","ENSGT00390000005703.Euteleostomi.001",62,431,916,547.91935483871,77.9813551459361,"BIC",1
"247","ENSGT00530000062893.Euteleostomi.001",62,480,571,537.532258064516,24.1550441000072,"AIC",1
"248","ENSGT00530000062893.Euteleostomi.001",62,480,571,537.532258064516,24.1550441000072,"AICc",1
"249","ENSGT00530000062893.Euteleostomi.001",62,480,571,537.532258064516,24.1550441000072,"BIC",1
"250","ENSGT00530000063002.Euteleostomi.002",54,481,536,505,12.0892904422148,"AIC",1
"251","ENSGT00530000063002.Euteleostomi.002",54,481,536,505,12.0892904422148,"AICc",1
"252","ENSGT00530000063002.Euteleostomi.002",54,481,536,505,12.0892904422148,"BIC",2
"253","ENSGT00390000017581.Euteleostomi.001",52,228,257,235.846153846154,9.03888032148138,"AIC",1
"254","ENSGT00390000017581.Euteleostomi.001",52,228,257,235.846153846154,9.03888032148138,"AICc",1
"255","ENSGT00390000017581.Euteleostomi.001",52,228,257,235.846153846154,9.03888032148138,"BIC",1
"256","ENSGT00510000046989.Euteleostomi.001",57,213,296,253.385964912281,18.6631363023904,"AIC",2
"257","ENSGT00510000046989.Euteleostomi.001",57,213,296,253.385964912281,18.6631363023904,"AICc",1
"258","ENSGT00510000046989.Euteleostomi.001",57,213,296,253.385964912281,18.6631363023904,"BIC",1
"259","ENSGT00520000055542.Euteleostomi.003",61,276,369,334.245901639344,19.1360530044773,"AIC",1
"260","ENSGT00520000055542.Euteleostomi.003",61,276,369,334.245901639344,19.1360530044773,"AICc",1
"261","ENSGT00520000055542.Euteleostomi.003",61,276,369,334.245901639344,19.1360530044773,"BIC",1
"262","ENSGT00440000033589.Euteleostomi.001",55,366,560,439.272727272727,34.409007512275,"AIC",2
"263","ENSGT00440000033589.Euteleostomi.001",55,366,560,439.272727272727,34.409007512275,"AICc",3
"264","ENSGT00440000033589.Euteleostomi.001",55,366,560,439.272727272727,34.409007512275,"BIC",2
"265","ENSGT00530000063036.Euteleostomi.003",62,397,521,445.709677419355,17.9666239717821,"AIC",1
"266","ENSGT00530000063036.Euteleostomi.003",62,397,521,445.709677419355,17.9666239717821,"AICc",1
"267","ENSGT00530000063036.Euteleostomi.003",62,397,521,445.709677419355,17.9666239717821,"BIC",1
"268","ENSGT00390000008991.Euteleostomi.001",63,242,265,252.984126984127,4.37917381916426,"AIC",2
"269","ENSGT00390000008991.Euteleostomi.001",63,242,265,252.984126984127,4.37917381916426,"AICc",1
"270","ENSGT00390000008991.Euteleostomi.001",63,242,265,252.984126984127,4.37917381916426,"BIC",1
"271","ENSGT00390000001390.Euteleostomi.001",53,253,320,285.88679245283,21.1129384113141,"AIC",1
"272","ENSGT00390000001390.Euteleostomi.001",53,253,320,285.88679245283,21.1129384113141,"AICc",1
"273","ENSGT00390000001390.Euteleostomi.001",53,253,320,285.88679245283,21.1129384113141,"BIC",1
"274","ENSGT00410000025651.Euteleostomi.001",58,869,946,899.344827586207,13.6671609548671,"AIC",1
"275","ENSGT00410000025651.Euteleostomi.001",58,869,946,899.344827586207,13.6671609548671,"AICc",1
"276","ENSGT00410000025651.Euteleostomi.001",58,869,946,899.344827586207,13.6671609548671,"BIC",1
"277","ENSGT00390000002174.Euteleostomi.001",57,383,482,425.631578947368,23.114336598548,"AIC",1
"278","ENSGT00390000002174.Euteleostomi.001",57,383,482,425.631578947368,23.114336598548,"AICc",1
"279","ENSGT00390000002174.Euteleostomi.001",57,383,482,425.631578947368,23.114336598548,"BIC",1
"280","ENSGT00510000046704.Euteleostomi.001",52,764,991,853.096153846154,77.1495262246098,"AIC",1
"281","ENSGT00510000046704.Euteleostomi.001",52,764,991,853.096153846154,77.1495262246098,"AICc",1
"282","ENSGT00510000046704.Euteleostomi.001",52,764,991,853.096153846154,77.1495262246098,"BIC",1
"283","ENSGT00390000018612.Euteleostomi.001",61,682,738,713.655737704918,16.4254733527953,"AIC",2
"284","ENSGT00390000018612.Euteleostomi.001",61,682,738,713.655737704918,16.4254733527953,"AICc",2
"285","ENSGT00390000018612.Euteleostomi.001",61,682,738,713.655737704918,16.4254733527953,"BIC",1
"286","ENSGT00390000009222.Euteleostomi.001",56,550,587,571.517857142857,8.19975846967695,"AIC",4
"287","ENSGT00390000009222.Euteleostomi.001",56,550,587,571.517857142857,8.19975846967695,"AICc",3
"288","ENSGT00390000009222.Euteleostomi.001",56,550,587,571.517857142857,8.19975846967695,"BIC",3
"289","ENSGT00530000062977.Euteleostomi.001",59,437,550,512.813559322034,19.996098392084,"AIC",1
"290","ENSGT00530000062977.Euteleostomi.001",59,437,550,512.813559322034,19.996098392084,"AICc",2
"291","ENSGT00530000062977.Euteleostomi.001",59,437,550,512.813559322034,19.996098392084,"BIC",1
"292","ENSGT00390000017671.Euteleostomi.001",60,380,475,402.6,15.1122354738453,"AIC",1
"293","ENSGT00390000017671.Euteleostomi.001",60,380,475,402.6,15.1122354738453,"AICc",1
"294","ENSGT00390000017671.Euteleostomi.001",60,380,475,402.6,15.1122354738453,"BIC",1
"295","ENSGT00390000008565.Euteleostomi.001",61,580,667,605.770491803279,20.7857270281179,"AIC",2
"296","ENSGT00390000008565.Euteleostomi.001",61,580,667,605.770491803279,20.7857270281179,"AICc",1
"297","ENSGT00390000008565.Euteleostomi.001",61,580,667,605.770491803279,20.7857270281179,"BIC",1
"298","ENSGT00390000016313.Euteleostomi.001",52,859,1010,875.903846153846,21.0836425912849,"AIC",1
"299","ENSGT00390000016313.Euteleostomi.001",52,859,1010,875.903846153846,21.0836425912849,"AICc",2
"300","ENSGT00390000016313.Euteleostomi.001",52,859,1010,875.903846153846,21.0836425912849,"BIC",1
"301","ENSGT00530000062941.Euteleostomi.002",52,567,774,670.75,92.0589911042765,"AIC",3
"302","ENSGT00530000062941.Euteleostomi.002",52,567,774,670.75,92.0589911042765,"AICc",3
"303","ENSGT00530000062941.Euteleostomi.002",52,567,774,670.75,92.0589911042765,"BIC",2
"304","ENSGT00390000007681.Euteleostomi.001",57,290,362,304.894736842105,20.5449717610333,"AIC",1
"305","ENSGT00390000007681.Euteleostomi.001",57,290,362,304.894736842105,20.5449717610333,"AICc",1
"306","ENSGT00390000007681.Euteleostomi.001",57,290,362,304.894736842105,20.5449717610333,"BIC",1
"307","ENSGT00450000040316.Euteleostomi.001",52,581,847,735.230769230769,96.0756677658375,"AIC",1
"308","ENSGT00450000040316.Euteleostomi.001",52,581,847,735.230769230769,96.0756677658375,"AICc",1
"309","ENSGT00450000040316.Euteleostomi.001",52,581,847,735.230769230769,96.0756677658375,"BIC",1
"310","ENSGT00390000004600.Euteleostomi.001",58,1460,1558,1524.27586206897,24.1099768993233,"AIC",1
"311","ENSGT00390000004600.Euteleostomi.001",58,1460,1558,1524.27586206897,24.1099768993233,"AICc",1
"312","ENSGT00390000004600.Euteleostomi.001",58,1460,1558,1524.27586206897,24.1099768993233,"BIC",1
"313","ENSGT00530000063035.Euteleostomi.002",51,223,281,245.843137254902,12.5640320741705,"AIC",1
"314","ENSGT00530000063035.Euteleostomi.002",51,223,281,245.843137254902,12.5640320741705,"AICc",1
"315","ENSGT00530000063035.Euteleostomi.002",51,223,281,245.843137254902,12.5640320741705,"BIC",1
"316","ENSGT00440000038338.Euteleostomi.001",51,911,1136,1060.8431372549,50.4104642109234,"AIC",1
"317","ENSGT00440000038338.Euteleostomi.001",51,911,1136,1060.8431372549,50.4104642109234,"AICc",1
"318","ENSGT00440000038338.Euteleostomi.001",51,911,1136,1060.8431372549,50.4104642109234,"BIC",1
"319","ENSGT00390000011747.Euteleostomi.001",51,213,303,227.901960784314,17.3184928928135,"AIC",1
"320","ENSGT00390000011747.Euteleostomi.001",51,213,303,227.901960784314,17.3184928928135,"AICc",1
"321","ENSGT00390000011747.Euteleostomi.001",51,213,303,227.901960784314,17.3184928928135,"BIC",1
"322","ENSGT00390000009278.Euteleostomi.001",50,231,286,251.46,9.51091746470382,"AIC",1
"323","ENSGT00390000009278.Euteleostomi.001",50,231,286,251.46,9.51091746470382,"AICc",2
"324","ENSGT00390000009278.Euteleostomi.001",50,231,286,251.46,9.51091746470382,"BIC",1
"325","ENSGT00410000025596.Euteleostomi.001",51,526,581,550.960784313726,19.1884973714084,"AIC",1
"326","ENSGT00410000025596.Euteleostomi.001",51,526,581,550.960784313726,19.1884973714084,"AICc",1
"327","ENSGT00410000025596.Euteleostomi.001",51,526,581,550.960784313726,19.1884973714084,"BIC",1
"328","ENSGT00390000008002.Euteleostomi.001",58,308,359,334.568965517241,14.2915900542764,"AIC",1
"329","ENSGT00390000008002.Euteleostomi.001",58,308,359,334.568965517241,14.2915900542764,"AICc",2
"330","ENSGT00390000008002.Euteleostomi.001",58,308,359,334.568965517241,14.2915900542764,"BIC",2
"331","ENSGT00520000055580.Euteleostomi.001",51,1527,2135,1921.45098039216,208.785278573513,"AIC",1
"332","ENSGT00520000055580.Euteleostomi.001",51,1527,2135,1921.45098039216,208.785278573513,"AICc",1
"333","ENSGT00520000055580.Euteleostomi.001",51,1527,2135,1921.45098039216,208.785278573513,"BIC",1
"334","ENSGT00390000003140.Euteleostomi.001",52,1132,1362,1255.48076923077,67.6439613363901,"AIC",2
"335","ENSGT00390000003140.Euteleostomi.001",52,1132,1362,1255.48076923077,67.6439613363901,"AICc",2
"336","ENSGT00390000003140.Euteleostomi.001",52,1132,1362,1255.48076923077,67.6439613363901,"BIC",1
"337","ENSGT00390000011821.Euteleostomi.001",55,325,791,624.018181818182,141.990152359251,"AIC",1
"338","ENSGT00390000011821.Euteleostomi.001",55,325,791,624.018181818182,141.990152359251,"AICc",2
"339","ENSGT00390000011821.Euteleostomi.001",55,325,791,624.018181818182,141.990152359251,"BIC",1
"340","ENSGT00440000037877.Euteleostomi.001",60,525,753,618.683333333333,43.8381041849562,"AIC",1
"341","ENSGT00440000037877.Euteleostomi.001",60,525,753,618.683333333333,43.8381041849562,"AICc",1
"342","ENSGT00440000037877.Euteleostomi.001",60,525,753,618.683333333333,43.8381041849562,"BIC",1
"343","ENSGT00390000016025.Euteleostomi.001",59,599,664,640.627118644068,22.6676880048602,"AIC",1
"344","ENSGT00390000016025.Euteleostomi.001",59,599,664,640.627118644068,22.6676880048602,"AICc",1
"345","ENSGT00390000016025.Euteleostomi.001",59,599,664,640.627118644068,22.6676880048602,"BIC",1
"346","ENSGT00390000009331.Euteleostomi.001",60,282,295,286.1,2.83859597664833,"AIC",1
"347","ENSGT00390000009331.Euteleostomi.001",60,282,295,286.1,2.83859597664833,"AICc",1
"348","ENSGT00390000009331.Euteleostomi.001",60,282,295,286.1,2.83859597664833,"BIC",1
"349","ENSGT00390000016402.Euteleostomi.001",56,235,297,266.732142857143,26.8690366382967,"AIC",1
"350","ENSGT00390000016402.Euteleostomi.001",56,235,297,266.732142857143,26.8690366382967,"AICc",2
"351","ENSGT00390000016402.Euteleostomi.001",56,235,297,266.732142857143,26.8690366382967,"BIC",2
"352","ENSGT00390000005767.Euteleostomi.001",55,366,442,401.563636363636,17.8447664662693,"AIC",1
"353","ENSGT00390000005767.Euteleostomi.001",55,366,442,401.563636363636,17.8447664662693,"AICc",1
"354","ENSGT00390000005767.Euteleostomi.001",55,366,442,401.563636363636,17.8447664662693,"BIC",2
"355","ENSGT00390000005092.Euteleostomi.001",63,202,218,204.730158730159,2.81818031661904,"AIC",1
"356","ENSGT00390000005092.Euteleostomi.001",63,202,218,204.730158730159,2.81818031661904,"AICc",1
"357","ENSGT00390000005092.Euteleostomi.001",63,202,218,204.730158730159,2.81818031661904,"BIC",1
"358","ENSGT00390000002143.Euteleostomi.001",60,803,890,821.916666666667,13.1629831077072,"AIC",1
"359","ENSGT00390000002143.Euteleostomi.001",60,803,890,821.916666666667,13.1629831077072,"AICc",1
"360","ENSGT00390000002143.Euteleostomi.001",60,803,890,821.916666666667,13.1629831077072,"BIC",1
"361","ENSGT00390000009798.Euteleostomi.002",60,409,529,477.283333333333,32.2480280131121,"AIC",1
"362","ENSGT00390000009798.Euteleostomi.002",60,409,529,477.283333333333,32.2480280131121,"AICc",1
"363","ENSGT00390000009798.Euteleostomi.002",60,409,529,477.283333333333,32.2480280131121,"BIC",1
"364","ENSGT00390000006208.Euteleostomi.001",62,284,347,321.645161290323,16.0216009660253,"AIC",1
"365","ENSGT00390000006208.Euteleostomi.001",62,284,347,321.645161290323,16.0216009660253,"AICc",1
"366","ENSGT00390000006208.Euteleostomi.001",62,284,347,321.645161290323,16.0216009660253,"BIC",1
"367","ENSGT00390000008162.Euteleostomi.001",52,238,271,247.826923076923,8.56055970738892,"AIC",1
"368","ENSGT00390000008162.Euteleostomi.001",52,238,271,247.826923076923,8.56055970738892,"AICc",1
"369","ENSGT00390000008162.Euteleostomi.001",52,238,271,247.826923076923,8.56055970738892,"BIC",1
"370","ENSGT00510000046929.Euteleostomi.001",59,955,1067,1025.20338983051,31.2005634680645,"AIC",1
"371","ENSGT00510000046929.Euteleostomi.001",59,955,1067,1025.20338983051,31.2005634680645,"AICc",1
"372","ENSGT00510000046929.Euteleostomi.001",59,955,1067,1025.20338983051,31.2005634680645,"BIC",1
"373","ENSGT00390000018573.Euteleostomi.001",62,312,422,377.693548387097,32.4939281640495,"AIC",1
"374","ENSGT00390000018573.Euteleostomi.001",62,312,422,377.693548387097,32.4939281640495,"AICc",1
"375","ENSGT00390000018573.Euteleostomi.001",62,312,422,377.693548387097,32.4939281640495,"BIC",1
"376","ENSGT00390000000455.Euteleostomi.001",50,732,922,857.26,67.7289947857923,"AIC",2
"377","ENSGT00390000000455.Euteleostomi.001",50,732,922,857.26,67.7289947857923,"AICc",2
"378","ENSGT00390000000455.Euteleostomi.001",50,732,922,857.26,67.7289947857923,"BIC",1
"379","ENSGT00390000017146.Euteleostomi.001",52,393,510,461.807692307692,24.9808071122992,"AIC",1
"380","ENSGT00390000017146.Euteleostomi.001",52,393,510,461.807692307692,24.9808071122992,"AICc",1
"381","ENSGT00390000017146.Euteleostomi.001",52,393,510,461.807692307692,24.9808071122992,"BIC",1
"382","ENSGT00390000005730.Euteleostomi.001",61,305,334,309.868852459016,4.31074398001113,"AIC",2
"383","ENSGT00390000005730.Euteleostomi.001",61,305,334,309.868852459016,4.31074398001113,"AICc",1
"384","ENSGT00390000005730.Euteleostomi.001",61,305,334,309.868852459016,4.31074398001113,"BIC",1
"385","ENSGT00530000062904.Euteleostomi.001",59,962,1144,1071.22033898305,48.0283923918465,"AIC",1
"386","ENSGT00530000062904.Euteleostomi.001",59,962,1144,1071.22033898305,48.0283923918465,"AICc",1
"387","ENSGT00530000062904.Euteleostomi.001",59,962,1144,1071.22033898305,48.0283923918465,"BIC",1
"388","ENSGT00390000009595.Euteleostomi.001",62,817,1310,907.951612903226,74.9072491883293,"AIC",1
"389","ENSGT00390000009595.Euteleostomi.001",62,817,1310,907.951612903226,74.9072491883293,"AICc",1
"390","ENSGT00390000009595.Euteleostomi.001",62,817,1310,907.951612903226,74.9072491883293,"BIC",1
"391","ENSGT00530000062787.Euteleostomi.002",56,695,891,800.660714285714,61.1345094586785,"AIC",1
"392","ENSGT00530000062787.Euteleostomi.002",56,695,891,800.660714285714,61.1345094586785,"AICc",1
"393","ENSGT00530000062787.Euteleostomi.002",56,695,891,800.660714285714,61.1345094586785,"BIC",2
"394","ENSGT00390000013549.Euteleostomi.001",51,683,865,771.705882352941,39.6415408972189,"AIC",1
"395","ENSGT00390000013549.Euteleostomi.001",51,683,865,771.705882352941,39.6415408972189,"AICc",1
"396","ENSGT00390000013549.Euteleostomi.001",51,683,865,771.705882352941,39.6415408972189,"BIC",1
"397","ENSGT00510000047125.Euteleostomi.001",60,342,1052,403.816666666667,87.2357980606404,"AIC",1
"398","ENSGT00510000047125.Euteleostomi.001",60,342,1052,403.816666666667,87.2357980606404,"AICc",2
"399","ENSGT00510000047125.Euteleostomi.001",60,342,1052,403.816666666667,87.2357980606404,"BIC",2
"400","ENSGT00390000008958.Euteleostomi.003",55,398,582,485.145454545455,49.8640441162056,"AIC",1
"401","ENSGT00390000008958.Euteleostomi.003",55,398,582,485.145454545455,49.8640441162056,"AICc",1
"402","ENSGT00390000008958.Euteleostomi.003",55,398,582,485.145454545455,49.8640441162056,"BIC",1
"403","ENSGT00390000008527.Euteleostomi.001",57,226,288,245.877192982456,23.3345774820472,"AIC",1
"404","ENSGT00390000008527.Euteleostomi.001",57,226,288,245.877192982456,23.3345774820472,"AICc",1
"405","ENSGT00390000008527.Euteleostomi.001",57,226,288,245.877192982456,23.3345774820472,"BIC",1
"406","ENSGT00490000043365.Euteleostomi.001",53,532,932,706.358490566038,159.211530112472,"AIC",1
"407","ENSGT00490000043365.Euteleostomi.001",53,532,932,706.358490566038,159.211530112472,"AICc",1
"408","ENSGT00490000043365.Euteleostomi.001",53,532,932,706.358490566038,159.211530112472,"BIC",1
"409","ENSGT00530000063030.Euteleostomi.001",55,471,563,514.109090909091,17.4554169956373,"AIC",1
"410","ENSGT00530000063030.Euteleostomi.001",55,471,563,514.109090909091,17.4554169956373,"AICc",1
"411","ENSGT00530000063030.Euteleostomi.001",55,471,563,514.109090909091,17.4554169956373,"BIC",1
"412","ENSGT00390000001619.Euteleostomi.003",59,690,998,767.457627118644,119.367921820687,"AIC",2
"413","ENSGT00390000001619.Euteleostomi.003",59,690,998,767.457627118644,119.367921820687,"AICc",2
"414","ENSGT00390000001619.Euteleostomi.003",59,690,998,767.457627118644,119.367921820687,"BIC",2
"415","ENSGT00390000011960.Euteleostomi.001",61,434,559,461.868852459016,19.9419786796898,"AIC",2
"416","ENSGT00390000011960.Euteleostomi.001",61,434,559,461.868852459016,19.9419786796898,"AICc",1
"417","ENSGT00390000011960.Euteleostomi.001",61,434,559,461.868852459016,19.9419786796898,"BIC",1
"418","ENSGT00390000017119.Euteleostomi.001",50,456,601,531.9,45.2621615182718,"AIC",1
"419","ENSGT00390000017119.Euteleostomi.001",50,456,601,531.9,45.2621615182718,"AICc",2
"420","ENSGT00390000017119.Euteleostomi.001",50,456,601,531.9,45.2621615182718,"BIC",2
"421","ENSGT00390000005922.Euteleostomi.001",61,500,522,508.114754098361,4.37454134988549,"AIC",1
"422","ENSGT00390000005922.Euteleostomi.001",61,500,522,508.114754098361,4.37454134988549,"AICc",1
"423","ENSGT00390000005922.Euteleostomi.001",61,500,522,508.114754098361,4.37454134988549,"BIC",2
"424","ENSGT00420000029746.Euteleostomi.001",58,222,4621,665.637931034483,699.714345180792,"AIC",2
"425","ENSGT00420000029746.Euteleostomi.001",58,222,4621,665.637931034483,699.714345180792,"AICc",2
"426","ENSGT00420000029746.Euteleostomi.001",58,222,4621,665.637931034483,699.714345180792,"BIC",1
"427","ENSGT00390000018714.Euteleostomi.002",60,357,612,485.433333333333,79.8560923175307,"AIC",1
"428","ENSGT00390000018714.Euteleostomi.002",60,357,612,485.433333333333,79.8560923175307,"AICc",1
"429","ENSGT00390000018714.Euteleostomi.002",60,357,612,485.433333333333,79.8560923175307,"BIC",2
"430","ENSGT00440000033318.Euteleostomi.002",50,251,366,326.42,34.1139088277817,"AIC",1
"431","ENSGT00440000033318.Euteleostomi.002",50,251,366,326.42,34.1139088277817,"AICc",1
"432","ENSGT00440000033318.Euteleostomi.002",50,251,366,326.42,34.1139088277817,"BIC",1
"433","ENSGT00390000017928.Euteleostomi.001",58,730,851,742.310344827586,15.5475579360151,"AIC",4
"434","ENSGT00390000017928.Euteleostomi.001",58,730,851,742.310344827586,15.5475579360151,"AICc",2
"435","ENSGT00390000017928.Euteleostomi.001",58,730,851,742.310344827586,15.5475579360151,"BIC",1
"436","ENSGT00520000055649.Euteleostomi.001",62,393,824,656.290322580645,124.824517754651,"AIC",1
"437","ENSGT00520000055649.Euteleostomi.001",62,393,824,656.290322580645,124.824517754651,"AICc",1
"438","ENSGT00520000055649.Euteleostomi.001",62,393,824,656.290322580645,124.824517754651,"BIC",1
"439","ENSGT00390000018051.Euteleostomi.001",50,358,463,404.02,24.7233591931986,"AIC",1
"440","ENSGT00390000018051.Euteleostomi.001",50,358,463,404.02,24.7233591931986,"AICc",1
"441","ENSGT00390000018051.Euteleostomi.001",50,358,463,404.02,24.7233591931986,"BIC",2
"442","ENSGT00390000002997.Euteleostomi.001",55,360,518,464.945454545455,46.4337114851867,"AIC",1
"443","ENSGT00390000002997.Euteleostomi.001",55,360,518,464.945454545455,46.4337114851867,"AICc",1
"444","ENSGT00390000002997.Euteleostomi.001",55,360,518,464.945454545455,46.4337114851867,"BIC",1
"445","ENSGT00530000063033.Euteleostomi.001",51,260,311,291.960784313725,15.899636202522,"AIC",1
"446","ENSGT00530000063033.Euteleostomi.001",51,260,311,291.960784313725,15.899636202522,"AICc",1
"447","ENSGT00530000063033.Euteleostomi.001",51,260,311,291.960784313725,15.899636202522,"BIC",1
"448","ENSGT00520000055637.Euteleostomi.001",55,825,1198,960.654545454545,104.898755100091,"AIC",1
"449","ENSGT00520000055637.Euteleostomi.001",55,825,1198,960.654545454545,104.898755100091,"AICc",1
"450","ENSGT00520000055637.Euteleostomi.001",55,825,1198,960.654545454545,104.898755100091,"BIC",1
"451","ENSGT00410000025582.Euteleostomi.001",52,648,772,700.346153846154,21.0348773076625,"AIC",1
"452","ENSGT00410000025582.Euteleostomi.001",52,648,772,700.346153846154,21.0348773076625,"AICc",1
"453","ENSGT00410000025582.Euteleostomi.001",52,648,772,700.346153846154,21.0348773076625,"BIC",1
"454","ENSGT00390000018245.Euteleostomi.001",60,286,341,310.516666666667,10.9055912679668,"AIC",2
"455","ENSGT00390000018245.Euteleostomi.001",60,286,341,310.516666666667,10.9055912679668,"AICc",4
"456","ENSGT00390000018245.Euteleostomi.001",60,286,341,310.516666666667,10.9055912679668,"BIC",4
"457","ENSGT00530000062987.Euteleostomi.001",59,844,1076,913.932203389831,50.1063917757556,"AIC",1
"458","ENSGT00530000062987.Euteleostomi.001",59,844,1076,913.932203389831,50.1063917757556,"AICc",1
"459","ENSGT00530000062987.Euteleostomi.001",59,844,1076,913.932203389831,50.1063917757556,"BIC",2
"460","ENSGT00390000003774.Euteleostomi.001",53,429,477,458.433962264151,11.2292705324458,"AIC",1
"461","ENSGT00390000003774.Euteleostomi.001",53,429,477,458.433962264151,11.2292705324458,"AICc",1
"462","ENSGT00390000003774.Euteleostomi.001",53,429,477,458.433962264151,11.2292705324458,"BIC",1
"463","ENSGT00390000011587.Euteleostomi.001",52,712,1003,827.673076923077,97.9276886386665,"AIC",1
"464","ENSGT00390000011587.Euteleostomi.001",52,712,1003,827.673076923077,97.9276886386665,"AICc",1
"465","ENSGT00390000011587.Euteleostomi.001",52,712,1003,827.673076923077,97.9276886386665,"BIC",1
"466","ENSGT00530000062751.Euteleostomi.007",57,847,971,888.298245614035,21.869715616644,"AIC",1
"467","ENSGT00530000062751.Euteleostomi.007",57,847,971,888.298245614035,21.869715616644,"AICc",1
"468","ENSGT00530000062751.Euteleostomi.007",57,847,971,888.298245614035,21.869715616644,"BIC",1
"469","ENSGT00390000001117.Euteleostomi.002",52,397,466,425.923076923077,20.3738068615854,"AIC",1
"470","ENSGT00390000001117.Euteleostomi.002",52,397,466,425.923076923077,20.3738068615854,"AICc",1
"471","ENSGT00390000001117.Euteleostomi.002",52,397,466,425.923076923077,20.3738068615854,"BIC",1
"472","ENSGT00390000001134.Euteleostomi.001",61,419,767,575.770491803279,109.170568903684,"AIC",2
"473","ENSGT00390000001134.Euteleostomi.001",61,419,767,575.770491803279,109.170568903684,"AICc",4
"474","ENSGT00390000001134.Euteleostomi.001",61,419,767,575.770491803279,109.170568903684,"BIC",1
"475","ENSGT00440000037341.Euteleostomi.002",53,276,438,376.735849056604,42.9839643370714,"AIC",2
"476","ENSGT00440000037341.Euteleostomi.002",53,276,438,376.735849056604,42.9839643370714,"AICc",2
"477","ENSGT00440000037341.Euteleostomi.002",53,276,438,376.735849056604,42.9839643370714,"BIC",1
"478","ENSGT00390000017707.Euteleostomi.001",59,606,892,735.118644067797,102.282584344544,"AIC",2
"479","ENSGT00390000017707.Euteleostomi.001",59,606,892,735.118644067797,102.282584344544,"AICc",2
"480","ENSGT00390000017707.Euteleostomi.001",59,606,892,735.118644067797,102.282584344544,"BIC",1
"481","ENSGT00390000004874.Euteleostomi.001",58,385,622,512.551724137931,71.6132822174606,"AIC",1
"482","ENSGT00390000004874.Euteleostomi.001",58,385,622,512.551724137931,71.6132822174606,"AICc",1
"483","ENSGT00390000004874.Euteleostomi.001",58,385,622,512.551724137931,71.6132822174606,"BIC",1
"484","ENSGT00390000000018.Euteleostomi.003",61,1051,1260,1144.80327868852,41.0673510517098,"AIC",1
"485","ENSGT00390000000018.Euteleostomi.003",61,1051,1260,1144.80327868852,41.0673510517098,"AICc",1
"486","ENSGT00390000000018.Euteleostomi.003",61,1051,1260,1144.80327868852,41.0673510517098,"BIC",2
"487","ENSGT00520000055615.Euteleostomi.001",61,432,603,503.918032786885,69.4886789537133,"AIC",2
"488","ENSGT00520000055615.Euteleostomi.001",61,432,603,503.918032786885,69.4886789537133,"AICc",1
"489","ENSGT00520000055615.Euteleostomi.001",61,432,603,503.918032786885,69.4886789537133,"BIC",1
"490","ENSGT00530000063006.Euteleostomi.003",51,1177,1279,1229.03921568627,22.3087075235781,"AIC",1
"491","ENSGT00530000063006.Euteleostomi.003",51,1177,1279,1229.03921568627,22.3087075235781,"AICc",1
"492","ENSGT00530000063006.Euteleostomi.003",51,1177,1279,1229.03921568627,22.3087075235781,"BIC",1
"493","ENSGT00510000047020.Euteleostomi.001",50,287,343,311.88,11.4279285533472,"AIC",2
"494","ENSGT00510000047020.Euteleostomi.001",50,287,343,311.88,11.4279285533472,"AICc",1
"495","ENSGT00510000047020.Euteleostomi.001",50,287,343,311.88,11.4279285533472,"BIC",1
"496","ENSGT00510000047407.Euteleostomi.001",56,259,431,356.607142857143,56.2671157221366,"AIC",1
"497","ENSGT00510000047407.Euteleostomi.001",56,259,431,356.607142857143,56.2671157221366,"AICc",1
"498","ENSGT00510000047407.Euteleostomi.001",56,259,431,356.607142857143,56.2671157221366,"BIC",1
"499","ENSGT00390000017213.Euteleostomi.001",53,388,662,573.962264150943,68.8845082126461,"AIC",1
"500","ENSGT00390000017213.Euteleostomi.001",53,388,662,573.962264150943,68.8845082126461,"AICc",1
"501","ENSGT00390000017213.Euteleostomi.001",53,388,662,573.962264150943,68.8845082126461,"BIC",1
"502","ENSGT00510000046502.Euteleostomi.003",50,454,507,485.3,15.7794105060477,"AIC",1
"503","ENSGT00510000046502.Euteleostomi.003",50,454,507,485.3,15.7794105060477,"AICc",1
"504","ENSGT00510000046502.Euteleostomi.003",50,454,507,485.3,15.7794105060477,"BIC",1
"505","ENSGT00390000011831.Euteleostomi.001",61,546,644,577.83606557377,18.2164580602897,"AIC",1
"506","ENSGT00390000011831.Euteleostomi.001",61,546,644,577.83606557377,18.2164580602897,"AICc",2
"507","ENSGT00390000011831.Euteleostomi.001",61,546,644,577.83606557377,18.2164580602897,"BIC",1
"508","ENSGT00390000009929.Euteleostomi.001",59,276,371,329.474576271186,15.6352342287004,"AIC",1
"509","ENSGT00390000009929.Euteleostomi.001",59,276,371,329.474576271186,15.6352342287004,"AICc",1
"510","ENSGT00390000009929.Euteleostomi.001",59,276,371,329.474576271186,15.6352342287004,"BIC",1
"511","ENSGT00530000063051.Euteleostomi.003",59,710,735,723.949152542373,6.32843535931428,"AIC",1
"512","ENSGT00530000063051.Euteleostomi.003",59,710,735,723.949152542373,6.32843535931428,"AICc",1
"513","ENSGT00530000063051.Euteleostomi.003",59,710,735,723.949152542373,6.32843535931428,"BIC",1
"514","ENSGT00390000011560.Euteleostomi.002",62,456,505,464.370967741935,10.2513235786262,"AIC",1
"515","ENSGT00390000011560.Euteleostomi.002",62,456,505,464.370967741935,10.2513235786262,"AICc",1
"516","ENSGT00390000011560.Euteleostomi.002",62,456,505,464.370967741935,10.2513235786262,"BIC",1
"517","ENSGT00510000046400.Euteleostomi.001",55,485,573,513.690909090909,20.1143699575174,"AIC",1
"518","ENSGT00510000046400.Euteleostomi.001",55,485,573,513.690909090909,20.1143699575174,"AICc",1
"519","ENSGT00510000046400.Euteleostomi.001",55,485,573,513.690909090909,20.1143699575174,"BIC",1
"520","ENSGT00390000016700.Euteleostomi.001",52,255,395,264.673076923077,24.4385753843692,"AIC",2
"521","ENSGT00390000016700.Euteleostomi.001",52,255,395,264.673076923077,24.4385753843692,"AICc",2
"522","ENSGT00390000016700.Euteleostomi.001",52,255,395,264.673076923077,24.4385753843692,"BIC",2
"523","ENSGT00400000022055.Euteleostomi.001",62,495,710,565.903225806452,59.4432391273236,"AIC",1
"524","ENSGT00400000022055.Euteleostomi.001",62,495,710,565.903225806452,59.4432391273236,"AICc",1
"525","ENSGT00400000022055.Euteleostomi.001",62,495,710,565.903225806452,59.4432391273236,"BIC",2
"526","ENSGT00390000013164.Euteleostomi.006",52,1082,2275,1895.59615384615,322.816724523337,"AIC",1
"527","ENSGT00390000013164.Euteleostomi.006",52,1082,2275,1895.59615384615,322.816724523337,"AICc",1
"528","ENSGT00390000013164.Euteleostomi.006",52,1082,2275,1895.59615384615,322.816724523337,"BIC",1
"529","ENSGT00390000013285.Euteleostomi.001",52,432,565,518.826923076923,30.449393022603,"AIC",1
"530","ENSGT00390000013285.Euteleostomi.001",52,432,565,518.826923076923,30.449393022603,"AICc",1
"531","ENSGT00390000013285.Euteleostomi.001",52,432,565,518.826923076923,30.449393022603,"BIC",1
"532","ENSGT00510000046606.Euteleostomi.002",51,206,582,318.725490196078,94.6124893301878,"AIC",1
"533","ENSGT00510000046606.Euteleostomi.002",51,206,582,318.725490196078,94.6124893301878,"AICc",1
"534","ENSGT00510000046606.Euteleostomi.002",51,206,582,318.725490196078,94.6124893301878,"BIC",1
"535","ENSGT00390000014100.Euteleostomi.001",55,265,286,279.2,4.51089216764801,"AIC",1
"536","ENSGT00390000014100.Euteleostomi.001",55,265,286,279.2,4.51089216764801,"AICc",2
"537","ENSGT00390000014100.Euteleostomi.001",55,265,286,279.2,4.51089216764801,"BIC",1
"538","ENSGT00510000046654.Euteleostomi.001",59,252,331,269.627118644068,13.0303337151072,"AIC",1
"539","ENSGT00510000046654.Euteleostomi.001",59,252,331,269.627118644068,13.0303337151072,"AICc",1
"540","ENSGT00510000046654.Euteleostomi.001",59,252,331,269.627118644068,13.0303337151072,"BIC",2
"541","ENSGT00390000014618.Euteleostomi.001",61,539,655,594.081967213115,35.3352020332733,"AIC",3
"542","ENSGT00390000014618.Euteleostomi.001",61,539,655,594.081967213115,35.3352020332733,"AICc",3
"543","ENSGT00390000014618.Euteleostomi.001",61,539,655,594.081967213115,35.3352020332733,"BIC",2
"544","ENSGT00390000016655.Euteleostomi.001",56,852,908,882.535714285714,15.9339138440501,"AIC",1
"545","ENSGT00390000016655.Euteleostomi.001",56,852,908,882.535714285714,15.9339138440501,"AICc",1
"546","ENSGT00390000016655.Euteleostomi.001",56,852,908,882.535714285714,15.9339138440501,"BIC",1
"547","ENSGT00390000003453.Euteleostomi.001",55,1080,1256,1124.25454545455,33.0696337052691,"AIC",1
"548","ENSGT00390000003453.Euteleostomi.001",55,1080,1256,1124.25454545455,33.0696337052691,"AICc",1
"549","ENSGT00390000003453.Euteleostomi.001",55,1080,1256,1124.25454545455,33.0696337052691,"BIC",2
"550","ENSGT00390000009905.Euteleostomi.002",59,489,632,543.881355932203,34.3822752781453,"AIC",1
"551","ENSGT00390000009905.Euteleostomi.002",59,489,632,543.881355932203,34.3822752781453,"AICc",1
"552","ENSGT00390000009905.Euteleostomi.002",59,489,632,543.881355932203,34.3822752781453,"BIC",1
"553","ENSGT00480000042679.Euteleostomi.001",62,301,355,326.161290322581,11.0678881963745,"AIC",1
"554","ENSGT00480000042679.Euteleostomi.001",62,301,355,326.161290322581,11.0678881963745,"AICc",2
"555","ENSGT00480000042679.Euteleostomi.001",62,301,355,326.161290322581,11.0678881963745,"BIC",2
"556","ENSGT00390000006788.Euteleostomi.001",62,549,702,623.032258064516,31.8248113032849,"AIC",1
"557","ENSGT00390000006788.Euteleostomi.001",62,549,702,623.032258064516,31.8248113032849,"AICc",2
"558","ENSGT00390000006788.Euteleostomi.001",62,549,702,623.032258064516,31.8248113032849,"BIC",2
"559","ENSGT00390000004417.Euteleostomi.001",62,423,572,495.935483870968,29.3418913689335,"AIC",2
"560","ENSGT00390000004417.Euteleostomi.001",62,423,572,495.935483870968,29.3418913689335,"AICc",1
"561","ENSGT00390000004417.Euteleostomi.001",62,423,572,495.935483870968,29.3418913689335,"BIC",1
"562","ENSGT00390000001014.Euteleostomi.001",50,202,277,263.82,21.8629217383856,"AIC",1
"563","ENSGT00390000001014.Euteleostomi.001",50,202,277,263.82,21.8629217383856,"AICc",1
"564","ENSGT00390000001014.Euteleostomi.001",50,202,277,263.82,21.8629217383856,"BIC",2
"565","ENSGT00390000010116.Euteleostomi.001",59,628,683,659.915254237288,10.4638756840284,"AIC",1
"566","ENSGT00390000010116.Euteleostomi.001",59,628,683,659.915254237288,10.4638756840284,"AICc",1
"567","ENSGT00390000010116.Euteleostomi.001",59,628,683,659.915254237288,10.4638756840284,"BIC",1
"568","ENSGT00390000010072.Euteleostomi.001",54,497,527,514.814814814815,8.4965566256785,"AIC",2
"569","ENSGT00390000010072.Euteleostomi.001",54,497,527,514.814814814815,8.4965566256785,"AICc",1
"570","ENSGT00390000010072.Euteleostomi.001",54,497,527,514.814814814815,8.4965566256785,"BIC",1
"571","ENSGT00510000047024.Euteleostomi.001",54,253,647,441.481481481481,171.698588552648,"AIC",1
"572","ENSGT00510000047024.Euteleostomi.001",54,253,647,441.481481481481,171.698588552648,"AICc",1
"573","ENSGT00510000047024.Euteleostomi.001",54,253,647,441.481481481481,171.698588552648,"BIC",1
"574","ENSGT00390000001046.Euteleostomi.002",56,413,463,425.696428571429,12.6072412710923,"AIC",1
"575","ENSGT00390000001046.Euteleostomi.002",56,413,463,425.696428571429,12.6072412710923,"AICc",1
"576","ENSGT00390000001046.Euteleostomi.002",56,413,463,425.696428571429,12.6072412710923,"BIC",1
"577","ENSGT00390000008822.Euteleostomi.002",58,351,435,400.655172413793,16.973200469572,"AIC",3
"578","ENSGT00390000008822.Euteleostomi.002",58,351,435,400.655172413793,16.973200469572,"AICc",1
"579","ENSGT00390000008822.Euteleostomi.002",58,351,435,400.655172413793,16.973200469572,"BIC",1
"580","ENSGT00390000013296.Euteleostomi.001",61,342,978,498.540983606557,166.301390430196,"AIC",1
"581","ENSGT00390000013296.Euteleostomi.001",61,342,978,498.540983606557,166.301390430196,"AICc",1
"582","ENSGT00390000013296.Euteleostomi.001",61,342,978,498.540983606557,166.301390430196,"BIC",1
"583","ENSGT00440000033542.Euteleostomi.002",54,896,993,947.37037037037,34.4505641415574,"AIC",1
"584","ENSGT00440000033542.Euteleostomi.002",54,896,993,947.37037037037,34.4505641415574,"AICc",1
"585","ENSGT00440000033542.Euteleostomi.002",54,896,993,947.37037037037,34.4505641415574,"BIC",1
"586","ENSGT00530000062974.Euteleostomi.004",61,1268,1408,1365.26229508197,28.5662397708345,"AIC",2
"587","ENSGT00530000062974.Euteleostomi.004",61,1268,1408,1365.26229508197,28.5662397708345,"AICc",1
"588","ENSGT00530000062974.Euteleostomi.004",61,1268,1408,1365.26229508197,28.5662397708345,"BIC",1
"589","ENSGT00390000013494.Euteleostomi.001",61,978,1145,1080.44262295082,39.9293228050781,"AIC",2
"590","ENSGT00390000013494.Euteleostomi.001",61,978,1145,1080.44262295082,39.9293228050781,"AICc",2
"591","ENSGT00390000013494.Euteleostomi.001",61,978,1145,1080.44262295082,39.9293228050781,"BIC",1
"592","ENSGT00390000016028.Euteleostomi.002",62,371,501,420.677419354839,36.4155318122023,"AIC",1
"593","ENSGT00390000016028.Euteleostomi.002",62,371,501,420.677419354839,36.4155318122023,"AICc",1
"594","ENSGT00390000016028.Euteleostomi.002",62,371,501,420.677419354839,36.4155318122023,"BIC",1
"595","ENSGT00390000020719.Euteleostomi.003",61,359,575,417.704918032787,72.4675431399683,"AIC",1
"596","ENSGT00390000020719.Euteleostomi.003",61,359,575,417.704918032787,72.4675431399683,"AICc",1
"597","ENSGT00390000020719.Euteleostomi.003",61,359,575,417.704918032787,72.4675431399683,"BIC",1
"598","ENSGT00390000013581.Euteleostomi.001",57,675,856,770.368421052632,54.2460109063157,"AIC",2
"599","ENSGT00390000013581.Euteleostomi.001",57,675,856,770.368421052632,54.2460109063157,"AICc",2
"600","ENSGT00390000013581.Euteleostomi.001",57,675,856,770.368421052632,54.2460109063157,"BIC",1
