name,number_of_sequences,min_seq_lengt,max_seq_lengt,mean_seq_length,standev_seq_length
ENSGT00650000092910.Euteleostomi.001.nt,57,1743,3174,2539.3684210526317,274.0394674116269
ENSGT00390000013581.Euteleostomi.001.nt,57,2025,2568,2311.1052631578946,162.73803271894707
ENSGT00530000063559.Euteleostomi.001.nt,51,2781,5178,4174.941176470588,827.8542966431885
ENSGT00390000020719.Euteleostomi.003.nt,61,1077,1725,1253.1147540983607,217.40262941990494
ENSGT00530000063889.Euteleostomi.001.nt,51,4251,6102,4898.823529411765,559.9849892946186
ENSGT00620000087649.Euteleostomi.002.nt,55,1002,1239,1089,43.08131845707603
ENSGT00640000091217.Euteleostomi.001.nt,54,1374,2019,1676.5555555555557,163.1910174491863
ENSGT00440000033542.Euteleostomi.002.nt,54,2688,2979,2842.1111111111113,103.35169242467211
ENSGT00390000016028.Euteleostomi.002.nt,62,1113,1503,1262.032258064516,109.24659543660704
ENSGT00390000013494.Euteleostomi.001.nt,61,2934,3435,3241.3278688524592,119.78796841523435
ENSGT00620000087654.Euteleostomi.001.nt,60,678,993,894.75,69.08423377249113
ENSGT00530000062974.Euteleostomi.004.nt,61,3804,4224,4095.7868852459014,85.69871931250361
ENSGT00550000074736.Euteleostomi.001.nt,59,2949,3162,3088.830508474576,44.36803468107567
ENSGT00530000063815.Euteleostomi.001.nt,54,714,1455,1101.8333333333333,330.9857062409932
ENSGT00530000063193.Euteleostomi.001.nt,54,654,762,694.6666666666666,26.818045178010482
ENSGT00680000099524.Euteleostomi.003.nt,62,1227,2022,1381.6935483870968,100.90144334532461
ENSGT00680000099856.Euteleostomi.003.nt,52,1152,1575,1328.076923076923,85.26678919348679
ENSGT00530000063773.Euteleostomi.001.nt,56,4092,4572,4428.375,98.9662132428859
ENSGT00670000097683.Euteleostomi.004.nt,62,786,855,824.5645161290323,17.75112184655412
ENSGT00670000097605.Euteleostomi.001.nt,57,2115,3942,2854.4210526315787,551.7562850754858
ENSGT00550000074425.Euteleostomi.002.nt,50,2040,2328,2168.04,45.4060860795249
ENSGT00390000008822.Euteleostomi.002.nt,58,1053,1305,1201.9655172413793,50.91960140871593
ENSGT00680000099672.Euteleostomi.001.nt,53,1887,2112,2022.6792452830189,66.85885637926008
ENSGT00680000099665.Euteleostomi.003.nt,58,3453,4428,3871.2413793103447,227.67846752273857
ENSGT00680000099744.Euteleostomi.002.nt,51,1248,1890,1534.0588235294117,209.9947058156187
ENSGT00640000091192.Euteleostomi.003.nt,58,1305,1557,1458.103448275862,54.77792155289549
ENSGT00390000013296.Euteleostomi.001.nt,61,1026,2934,1495.622950819672,498.90417129058716
ENSGT00390000010072.Euteleostomi.001.nt,54,1491,1581,1544.4444444444443,25.48966987703551
ENSGT00550000074368.Euteleostomi.007.nt,50,1104,1191,1141.56,17.037964810914453
ENSGT00390000001046.Euteleostomi.002.nt,56,1239,1389,1277.0892857142858,37.82172381327684
ENSGT00670000097629.Euteleostomi.002.nt,59,3480,3852,3630.35593220339,73.02946092145336
ENSGT00510000047024.Euteleostomi.001.nt,54,759,1941,1324.4444444444443,515.0957656579426
ENSGT00390000001014.Euteleostomi.001.nt,50,606,831,791.46,65.58876521515693
ENSGT00620000087675.Euteleostomi.005.nt,61,2433,2628,2480.4590163934427,39.475973186438274
ENSGT00530000063684.Euteleostomi.001.nt,50,5463,5964,5805.06,119.11431826748004
ENSGT00650000092921.Euteleostomi.001.nt,62,963,1290,1075.0645161290322,54.76263862439695
ENSGT00600000084077.Euteleostomi.004.nt,61,843,1041,908.9016393442623,34.11290318830144
ENSGT00670000097666.Euteleostomi.002.nt,50,2799,3276,2960.88,91.32083831308209
ENSGT00560000076730.Euteleostomi.007.nt,59,1362,1563,1426.8813559322034,43.92120089188046
ENSGT00390000010116.Euteleostomi.001.nt,59,1884,2049,1979.7457627118645,31.391627052085184
ENSGT00390000006788.Euteleostomi.001.nt,62,1647,2106,1869.0967741935483,95.47443390985458
ENSGT00480000042679.Euteleostomi.001.nt,62,903,1065,978.483870967742,33.20366458912348
ENSGT00680000099692.Euteleostomi.006.nt,55,1815,1974,1912.909090909091,56.74611186787349
ENSGT00390000004417.Euteleostomi.001.nt,62,1269,1716,1487.8064516129032,88.02567410680044
ENSGT00660000095297.Euteleostomi.002.nt,59,1470,1971,1643.1864406779662,109.91524549526882
ENSGT00390000016655.Euteleostomi.001.nt,56,2556,2724,2647.6071428571427,47.8017415321502
ENSGT00390000003453.Euteleostomi.001.nt,55,3240,3768,3372.7636363636366,99.20890111580745
ENSGT00390000009905.Euteleostomi.002.nt,59,1467,1896,1631.6440677966102,103.14682583443594
ENSGT00530000063809.Euteleostomi.001.nt,50,3225,5433,4413.84,915.8572511531455
ENSGT00550000074473.Euteleostomi.003.nt,56,2817,3300,2988.375,82.06484409516439
ENSGT00680000099712.Euteleostomi.003.nt,62,1845,3741,2525.516129032258,630.1637242873638
ENSGT00510000046654.Euteleostomi.001.nt,59,756,993,808.8813559322034,39.09100114532169
ENSGT00550000074284.Euteleostomi.001.nt,52,5118,5568,5376.057692307692,87.46325020113652
ENSGT00390000014618.Euteleostomi.001.nt,61,1617,1965,1782.2459016393443,106.00560609981984
ENSGT00660000095228.Euteleostomi.001.nt,52,774,1284,1037.25,174.97987279213842
ENSGT00530000063339.Euteleostomi.001.nt,60,1914,2169,2015.65,41.30080846255939
ENSGT00390000013285.Euteleostomi.001.nt,52,1296,1695,1556.4807692307693,91.34817906780914
ENSGT00510000046606.Euteleostomi.002.nt,51,618,1746,956.1764705882352,283.8374679905634
ENSGT00390000014100.Euteleostomi.001.nt,55,795,858,837.6,13.532676502944025
ENSGT00550000074493.Euteleostomi.004.nt,55,1905,2697,2306.2363636363634,282.6365264091074
ENSGT00670000097716.Euteleostomi.004.nt,53,972,993,979.5849056603773,3.4105828639248914
ENSGT00550000074405.Euteleostomi.005.nt,52,1638,3075,2384.9423076923076,424.2929719169286
ENSGT00680000099757.Euteleostomi.002.nt,57,1515,1704,1610,48.25823393843938
ENSGT00670000097825.Euteleostomi.001.nt,60,2559,3123,2689.55,68.22629966590372
ENSGT00530000063644.Euteleostomi.001.nt,57,1299,1704,1539.1052631578948,126.51548242501026
ENSGT00550000074415.Euteleostomi.001.nt,59,1974,2097,2003.0338983050847,28.111824792458666
ENSGT00390000013164.Euteleostomi.006.nt,52,3246,6825,5686.788461538462,968.4501735700102
ENSGT00650000092972.Euteleostomi.001.nt,58,5121,5847,5685.051724137931,169.16465791708168
ENSGT00550000074515.Euteleostomi.004.nt,54,2004,3282,2206.6666666666665,182.50396739032155
ENSGT00530000063760.Euteleostomi.001.nt,53,1119,2046,1361.6603773584907,160.86747333372878
ENSGT00680000099766.Euteleostomi.002.nt,60,1572,2937,2427.75,296.6886529337801
ENSGT00560000076864.Euteleostomi.003.nt,54,1785,2913,2419.6111111111113,246.632674438382
ENSGT00530000063675.Euteleostomi.001.nt,62,1092,1485,1257.6290322580646,69.92741760907772
ENSGT00680000099679.Euteleostomi.003.nt,53,969,1602,1155.1698113207547,170.02089643618433
ENSGT00400000022055.Euteleostomi.001.nt,62,1485,2130,1697.7096774193549,178.3297173819708
ENSGT00390000016700.Euteleostomi.001.nt,52,765,1185,794.0192307692307,73.3157261531076
ENSGT00530000063051.Euteleostomi.003.nt,59,2130,2205,2171.8474576271187,18.985306077942845
ENSGT00390000011560.Euteleostomi.002.nt,62,1368,1515,1393.1129032258063,30.75397073587845
ENSGT00390000009929.Euteleostomi.001.nt,59,828,1113,988.4237288135594,46.90570268610112
ENSGT00560000077249.Euteleostomi.001.nt,57,1212,1761,1554.6315789473683,136.05036246853425
ENSGT00540000069900.Euteleostomi.004.nt,55,906,1005,930.8727272727273,16.00700604186312
ENSGT00510000046400.Euteleostomi.001.nt,55,1455,1719,1541.0727272727272,60.34310987255222
ENSGT00390000017213.Euteleostomi.001.nt,53,1164,1986,1721.8867924528302,206.6535246379384
ENSGT00390000011831.Euteleostomi.001.nt,61,1638,1932,1733.5081967213114,54.64937418086922
ENSGT00510000046502.Euteleostomi.003.nt,50,1362,1521,1455.9,47.33823151814298
ENSGT00510000047020.Euteleostomi.001.nt,50,861,1029,935.64,34.283785660041595
ENSGT00680000099580.Euteleostomi.004.nt,55,2154,4881,3405.8727272727274,758.5946815718463
ENSGT00550000074355.Euteleostomi.001.nt,54,747,879,822.1111111111111,35.962069465640774
ENSGT00640000091083.Euteleostomi.003.nt,62,2457,2868,2718.1451612903224,94.96692207120581
ENSGT00680000099498.Euteleostomi.003.nt,59,1758,2118,1945.4745762711864,92.15417290534967
ENSGT00510000047407.Euteleostomi.001.nt,56,777,1293,1069.8214285714287,168.8013471664098
ENSGT00650000093281.Euteleostomi.003.nt,58,1974,2550,2301.310344827586,214.68289196308444
ENSGT00390000000018.Euteleostomi.003.nt,61,3153,3780,3434.409836065574,123.20205315512946
ENSGT00520000055615.Euteleostomi.001.nt,61,1296,1809,1511.7540983606557,208.46603686113997
ENSGT00530000063006.Euteleostomi.003.nt,51,3531,3837,3687.1176470588234,66.92612257073422
ENSGT00550000074421.Euteleostomi.002.nt,61,2082,2409,2241.9836065573772,49.482485724169344
ENSGT00660000095314.Euteleostomi.001.nt,57,2028,3309,2680.7894736842104,436.42851389931076
ENSGT00560000076724.Euteleostomi.003.nt,58,1818,2136,1986.5172413793102,106.90399716474761
ENSGT00680000099899.Euteleostomi.001.nt,52,3369,5169,4734.692307692308,401.8250784422973
ENSGT00440000037341.Euteleostomi.002.nt,53,828,1314,1130.2075471698113,128.95189301121414
ENSGT00550000074289.Euteleostomi.004.nt,62,1437,1578,1542.6290322580646,33.85467198839128
ENSGT00390000017707.Euteleostomi.001.nt,59,1818,2676,2205.35593220339,306.84775303363136
ENSGT00390000004874.Euteleostomi.001.nt,58,1155,1866,1537.655172413793,214.83984665238168
ENSGT00530000064009.Euteleostomi.001.nt,56,660,1227,866.7321428571429,183.19105685509953
ENSGT00670000097670.Euteleostomi.001.nt,58,3321,3666,3566.2758620689656,60.81112349292577
ENSGT00530000063302.Euteleostomi.002.nt,59,1293,2202,1673.8983050847457,343.6552349584087
ENSGT00390000001134.Euteleostomi.001.nt,61,1257,2301,1727.311475409836,327.51170671105314
ENSGT00640000091451.Euteleostomi.001.nt,58,1173,1386,1279.1896551724137,85.06271306668376
ENSGT00530000063281.Euteleostomi.003.nt,61,1023,1179,1105.5737704918033,46.67099706684136
ENSGT00680000099807.Euteleostomi.006.nt,57,981,1482,1232.421052631579,158.41412132315244
ENSGT00390000001117.Euteleostomi.002.nt,52,1191,1398,1277.7692307692307,61.121420584756066
ENSGT00530000062751.Euteleostomi.007.nt,57,2541,2913,2664.8947368421054,65.60914684993199
ENSGT00550000074743.Euteleostomi.001.nt,52,1584,1722,1596.6346153846155,18.50599144755594
ENSGT00550000074505.Euteleostomi.002.nt,59,1029,1143,1079.3389830508474,36.45006511961049
ENSGT00610000085813.Euteleostomi.001.nt,53,1242,1503,1314.0566037735848,60.5355633219463
ENSGT00580000081327.Euteleostomi.002.nt,52,2352,3156,2923.0384615384614,261.2557128778474
ENSGT00680000099585.Euteleostomi.005.nt,50,1368,1551,1468.08,43.18911427474214
ENSGT00530000062987.Euteleostomi.001.nt,59,2532,3228,2741.7966101694915,150.31917532726672
ENSGT00390000011587.Euteleostomi.001.nt,52,2136,3009,2483.019230769231,293.78306591599954
ENSGT00390000003774.Euteleostomi.001.nt,53,1287,1431,1375.301886792453,33.6878115973375
ENSGT00410000025582.Euteleostomi.001.nt,52,1944,2316,2101.0384615384614,63.10463192298761
ENSGT00530000063256.Euteleostomi.001.nt,61,1101,1542,1369.0819672131147,76.3047169974804
ENSGT00390000018245.Euteleostomi.001.nt,60,858,1023,931.55,32.71677380390055
ENSGT00640000091347.Euteleostomi.002.nt,59,1323,1689,1429.4745762711864,82.39483494278262
ENSGT00560000076777.Euteleostomi.003.nt,53,2610,2661,2622.9622641509436,11.615576849397842
ENSGT00560000076760.Euteleostomi.001.nt,61,1551,1770,1605.9344262295083,34.27772301483819
ENSGT00680000099954.Euteleostomi.003.nt,58,879,1224,1007.4310344827586,73.49856474764458
ENSGT00530000063033.Euteleostomi.001.nt,51,780,933,875.8823529411765,47.698908607566075
ENSGT00560000076599.Euteleostomi.001.nt,56,1356,1458,1414.8214285714287,18.76273593429966
ENSGT00390000002997.Euteleostomi.001.nt,55,1080,1554,1394.8363636363636,139.3011344555602
ENSGT00540000070221.Euteleostomi.002.nt,56,2415,5877,3540.8035714285716,695.1936922938778
ENSGT00530000063764.Euteleostomi.001.nt,60,1980,2205,2103.2,43.36475175664279
ENSGT00520000055637.Euteleostomi.001.nt,55,2475,3594,2881.9636363636364,314.69626530027233
ENSGT00550000074311.Euteleostomi.003.nt,52,1218,1452,1363.326923076923,48.50984179660063
ENSGT00530000063715.Euteleostomi.001.nt,56,612,714,666.5357142857143,34.21055886217496
ENSGT00650000092910.Euteleostomi.003.nt,56,1572,2307,2150.410714285714,240.01255851882678
ENSGT00550000074783.Euteleostomi.001.nt,62,1482,1695,1642.016129032258,40.61393281705582
ENSGT00390000018051.Euteleostomi.001.nt,50,1074,1389,1212.06,74.17007757959584
ENSGT00670000098129.Euteleostomi.001.nt,50,906,2970,1362.78,633.544492582512
ENSGT00560000076906.Euteleostomi.004.nt,56,1551,1977,1682.1964285714287,83.01531504769184
ENSGT00390000017928.Euteleostomi.001.nt,58,2190,2553,2226.9310344827586,46.64267380804516
ENSGT00390000018714.Euteleostomi.002.nt,60,1071,1836,1456.3,239.56827695259216
ENSGT00440000033318.Euteleostomi.002.nt,50,753,1098,979.26,102.34172648334518
ENSGT00620000087589.Euteleostomi.003.nt,50,1314,1572,1445.1,35.4563543137826
ENSGT00530000063786.Euteleostomi.001.nt,54,1227,1614,1392.4444444444443,152.1183336136169
ENSGT00520000055649.Euteleostomi.001.nt,62,1179,2472,1968.8709677419354,374.4735532639523
ENSGT00660000095141.Euteleostomi.002.nt,50,948,1305,1052.46,74.75271068731917
ENSGT00530000063166.Euteleostomi.001.nt,60,912,1401,1096.1,208.1753416746468
ENSGT00640000091333.Euteleostomi.003.nt,61,717,828,785.311475409836,18.463965792507448
ENSGT00660000095339.Euteleostomi.001.nt,59,2172,2523,2382.3050847457625,125.18293568810685
ENSGT00560000076932.Euteleostomi.005.nt,61,1239,1284,1251.5901639344263,6.094743771426676
ENSGT00680000099695.Euteleostomi.002.nt,59,900,1455,1240.9322033898304,145.7999177435532
ENSGT00420000029746.Euteleostomi.001.nt,58,666,13863,1996.9137931034484,2099.1430355423763
ENSGT00390000005922.Euteleostomi.001.nt,61,1500,1566,1524.344262295082,13.123624049656454
ENSGT00550000074575.Euteleostomi.001.nt,55,4713,6873,5953.363636363636,677.9353012841806
ENSGT00550000074562.Euteleostomi.003.nt,52,2598,3327,3004.903846153846,245.0649581445851
ENSGT00610000085802.Euteleostomi.006.nt,56,768,1278,931.3928571428571,105.64394377882178
ENSGT00530000063244.Euteleostomi.002.nt,52,1314,2067,1741.673076923077,193.36410044102425
ENSGT00680000099515.Euteleostomi.001.nt,55,711,915,809.1272727272727,74.91255508318288
ENSGT00680000099502.Euteleostomi.003.nt,62,1104,1326,1200.2903225806451,53.91717603904514
ENSGT00620000087828.Euteleostomi.003.nt,60,2220,4476,2835.5,412.11367117107596
ENSGT00390000011960.Euteleostomi.001.nt,61,1302,1677,1385.6065573770493,59.825936039069376
ENSGT00390000017119.Euteleostomi.001.nt,50,1368,1803,1595.7,135.78648455481533
ENSGT00390000001619.Euteleostomi.003.nt,59,2070,2994,2302.3728813559323,358.10376546206044
ENSGT00680000099867.Euteleostomi.001.nt,60,642,762,672.95,25.31458010913266
ENSGT00680000099759.Euteleostomi.003.nt,62,753,915,821.3709677419355,41.53775050578581
ENSGT00580000081398.Euteleostomi.005.nt,57,1728,2133,1916.421052631579,116.19425658421287
ENSGT00640000091251.Euteleostomi.002.nt,59,1869,2094,1981.2711864406779,35.93616491180005
ENSGT00530000063030.Euteleostomi.001.nt,55,1413,1689,1542.3272727272727,52.36625098691181
ENSGT00550000074536.Euteleostomi.001.nt,54,2103,2526,2329.3333333333335,98.90590153519943
ENSGT00530000063965.Euteleostomi.001.nt,56,771,1815,1142.9464285714287,396.5304261921195
ENSGT00550000074364.Euteleostomi.005.nt,60,1599,1734,1670.6,21.302661566820905
ENSGT00680000099640.Euteleostomi.003.nt,51,1269,2367,1795.7058823529412,438.0535261411622
ENSGT00530000063187.Euteleostomi.001.nt,53,2025,2286,2214.2264150943397,60.80189822107466
ENSGT00680000099537.Euteleostomi.005.nt,61,4971,5574,5342.311475409836,149.147973612741
ENSGT00550000074407.Euteleostomi.004.nt,51,960,1464,1159.5294117647059,134.47280066112648
ENSGT00490000043365.Euteleostomi.001.nt,53,1596,2796,2119.0754716981132,477.6345903374173
ENSGT00550000074753.Euteleostomi.001.nt,61,645,783,732.9344262295082,42.97978937921831
ENSGT00680000099585.Euteleostomi.001.nt,60,1098,1494,1323.05,83.6843190462663
ENSGT00680000099742.Euteleostomi.001.nt,55,654,915,807.1090909090909,74.94879059812247
ENSGT00640000091441.Euteleostomi.001.nt,59,780,1686,1238.0338983050847,257.402942277593
ENSGT00530000063286.Euteleostomi.001.nt,51,3972,6027,4860.705882352941,522.780309274083
ENSGT00680000099556.Euteleostomi.001.nt,62,3642,4035,3957.8709677419356,58.54478007865397
ENSGT00680000099605.Euteleostomi.002.nt,51,3123,3504,3332.823529411765,120.6752179832053
ENSGT00550000074476.Euteleostomi.004.nt,51,1317,1560,1417.6470588235295,37.38492933223855
ENSGT00390000008527.Euteleostomi.001.nt,57,678,864,737.6315789473684,70.0037324461416
ENSGT00630000089452.Euteleostomi.005.nt,60,2460,3120,2846.05,151.22095462813368
ENSGT00550000074557.Euteleostomi.005.nt,51,1101,1206,1126.8235294117646,18.639426903585786
ENSGT00530000063239.Euteleostomi.002.nt,52,774,1143,864.2884615384615,80.75072671037329
ENSGT00680000099570.Euteleostomi.003.nt,62,2352,2724,2599.451612903226,84.13468465080453
ENSGT00530000063892.Euteleostomi.001.nt,57,720,1005,866.421052631579,61.27862228275192
ENSGT00680000099889.Euteleostomi.001.nt,59,1389,1614,1480.7288135593221,59.57488203309969
ENSGT00650000093248.Euteleostomi.002.nt,62,2034,2385,2263.935483870968,71.25246523609584
ENSGT00530000063727.Euteleostomi.001.nt,55,1608,2460,1863.1090909090908,219.70204341058795
ENSGT00650000092935.Euteleostomi.001.nt,53,2115,2535,2283.1132075471696,121.69281319677246
ENSGT00550000074396.Euteleostomi.001.nt,62,3273,4008,3701.032258064516,215.16558379665474
ENSGT00560000076896.Euteleostomi.001.nt,56,5016,5517,5320.017857142857,151.76806360321703
ENSGT00530000063830.Euteleostomi.001.nt,62,1167,2880,1755.483870967742,390.12603015912794
ENSGT00530000063215.Euteleostomi.001.nt,53,1965,2826,2365.754716981132,280.5382125116742
ENSGT00390000008958.Euteleostomi.003.nt,55,1194,1746,1455.4363636363637,149.59213234861673
ENSGT00510000047125.Euteleostomi.001.nt,60,1026,3156,1211.45,261.7073941819213
ENSGT00390000013549.Euteleostomi.001.nt,51,2049,2595,2315.1176470588234,118.92462269165684
ENSGT00680000099879.Euteleostomi.002.nt,51,1356,1602,1428.8235294117646,61.98345130189281
ENSGT00530000062904.Euteleostomi.001.nt,59,2886,3432,3213.6610169491523,144.08517717553949
ENSGT00530000063109.Euteleostomi.002.nt,54,4188,4644,4329.722222222223,100.44474998098278
ENSGT00530000062787.Euteleostomi.002.nt,56,2085,2673,2401.9821428571427,183.40352837603538
ENSGT00390000009595.Euteleostomi.001.nt,62,2451,3930,2723.8548387096776,224.72174756498777
ENSGT00530000063264.Euteleostomi.001.nt,52,942,954,951.8653846153846,3.5315321684806404
ENSGT00530000063841.Euteleostomi.001.nt,55,816,1368,1013.1818181818181,166.2663070152364
ENSGT00680000099599.Euteleostomi.001.nt,60,2232,3660,2921.85,473.3402698027595
ENSGT00660000095218.Euteleostomi.008.nt,62,3066,3519,3315.2419354838707,92.70571904544765
ENSGT00550000074588.Euteleostomi.001.nt,58,2910,5103,4400.379310344828,553.5010365475074
ENSGT00680000099849.Euteleostomi.001.nt,57,933,1377,1123.157894736842,67.87456642157866
ENSGT00630000089876.Euteleostomi.001.nt,62,888,1242,1054.5967741935483,59.88115543565297
ENSGT00660000095431.Euteleostomi.001.nt,56,7518,8148,7829.785714285715,151.68025152042273
ENSGT00680000099962.Euteleostomi.001.nt,61,1362,1767,1558.032786885246,64.83259653731672
ENSGT00530000063497.Euteleostomi.001.nt,52,1914,2604,2292.0576923076924,254.3201944640205
ENSGT00530000063734.Euteleostomi.001.nt,55,963,1197,1097.5636363636363,52.47989514032392
ENSGT00650000093105.Euteleostomi.006.nt,55,1371,1575,1504.7454545454545,43.14584147242508
ENSGT00530000063444.Euteleostomi.001.nt,53,1038,2004,1468.245283018868,130.69605162366042
ENSGT00390000005730.Euteleostomi.001.nt,61,915,1002,929.6065573770492,12.932231940033386
ENSGT00530000063148.Euteleostomi.001.nt,50,3612,4344,3982.14,211.03554299729527
ENSGT00550000074287.Euteleostomi.003.nt,51,2001,3933,2982.705882352941,839.1301041940433
ENSGT00600000084077.Euteleostomi.002.nt,62,825,987,897.2903225806451,38.159452816287846
ENSGT00550000074470.Euteleostomi.001.nt,52,1152,1785,1443.9807692307693,211.91789849221672
ENSGT00650000092896.Euteleostomi.007.nt,52,5769,6000,5839.673076923077,45.58797620711665
ENSGT00390000017146.Euteleostomi.001.nt,52,1179,1530,1385.423076923077,74.94242133689772
ENSGT00560000076932.Euteleostomi.001.nt,57,1185,1272,1249.421052631579,22.671526642481577
ENSGT00630000089684.Euteleostomi.002.nt,52,3573,4143,3776.8846153846152,160.1230720103922
ENSGT00680000099709.Euteleostomi.003.nt,58,3129,4038,3556.5,156.55795967258294
ENSGT00680000099558.Euteleostomi.002.nt,55,2130,2988,2398.8545454545456,137.4948373686456
ENSGT00550000074468.Euteleostomi.003.nt,54,2367,3939,3018.8333333333335,468.56983330048604
ENSGT00390000000455.Euteleostomi.001.nt,50,2196,2766,2571.78,203.18698435737684
ENSGT00670000097758.Euteleostomi.001.nt,52,1038,1323,1226.9423076923076,71.49452562658301
ENSGT00640000091159.Euteleostomi.007.nt,52,648,771,657.5192307692307,16.82142702744981
ENSGT00390000018573.Euteleostomi.001.nt,62,936,1266,1133.0806451612902,97.48178449214839
ENSGT00530000063812.Euteleostomi.001.nt,62,3600,4191,3850.7903225806454,116.68805789639289
ENSGT00600000084336.Euteleostomi.002.nt,50,2196,2562,2398.92,59.664654699479854
ENSGT00550000074532.Euteleostomi.003.nt,58,2034,2391,2209.293103448276,62.376898732325536
ENSGT00650000093176.Euteleostomi.001.nt,59,2364,2973,2720.8474576271187,153.8792421258241
ENSGT00560000077077.Euteleostomi.001.nt,53,6321,8844,7959.056603773585,693.1719293634694
ENSGT00680000099507.Euteleostomi.006.nt,53,1059,1152,1099.6415094339623,20.955166739074382
ENSGT00530000063774.Euteleostomi.001.nt,53,1536,2619,1927.5849056603774,450.14174835704057
ENSGT00650000092966.Euteleostomi.001.nt,55,3957,4671,4269.381818181818,224.20976379680297
ENSGT00610000085810.Euteleostomi.001.nt,51,1056,1893,1403.0588235294117,311.04111700961374
ENSGT00600000084271.Euteleostomi.001.nt,51,1767,2007,1952.5882352941176,53.02119443037407
ENSGT00530000063863.Euteleostomi.001.nt,51,2679,3318,2990.9411764705883,139.59060308841794
ENSGT00670000097683.Euteleostomi.002.nt,60,600,1032,909.5,122.12462376119551
ENSGT00390000008162.Euteleostomi.001.nt,52,714,813,743.4807692307693,25.681679122166774
ENSGT00510000046929.Euteleostomi.001.nt,59,2865,3201,3075.6101694915255,93.60169040419356
ENSGT00550000074287.Euteleostomi.001.nt,53,2163,3072,2431.301886792453,244.451158005475
ENSGT00640000091300.Euteleostomi.002.nt,60,4038,4431,4268.25,96.73073320182532
ENSGT00530000063211.Euteleostomi.001.nt,56,2046,2838,2476.6071428571427,311.31846766886207
ENSGT00390000006208.Euteleostomi.001.nt,62,852,1041,964.9354838709677,48.064802898075875
ENSGT00620000087743.Euteleostomi.002.nt,50,933,1032,1008.66,26.183504699855344
ENSGT00570000079047.Euteleostomi.001.nt,53,1248,1392,1316.2641509433963,37.37242450266704
ENSGT00530000063238.Euteleostomi.003.nt,51,2202,2697,2480.1176470588234,139.629029511606
ENSGT00680000099811.Euteleostomi.001.nt,55,1464,1632,1498.418181818182,33.83220628067554
ENSGT00390000009798.Euteleostomi.002.nt,60,1227,1587,1431.85,96.74408403933631
ENSGT00680000099777.Euteleostomi.001.nt,55,3516,4473,4019.4545454545455,336.0372454104311
ENSGT00550000074341.Euteleostomi.001.nt,62,1449,2013,1729.8387096774193,107.43754473171799
ENSGT00560000076949.Euteleostomi.002.nt,58,4242,5106,4652.948275862069,211.18200534832533
ENSGT00660000095114.Euteleostomi.001.nt,62,2964,3597,3424.7419354838707,159.67969326778572
ENSGT00390000002143.Euteleostomi.001.nt,60,2409,2670,2465.75,39.48894932312162
ENSGT00550000074528.Euteleostomi.004.nt,50,2652,3273,3060.96,178.29131859323462
ENSGT00660000095190.Euteleostomi.003.nt,53,1836,2505,2134.0754716981132,161.59575026026232
ENSGT00390000005092.Euteleostomi.001.nt,63,606,654,614.1904761904761,8.454540949857128
ENSGT00550000074427.Euteleostomi.001.nt,56,2106,2298,2206.875,53.45348445143684
ENSGT00550000074370.Euteleostomi.001.nt,59,1779,1908,1841.3389830508474,32.71223021813914
ENSGT00670000097546.Euteleostomi.002.nt,50,3405,4116,3837.78,211.1459781327427
ENSGT00680000099523.Euteleostomi.001.nt,61,1191,1725,1351.27868852459,100.69676114413032
ENSGT00610000085723.Euteleostomi.006.nt,51,7908,8238,8032.64705882353,75.7149452960013
ENSGT00550000074769.Euteleostomi.001.nt,58,930,1128,1003.6551724137931,83.56876603724203
ENSGT00620000087922.Euteleostomi.001.nt,56,1632,3693,2342.3035714285716,292.83106638736
ENSGT00390000005767.Euteleostomi.001.nt,55,1098,1326,1204.6909090909091,53.534299398807974
ENSGT00560000076828.Euteleostomi.003.nt,56,771,1023,915.1071428571429,58.93777259925115
ENSGT00390000016025.Euteleostomi.001.nt,59,1797,1992,1921.8813559322034,68.00306401458046
ENSGT00390000009331.Euteleostomi.001.nt,60,846,885,858.3,8.515787929944981
ENSGT00530000064012.Euteleostomi.001.nt,60,1203,1518,1394.9,78.64459855168651
ENSGT00390000016402.Euteleostomi.001.nt,56,705,891,800.1964285714286,80.60710991489007
ENSGT00440000037877.Euteleostomi.001.nt,60,1575,2259,1856.05,131.51431255486858
ENSGT00680000099997.Euteleostomi.001.nt,52,789,939,894.2884615384615,32.49756343111397
ENSGT00680000099788.Euteleostomi.002.nt,60,5733,5835,5809.95,16.20569579719385
ENSGT00530000063816.Euteleostomi.001.nt,61,795,960,843.2950819672132,41.18023160947296
ENSGT00680000099562.Euteleostomi.002.nt,55,3312,5457,4285.854545454546,619.3602858081584
ENSGT00390000003140.Euteleostomi.001.nt,52,3396,4086,3766.4423076923076,202.93188400917023
ENSGT00390000011821.Euteleostomi.001.nt,55,975,2373,1872.0545454545454,425.97045707775357
ENSGT00520000055580.Euteleostomi.001.nt,51,4581,6405,5764.35294117647,626.3558357205403
ENSGT00390000008002.Euteleostomi.001.nt,58,924,1077,1003.7068965517242,42.87477016282917
ENSGT00660000095560.Euteleostomi.001.nt,53,2373,3687,3193.9245283018868,426.0829121669145
ENSGT00530000063369.Euteleostomi.001.nt,55,2940,4299,3694.309090909091,602.8155504619866
ENSGT00570000079101.Euteleostomi.001.nt,53,1545,2121,1762.9245283018868,112.01216435599987
ENSGT00680000099519.Euteleostomi.003.nt,58,3453,5391,4208.896551724138,604.112476156179
ENSGT00680000099585.Euteleostomi.003.nt,57,1044,1437,1212.157894736842,137.41929962626952
ENSGT00390000009278.Euteleostomi.001.nt,50,693,858,754.38,28.532752394111462
ENSGT00410000025596.Euteleostomi.001.nt,51,1578,1743,1652.8823529411766,57.56549211422536
ENSGT00560000076769.Euteleostomi.002.nt,62,1266,1443,1348.6935483870968,39.20421050893345
ENSGT00670000097819.Euteleostomi.002.nt,51,2697,3117,2825.0588235294117,60.17222341403245
ENSGT00630000089521.Euteleostomi.005.nt,50,696,795,752.04,21.6624946271058
ENSGT00680000099842.Euteleostomi.001.nt,52,612,729,669.5192307692307,29.95715265967567
ENSGT00550000074417.Euteleostomi.002.nt,58,2436,4674,3035.689655172414,401.3882578941711
ENSGT00440000038338.Euteleostomi.001.nt,51,2733,3408,3182.529411764706,151.23139263277005
ENSGT00680000099588.Euteleostomi.004.nt,58,1941,2886,2420.5862068965516,321.2738370968041
ENSGT00390000011747.Euteleostomi.001.nt,51,639,909,683.7058823529412,51.95547867844047
ENSGT00620000087815.Euteleostomi.001.nt,57,984,1125,1003,23.84773124878519
ENSGT00530000063035.Euteleostomi.002.nt,51,669,843,737.5294117647059,37.69209622251141
ENSGT00530000063103.Euteleostomi.001.nt,58,1098,1584,1316.2758620689656,82.56731291209918
ENSGT00550000074412.Euteleostomi.003.nt,60,1434,1995,1748.95,138.9534033591288
ENSGT00660000095375.Euteleostomi.003.nt,56,942,1215,1130.25,50.356637190055785
ENSGT00390000007681.Euteleostomi.001.nt,57,870,1086,914.6842105263158,61.63491528309979
ENSGT00640000091186.Euteleostomi.001.nt,61,2823,3225,2931.344262295082,46.62434458731534
ENSGT00530000063868.Euteleostomi.001.nt,60,1023,1152,1068.55,35.94695951405466
ENSGT00390000004600.Euteleostomi.001.nt,58,4380,4674,4572.827586206897,72.32993069796997
ENSGT00450000040316.Euteleostomi.001.nt,52,1743,2541,2205.6923076923076,288.22700329751245
ENSGT00680000099580.Euteleostomi.002.nt,52,3855,4281,4050.1153846153848,128.75690026758113
ENSGT00640000091572.Euteleostomi.001.nt,59,897,1299,1176.1016949152543,118.4393770312918
ENSGT00680000099996.Euteleostomi.002.nt,52,1086,1197,1126.5576923076924,22.033320098662745
ENSGT00530000062941.Euteleostomi.002.nt,52,1701,2322,2012.25,276.17697331282943
ENSGT00560000076796.Euteleostomi.001.nt,58,1767,2202,2038.8103448275863,83.6212129757045
ENSGT00550000074505.Euteleostomi.001.nt,57,1218,1596,1369.7894736842106,93.24827398672728
ENSGT00610000085813.Euteleostomi.002.nt,55,1131,1476,1287.5454545454545,68.39369100799408
ENSGT00660000095193.Euteleostomi.002.nt,53,2238,4695,3818.7735849056603,826.1521707826134
ENSGT00640000091262.Euteleostomi.002.nt,53,765,1305,832.3018867924528,76.79357567923454
ENSGT00530000063116.Euteleostomi.001.nt,56,858,1326,1076.7857142857142,157.69518517878544
ENSGT00590000082809.Euteleostomi.003.nt,61,2253,3303,2825.0163934426228,183.18164862628194
ENSGT00390000016313.Euteleostomi.001.nt,52,2577,3030,2627.7115384615386,63.25092777385478
ENSGT00530000063531.Euteleostomi.001.nt,53,2655,3492,3165.169811320755,209.9780882203094
ENSGT00390000017671.Euteleostomi.001.nt,60,1140,1425,1207.8,45.336706421535986
ENSGT00390000008565.Euteleostomi.001.nt,61,1740,2001,1817.311475409836,62.357181084353755
ENSGT00550000074434.Euteleostomi.004.nt,51,765,1182,988.5882352941177,93.95385600827424
ENSGT00670000097746.Euteleostomi.001.nt,52,1044,1248,1140.576923076923,41.522659135939946
ENSGT00680000099723.Euteleostomi.002.nt,50,1404,1452,1418.04,7.935865370813285
ENSGT00660000095322.Euteleostomi.004.nt,50,2511,2793,2638.68,78.37857891447804
ENSGT00550000074318.Euteleostomi.005.nt,57,1848,2082,1992.0526315789473,65.69855973976674
ENSGT00530000062977.Euteleostomi.001.nt,59,1311,1650,1538.4406779661017,59.9882951762519
ENSGT00670000097765.Euteleostomi.002.nt,62,1476,4566,1824.774193548387,403.35675212774595
ENSGT00620000088023.Euteleostomi.001.nt,58,936,1311,1153.9137931034484,107.2204295279914
ENSGT00390000009222.Euteleostomi.001.nt,56,1650,1761,1714.5535714285713,24.599275409030863
ENSGT00680000099831.Euteleostomi.003.nt,53,1116,1992,1495.4150943396226,291.55890247758384
ENSGT00670000097753.Euteleostomi.004.nt,51,1641,2019,1859.2941176470588,107.4277979142544
ENSGT00530000063333.Euteleostomi.001.nt,58,861,2532,1429.5,727.6853534902366
ENSGT00550000074339.Euteleostomi.001.nt,56,1707,3234,2525.25,433.85331622565707
ENSGT00530000063788.Euteleostomi.001.nt,62,2286,2619,2489.8548387096776,54.273698238330525
ENSGT00650000093424.Euteleostomi.001.nt,54,672,2007,961.8333333333334,309.38110771558235
ENSGT00390000018612.Euteleostomi.001.nt,61,2046,2214,2140.967213114754,49.27642005838585
ENSGT00550000074310.Euteleostomi.003.nt,55,1272,2328,1723.8545454545454,438.62645113623006
ENSGT00680000099836.Euteleostomi.005.nt,58,1596,2658,2119.344827586207,430.3745635754706
ENSGT00680000099726.Euteleostomi.003.nt,51,705,777,712.4117647058823,9.340613407240951
ENSGT00680000099559.Euteleostomi.006.nt,58,1380,1464,1435.603448275862,16.925989209136464
ENSGT00640000091425.Euteleostomi.003.nt,62,1623,1920,1764.8225806451612,43.545914789684225
ENSGT00680000099525.Euteleostomi.001.nt,53,3765,4419,4115.603773584906,206.82437176192988
ENSGT00530000063342.Euteleostomi.001.nt,52,3027,4902,3294.923076923077,302.7675511762264
ENSGT00390000002174.Euteleostomi.001.nt,57,1149,1446,1276.8947368421052,69.34300979564412
ENSGT00410000025651.Euteleostomi.001.nt,58,2607,2838,2698.0344827586205,41.001482864601236
ENSGT00510000046704.Euteleostomi.001.nt,52,2292,2973,2559.2884615384614,231.4485786738293
ENSGT00560000076845.Euteleostomi.006.nt,54,897,966,943.3333333333334,24.70199747480521
ENSGT00550000074436.Euteleostomi.003.nt,50,2148,3030,2518.86,274.08266368125555
ENSGT00390000008991.Euteleostomi.001.nt,63,726,795,758.952380952381,13.13752145749277
ENSGT00390000001390.Euteleostomi.001.nt,53,759,960,857.6603773584906,63.33881523394227
ENSGT00560000076776.Euteleostomi.003.nt,61,876,1161,942.0491803278688,34.46951611182853
ENSGT00670000097927.Euteleostomi.002.nt,59,1365,1689,1518.1525423728813,106.6487650573249
ENSGT00520000055542.Euteleostomi.003.nt,61,828,1107,1002.7377049180328,57.40815901343184
ENSGT00610000085802.Euteleostomi.005.nt,52,1212,1428,1308.6346153846155,60.329496848931605
ENSGT00390000017581.Euteleostomi.001.nt,52,684,771,707.5384615384615,27.116640964444144
ENSGT00530000063776.Euteleostomi.001.nt,62,2367,3516,2916.5806451612902,214.76136572813326
ENSGT00510000046989.Euteleostomi.001.nt,57,639,888,760.1578947368421,55.98940890717133
ENSGT00660000095090.Euteleostomi.003.nt,61,2127,2868,2548.6721311475408,192.5091098547006
ENSGT00680000099536.Euteleostomi.001.nt,58,699,1824,953.2758620689655,196.93678682163412
ENSGT00530000063036.Euteleostomi.003.nt,62,1191,1563,1337.1290322580646,53.89987191534638
ENSGT00550000074509.Euteleostomi.005.nt,59,3573,3975,3796.5254237288136,84.5420433932754
ENSGT00440000033589.Euteleostomi.001.nt,55,1098,1680,1317.8181818181818,103.22702253682503
ENSGT00680000099867.Euteleostomi.002.nt,60,720,921,754.2,51.94449449628494
ENSGT00530000062893.Euteleostomi.001.nt,62,1440,1713,1612.5967741935483,72.46513230002172
ENSGT00530000063002.Euteleostomi.002.nt,54,1443,1608,1515,36.26787132664444
ENSGT00550000074304.Euteleostomi.005.nt,61,1437,1908,1568.8524590163934,85.87623576317525
ENSGT00620000087753.Euteleostomi.003.nt,51,1794,1965,1864.4117647058824,36.54759990510361
ENSGT00390000015092.Euteleostomi.002.nt,60,1710,2070,1960.25,91.66975084693415
ENSGT00530000063047.Euteleostomi.003.nt,57,1263,1434,1373.4736842105262,47.75873340595784
ENSGT00550000074337.Euteleostomi.002.nt,57,2349,2397,2369.684210526316,11.820318304175657
ENSGT00390000005703.Euteleostomi.001.nt,62,1293,2748,1643.758064516129,233.94406543780832
ENSGT00400000022032.Euteleostomi.001.nt,61,699,1218,954.1967213114754,137.9650704190655
ENSGT00680000099804.Euteleostomi.001.nt,53,1980,2658,2127.2830188679245,120.94569305119654
ENSGT00390000007586.Euteleostomi.001.nt,60,1485,1737,1680.75,61.23963073763064
ENSGT00660000095461.Euteleostomi.002.nt,53,717,954,766.6415094339623,41.52992171528612
ENSGT00580000081366.Euteleostomi.002.nt,59,1428,1761,1468.7288135593221,61.00588736667696
ENSGT00640000091200.Euteleostomi.002.nt,59,4329,4656,4543.474576271186,68.35691220306875
ENSGT00650000093021.Euteleostomi.001.nt,61,1761,3360,2787.934426229508,538.9624869089517
ENSGT00390000012305.Euteleostomi.001.nt,52,735,1302,997.9038461538462,148.3247972360425
ENSGT00450000040408.Euteleostomi.001.nt,55,1047,2730,1661.7272727272727,391.6547258012141
ENSGT00660000095153.Euteleostomi.002.nt,62,2913,3360,3192.532258064516,100.86912763364049
ENSGT00550000074456.Euteleostomi.004.nt,62,612,720,651.8709677419355,18.69468572771307
ENSGT00670000097842.Euteleostomi.001.nt,50,816,942,884.34,19.444961573946216
ENSGT00680000099911.Euteleostomi.001.nt,51,834,1224,1020.0588235294117,77.84173989954384
ENSGT00670000097514.Euteleostomi.004.nt,52,2046,2277,2151.403846153846,66.11228108609806
ENSGT00390000015510.Euteleostomi.001.nt,56,1491,1857,1696.232142857143,83.9138066592855
ENSGT00390000006046.Euteleostomi.001.nt,51,1809,2586,2082.705882352941,180.7888596255474
ENSGT00410000025758.Euteleostomi.001.nt,57,3594,5865,4427.210526315789,453.8582903774711
ENSGT00640000091135.Euteleostomi.003.nt,57,1698,2268,2056.5263157894738,207.4878744532142
ENSGT00510000047351.Euteleostomi.001.nt,54,618,741,687.5,22.613862837932626
ENSGT00680000099960.Euteleostomi.001.nt,60,2010,2517,2325.4,144.70955129944994
ENSGT00540000070221.Euteleostomi.001.nt,59,2331,3672,3157.0169491525426,283.7524109893271
ENSGT00550000074773.Euteleostomi.001.nt,54,3201,3363,3290.3888888888887,44.34956197978445
ENSGT00680000099762.Euteleostomi.001.nt,56,2745,3078,2988.375,90.3340391899069
ENSGT00530000063395.Euteleostomi.001.nt,62,882,1305,1051.5,119.78433489086083
ENSGT00550000074562.Euteleostomi.002.nt,57,2568,2850,2731.4736842105262,68.51879441416001
ENSGT00530000063079.Euteleostomi.001.nt,51,1122,1671,1455.8823529411766,159.6014595245073
ENSGT00650000092921.Euteleostomi.002.nt,62,1080,1218,1106.3225806451612,28.0396523642235
ENSGT00410000025793.Euteleostomi.001.nt,60,1833,3501,2619.45,575.9925383520937
ENSGT00550000074786.Euteleostomi.001.nt,53,1815,2076,1948.9811320754718,61.32087439979389
ENSGT00600000084236.Euteleostomi.002.nt,52,2388,2676,2552.596153846154,49.17326693433613
ENSGT00390000009391.Euteleostomi.001.nt,50,3177,3663,3411.42,89.40417056427353
ENSGT00530000062961.Euteleostomi.002.nt,60,1155,2325,1615.85,233.63275723715904
ENSGT00530000062893.Euteleostomi.003.nt,60,1470,1728,1640.8,72.74795122049596
ENSGT00530000063674.Euteleostomi.001.nt,55,2448,3645,3097.309090909091,239.0451586600069
ENSGT00670000097702.Euteleostomi.001.nt,54,2169,2997,2568.3333333333335,256.6515882200012
ENSGT00390000006494.Euteleostomi.001.nt,56,609,771,668.7321428571429,41.754908724572765
ENSGT00680000099536.Euteleostomi.003.nt,61,1662,2109,1771.8688524590164,75.20006103938925
ENSGT00660000095240.Euteleostomi.003.nt,59,2763,3132,2934.7118644067796,112.1229391226369
ENSGT00660000095190.Euteleostomi.004.nt,54,1773,2352,2145.8333333333335,169.84407388532065
ENSGT00530000063039.Euteleostomi.001.nt,59,3720,5328,4636.525423728814,638.7661963917899
ENSGT00680000099768.Euteleostomi.002.nt,51,1179,1236,1192.2941176470588,8.077856442515078
ENSGT00600000084242.Euteleostomi.003.nt,59,1962,2343,2059.169491525424,98.64830469249085
ENSGT00530000063847.Euteleostomi.001.nt,56,1020,1476,1262.3035714285713,131.99998893152255
ENSGT00670000097546.Euteleostomi.005.nt,57,3630,4077,3924.5263157894738,122.27940856660412
ENSGT00390000013146.Euteleostomi.005.nt,61,813,1008,863.4590163934427,34.36062367036421
ENSGT00670000097575.Euteleostomi.002.nt,50,1602,1917,1788.42,89.0686710536612
ENSGT00680000099677.Euteleostomi.003.nt,58,1521,2004,1604.0689655172414,92.18951914950166
ENSGT00550000074580.Euteleostomi.002.nt,60,2004,2301,2132.75,53.87638865251909
ENSGT00530000063981.Euteleostomi.001.nt,58,1071,1359,1145.5862068965516,63.43695156575892
ENSGT00530000063213.Euteleostomi.001.nt,53,1053,1272,1098.566037735849,42.32452891007869
ENSGT00500000044813.Euteleostomi.002.nt,52,1437,1974,1784.25,103.73928009820638
ENSGT00510000046525.Euteleostomi.001.nt,59,618,795,660.6610169491526,51.348911337044996
ENSGT00670000097752.Euteleostomi.005.nt,60,4827,5328,5087.05,86.50059762701359
ENSGT00550000074567.Euteleostomi.003.nt,59,774,1131,993.9152542372881,111.37019475846174
ENSGT00680000099690.Euteleostomi.002.nt,55,1989,2307,2077.090909090909,80.73075340571613
ENSGT00530000063140.Euteleostomi.002.nt,56,1629,1986,1775.3035714285713,114.80100088934245
ENSGT00410000025615.Euteleostomi.001.nt,60,711,903,804.1,48.433319529823336
ENSGT00550000074311.Euteleostomi.002.nt,60,945,1140,1051.95,53.30291593766355
ENSGT00390000008279.Euteleostomi.001.nt,62,927,1065,996.8709677419355,29.460996094012188
ENSGT00530000063045.Euteleostomi.006.nt,61,906,1185,1042.622950819672,38.8789420013912
ENSGT00670000097660.Euteleostomi.004.nt,54,1605,1809,1709.2222222222222,72.38853934795769
ENSGT00630000089801.Euteleostomi.001.nt,51,1143,1416,1319.3529411764705,63.617866524872326
ENSGT00530000063170.Euteleostomi.001.nt,55,1950,2520,2237.3454545454547,170.5546744293365
ENSGT00620000087973.Euteleostomi.001.nt,61,1380,2139,1783.622950819672,217.0043136233645
ENSGT00660000095301.Euteleostomi.005.nt,56,4653,4977,4805.196428571428,72.00338871895535
ENSGT00390000014213.Euteleostomi.001.nt,55,1185,1371,1286.1272727272728,57.11880229624546
ENSGT00660000095174.Euteleostomi.001.nt,53,1644,2157,1879.0188679245282,98.68646750149955
ENSGT00390000001626.Euteleostomi.001.nt,57,741,879,776.1052631578947,23.382444735410182
ENSGT00550000074410.Euteleostomi.003.nt,60,2646,3405,2964.25,216.56866645047154
ENSGT00550000074350.Euteleostomi.001.nt,59,4473,4677,4630.118644067797,37.199408943099556
ENSGT00390000015700.Euteleostomi.001.nt,54,1362,1608,1440.2777777777778,44.05717411721919
ENSGT00660000095522.Euteleostomi.001.nt,56,1215,2436,1343.6785714285713,216.72127949745266
ENSGT00390000000948.Euteleostomi.003.nt,62,861,1149,966.8709677419355,71.10174742981155
ENSGT00680000099657.Euteleostomi.004.nt,61,981,1335,1148.8032786885246,79.03518618778413
ENSGT00600000084108.Euteleostomi.001.nt,53,1572,1734,1661.8301886792453,60.16251575430329
ENSGT00390000008164.Euteleostomi.001.nt,56,1149,1365,1321.5535714285713,47.004417449217044
ENSGT00550000074581.Euteleostomi.001.nt,52,1512,1629,1566.923076923077,29.34904625089381
ENSGT00530000062937.Euteleostomi.003.nt,53,1707,2040,1888.245283018868,89.61539738502559
ENSGT00670000097698.Euteleostomi.001.nt,53,3450,5118,4349.377358490566,429.8159367421171
ENSGT00390000003950.Euteleostomi.002.nt,55,2169,2298,2222.181818181818,21.897142473045392
ENSGT00560000076776.Euteleostomi.001.nt,55,903,1104,997.8,46.312705240210995
ENSGT00670000097790.Euteleostomi.002.nt,61,5514,6762,6311.360655737705,286.64217140230693
ENSGT00530000063970.Euteleostomi.001.nt,54,705,1164,896.9444444444445,125.79429399824033
ENSGT00610000085982.Euteleostomi.002.nt,50,1557,1638,1585.62,10.483981951101423
ENSGT00390000017365.Euteleostomi.001.nt,61,2703,2835,2754.098360655738,19.04442605946491
ENSGT00650000093200.Euteleostomi.001.nt,60,3132,4674,3843.4,603.0933311699731
ENSGT00680000099774.Euteleostomi.002.nt,58,1827,2361,2040.2586206896551,99.67518481668125
ENSGT00390000010157.Euteleostomi.001.nt,60,897,993,927.5,17.865315321186575
ENSGT00390000002812.Euteleostomi.004.nt,57,2343,2553,2467.684210526316,43.088015360064716
ENSGT00390000008456.Euteleostomi.001.nt,54,876,984,896.7777777777778,15.646648524936356
ENSGT00390000010600.Euteleostomi.001.nt,62,636,1071,780.241935483871,126.80689921292047
ENSGT00550000074542.Euteleostomi.005.nt,62,7572,7686,7633.741935483871,18.26484169365095
ENSGT00390000009905.Euteleostomi.001.nt,53,1464,1782,1558.9811320754718,58.75224727814435
ENSGT00550000074552.Euteleostomi.001.nt,53,3030,3687,3409.4150943396226,139.67619613871
ENSGT00600000084313.Euteleostomi.001.nt,53,5625,6732,6106.301886792453,336.45531106303764
ENSGT00390000010091.Euteleostomi.001.nt,56,2268,2937,2443.1785714285716,118.00571744898359
ENSGT00550000074396.Euteleostomi.004.nt,56,2928,3396,3147.8571428571427,108.06015640650074
ENSGT00680000099571.Euteleostomi.001.nt,57,708,975,792.4736842105264,86.28174473018154
ENSGT00530000063150.Euteleostomi.002.nt,59,729,1605,959.4406779661017,135.6804398763863
ENSGT00390000001586.Euteleostomi.001.nt,60,990,1245,1117.2,49.76684622367432
ENSGT00670000097752.Euteleostomi.001.nt,55,6372,7065,6747.218181818182,142.98001555631768
ENSGT00390000016529.Euteleostomi.002.nt,59,1314,2031,1780.677966101695,218.76979245851942
ENSGT00390000017920.Euteleostomi.002.nt,51,1044,1734,1406.3529411764705,125.95758389702651
ENSGT00530000063991.Euteleostomi.001.nt,60,1074,1284,1187.75,73.97356948972279
ENSGT00530000063203.Euteleostomi.001.nt,56,1398,3849,2258.25,1007.0677913445729
ENSGT00390000016421.Euteleostomi.001.nt,57,6600,7431,7078.210526315789,276.3787345061447
ENSGT00680000099788.Euteleostomi.001.nt,54,5754,5850,5811.611111111111,17.34055848447388
ENSGT00680000099558.Euteleostomi.003.nt,57,3231,3924,3631.9473684210525,182.16421369709172
ENSGT00640000091312.Euteleostomi.002.nt,50,2391,2658,2584.68,48.66186538612287
ENSGT00670000097845.Euteleostomi.001.nt,53,2397,2886,2643.2264150943397,93.92010547215813
ENSGT00680000099916.Euteleostomi.001.nt,56,3789,4845,4411.982142857143,308.0462474766015
ENSGT00390000005434.Euteleostomi.001.nt,56,777,1158,905.4642857142857,84.09171708983521
ENSGT00530000063676.Euteleostomi.002.nt,53,3117,3828,3380.377358490566,242.2969591236765
ENSGT00680000099667.Euteleostomi.003.nt,59,1083,1260,1185.2542372881355,37.84614644453705
ENSGT00660000095258.Euteleostomi.005.nt,53,816,1002,969.7358490566038,41.01554627558275
ENSGT00670000097694.Euteleostomi.001.nt,56,2292,3081,2499.4285714285716,203.83905033520548
ENSGT00440000039028.Euteleostomi.001.nt,58,1029,1986,1538.6896551724137,322.9298553402185
ENSGT00660000095363.Euteleostomi.001.nt,57,3420,3840,3626.157894736842,118.31643248293418
ENSGT00680000099656.Euteleostomi.003.nt,56,948,1677,1432.3392857142858,248.37319990001222
ENSGT00680000099531.Euteleostomi.001.nt,60,1986,2553,2261.3,115.88236291126577
ENSGT00680000099589.Euteleostomi.004.nt,52,1569,2625,2040.8653846153845,346.06731912521855
ENSGT00530000063026.Euteleostomi.001.nt,60,2835,3720,3375.45,241.71873450390538
ENSGT00510000046443.Euteleostomi.002.nt,61,2568,3723,3093.7377049180327,293.29387433308506
ENSGT00390000017273.Euteleostomi.001.nt,55,1365,2181,1840.2,319.51817892987975
ENSGT00660000095182.Euteleostomi.003.nt,61,1701,2010,1824.639344262295,97.07540587723292
ENSGT00390000001046.Euteleostomi.005.nt,54,1224,1449,1293.388888888889,67.11505656415751
ENSGT00680000099630.Euteleostomi.001.nt,60,3351,5889,4715.55,732.9774992499972
ENSGT00680000099919.Euteleostomi.001.nt,62,1848,2151,2079.1451612903224,62.22219486308817
ENSGT00650000093115.Euteleostomi.003.nt,53,1377,1953,1707.1698113207547,114.5035665969635
ENSGT00680000099564.Euteleostomi.004.nt,62,2913,3348,3134.2258064516127,110.17339825822386
ENSGT00550000074337.Euteleostomi.004.nt,52,2214,3684,2523.2884615384614,529.5022944844086
ENSGT00640000091172.Euteleostomi.003.nt,53,1305,2520,1719.8490566037735,290.11565308089536
ENSGT00390000001132.Euteleostomi.001.nt,60,1272,1503,1382.8,50.23564808960914
ENSGT00660000095474.Euteleostomi.001.nt,62,1326,3168,2434.5,577.191582536353
ENSGT00390000005717.Euteleostomi.001.nt,54,612,771,653.8333333333334,40.69989105729242
ENSGT00560000076796.Euteleostomi.002.nt,51,1743,2655,2232.823529411765,290.3926105039419
ENSGT00390000002740.Euteleostomi.001.nt,57,1710,2076,1861.842105263158,87.88360595406131
ENSGT00530000063606.Euteleostomi.001.nt,61,4776,5739,5306.459016393443,365.1853672575291
ENSGT00680000099495.Euteleostomi.001.nt,58,2184,2523,2383.810344827586,100.50285094962139
ENSGT00390000011425.Euteleostomi.001.nt,52,867,960,899.8846153846154,15.984862748990759
ENSGT00680000099764.Euteleostomi.002.nt,61,2508,3024,2622.1475409836066,98.34850211799089
ENSGT00530000063016.Euteleostomi.002.nt,53,2520,5451,3125.7735849056603,843.3103416689181
ENSGT00610000085806.Euteleostomi.001.nt,56,5040,5787,5556.321428571428,131.50528605246353
ENSGT00490000043360.Euteleostomi.001.nt,61,2850,3930,3337.1311475409834,237.81515759162173
ENSGT00390000004311.Euteleostomi.001.nt,54,3369,3633,3484.3888888888887,89.12730277882828
ENSGT00390000016292.Euteleostomi.001.nt,51,954,1053,1012.4705882352941,28.98299704390591
ENSGT00670000097819.Euteleostomi.001.nt,59,1686,2091,1839.3559322033898,120.60762295229195
ENSGT00390000009532.Euteleostomi.001.nt,62,1083,1686,1188.532258064516,85.34610687519368
ENSGT00620000087791.Euteleostomi.002.nt,61,1683,1953,1863.1475409836066,46.83084313625432
ENSGT00680000099592.Euteleostomi.002.nt,59,4383,4890,4788.3050847457625,115.58252078766333
ENSGT00530000063594.Euteleostomi.001.nt,59,1749,2217,1961.8474576271187,103.99980330872017
ENSGT00670000097932.Euteleostomi.001.nt,56,2268,2424,2345.464285714286,44.38712519545373
ENSGT00530000063753.Euteleostomi.001.nt,57,2166,2667,2499.9473684210525,169.93480063296457
ENSGT00680000099647.Euteleostomi.004.nt,62,1809,2124,1907.6129032258063,78.199273578176
ENSGT00520000055570.Euteleostomi.001.nt,53,2313,2562,2454.1132075471696,63.21655709888719
ENSGT00680000099509.Euteleostomi.004.nt,59,1188,1698,1516.677966101695,154.09070779990174
ENSGT00670000097555.Euteleostomi.001.nt,60,3711,4455,4193.7,201.52236701363861
ENSGT00680000099595.Euteleostomi.004.nt,60,1344,1989,1762.1,169.29792213928076
ENSGT00650000092962.Euteleostomi.002.nt,53,2292,2925,2666.943396226415,164.84834698482254
ENSGT00680000099739.Euteleostomi.001.nt,53,1140,1455,1274.433962264151,55.11369696921024
ENSGT00550000074573.Euteleostomi.001.nt,58,1149,1344,1252.9137931034484,57.0448529230208
ENSGT00540000069900.Euteleostomi.003.nt,55,804,996,896.9454545454546,35.62064433766328
ENSGT00560000076991.Euteleostomi.003.nt,51,1104,1182,1150.235294117647,26.45568992507594
ENSGT00390000003721.Euteleostomi.001.nt,50,1353,1452,1427.52,20.6281361252053
ENSGT00390000005295.Euteleostomi.002.nt,51,1083,1494,1274.2941176470588,114.01513831376026
ENSGT00510000046803.Euteleostomi.001.nt,60,963,1953,1495.75,253.69423909334745
ENSGT00530000063001.Euteleostomi.002.nt,54,3327,3663,3578.5,77.08626630490147
ENSGT00510000046928.Euteleostomi.001.nt,54,987,1698,1230.111111111111,195.91870345829636
ENSGT00530000063264.Euteleostomi.002.nt,62,786,1224,1046.5645161290322,103.37479493788878
ENSGT00530000063352.Euteleostomi.001.nt,52,1551,1809,1667.6538461538462,68.4612054493909
ENSGT00670000097716.Euteleostomi.001.nt,62,795,1143,966.4354838709677,80.04785883370268
ENSGT00390000006647.Euteleostomi.001.nt,54,1398,2949,1502.1666666666667,222.799745096565
ENSGT00680000099658.Euteleostomi.002.nt,58,1251,2178,1658.5862068965516,245.92646415407364
ENSGT00390000017673.Euteleostomi.002.nt,50,852,1002,938.82,26.456502614900646
ENSGT00390000014093.Euteleostomi.001.nt,58,1251,1632,1398.9310344827586,106.96759011847082
ENSGT00550000074856.Euteleostomi.001.nt,52,822,1218,949.3269230769231,71.6693719016588
ENSGT00680000099847.Euteleostomi.001.nt,53,2256,2601,2432.433962264151,83.18642396494437
ENSGT00660000095470.Euteleostomi.001.nt,61,3429,3639,3527.0163934426228,35.80246351080639
ENSGT00530000063457.Euteleostomi.002.nt,58,1764,2106,1884.9827586206898,63.3795283179069
ENSGT00670000097870.Euteleostomi.001.nt,55,1632,2475,2033.2363636363636,295.73761917270417
ENSGT00390000000724.Euteleostomi.001.nt,59,729,987,852,66.74578638386096
ENSGT00670000097946.Euteleostomi.002.nt,62,873,1128,993.7741935483871,62.247106550659346
ENSGT00530000063813.Euteleostomi.001.nt,57,660,957,723.7894736842105,88.7964640629073
ENSGT00390000018729.Euteleostomi.001.nt,62,1140,2793,1870.4516129032259,743.4875433579929
ENSGT00670000097744.Euteleostomi.002.nt,54,627,690,642,14.903462938094952
ENSGT00630000089895.Euteleostomi.001.nt,53,1230,1338,1303.867924528302,28.327777707408472
ENSGT00680000099981.Euteleostomi.001.nt,50,3849,4815,4354.62,155.50259398059532
ENSGT00660000095453.Euteleostomi.002.nt,61,2223,2625,2493.4918032786886,93.07445459609558
ENSGT00670000097767.Euteleostomi.001.nt,59,1437,1986,1733.593220338983,205.62848308707623
ENSGT00560000077023.Euteleostomi.004.nt,52,2682,2961,2876.076923076923,70.87239185749138
ENSGT00530000063053.Euteleostomi.001.nt,57,1281,3144,2292.3684210526317,686.4940596865805
ENSGT00600000084064.Euteleostomi.001.nt,54,1854,2517,2307.9444444444443,145.7905471825891
ENSGT00500000044808.Euteleostomi.002.nt,55,1119,1299,1224.6,40.0099987503124
ENSGT00670000097978.Euteleostomi.002.nt,52,1830,2142,1928.7692307692307,98.13588326249683
ENSGT00680000100005.Euteleostomi.001.nt,54,1731,1917,1834.3333333333333,36.689929727327446
ENSGT00440000034671.Euteleostomi.001.nt,59,651,858,757.5254237288135,44.63428245279607
ENSGT00560000076577.Euteleostomi.002.nt,50,972,1071,1005.18,21.729966142896508
ENSGT00530000063286.Euteleostomi.002.nt,55,3729,7854,5077.8,1594.600953216823
ENSGT00680000099556.Euteleostomi.002.nt,57,1662,1782,1730.157894736842,36.684362897602675
ENSGT00390000010947.Euteleostomi.003.nt,50,1248,1539,1405.44,53.10911371114823
ENSGT00630000089574.Euteleostomi.001.nt,54,861,2193,1001.0555555555555,168.86384117195104
ENSGT00650000093182.Euteleostomi.003.nt,52,4002,4674,4405.326923076923,205.15883097639693
ENSGT00390000015406.Euteleostomi.001.nt,61,819,1053,927.1475409836065,70.98117968061997
ENSGT00640000091061.Euteleostomi.004.nt,59,777,912,844.7796610169491,26.88549653662808
ENSGT00440000038465.Euteleostomi.001.nt,52,3054,3633,3229.7884615384614,145.15864702259339
ENSGT00390000005655.Euteleostomi.001.nt,58,1158,1680,1347.9310344827586,158.7960030948861
ENSGT00650000093178.Euteleostomi.001.nt,53,1491,2772,2382.2830188679245,281.54808151734187
ENSGT00390000009763.Euteleostomi.002.nt,54,1617,2046,1765.6666666666667,119.34822998268554
ENSGT00550000074369.Euteleostomi.001.nt,57,2580,3012,2828.2105263157896,136.11506907787685
ENSGT00390000016833.Euteleostomi.001.nt,57,1023,1911,1363.7368421052631,316.2226005248625
ENSGT00390000007443.Euteleostomi.001.nt,62,894,1137,971.6129032258065,37.97641841152915
ENSGT00560000076873.Euteleostomi.004.nt,62,1539,1890,1761.4354838709678,69.44832280138927
ENSGT00680000099507.Euteleostomi.005.nt,60,837,1503,1089.75,123.89602324639475
ENSGT00530000063642.Euteleostomi.001.nt,59,2040,2253,2107.2203389830506,39.86229217962941
ENSGT00560000076777.Euteleostomi.004.nt,56,870,1014,927.0535714285714,20.78060253116934
ENSGT00560000076651.Euteleostomi.003.nt,61,954,1095,1034.5573770491803,48.354429162922926
ENSGT00680000099841.Euteleostomi.004.nt,50,1167,1485,1315.8,43.71008383166782
ENSGT00680000099558.Euteleostomi.001.nt,51,2433,3225,2999.529411764706,331.681917079673
ENSGT00600000084336.Euteleostomi.001.nt,62,2373,2634,2484.435483870968,50.86195427217658
ENSGT00530000063924.Euteleostomi.001.nt,60,1416,2292,1946.35,183.7226008628133
ENSGT00390000013762.Euteleostomi.001.nt,54,1023,1950,1502.388888888889,148.18262784472597
ENSGT00550000074577.Euteleostomi.001.nt,55,1275,1407,1357.2,36.284064454431416
ENSGT00680000099571.Euteleostomi.003.nt,61,993,1398,1244.7540983606557,129.67647637328122
ENSGT00680000099574.Euteleostomi.002.nt,58,627,888,722.1206896551724,74.34558413394696
ENSGT00390000007252.Euteleostomi.001.nt,59,1140,1479,1337.7457627118645,104.41208035873663
ENSGT00680000100027.Euteleostomi.001.nt,53,750,1980,1219.4716981132076,315.06352251896914
ENSGT00660000095208.Euteleostomi.003.nt,57,1287,1620,1441.6842105263158,81.65020293359805
ENSGT00680000099887.Euteleostomi.001.nt,59,1863,2145,1977.7118644067796,98.5165924844131
ENSGT00660000095381.Euteleostomi.003.nt,57,2679,3495,3051.8947368421054,270.54763801609914
ENSGT00560000076885.Euteleostomi.002.nt,56,984,1515,1221.642857142857,220.35734850229306
ENSGT00600000083998.Euteleostomi.001.nt,55,1347,1716,1493.3454545454545,91.89793416084119
ENSGT00680000099767.Euteleostomi.004.nt,55,2247,3075,2609.2909090909093,185.41391860408217
ENSGT00390000002149.Euteleostomi.001.nt,59,2016,2697,2232.6610169491523,139.8020287664805
ENSGT00510000046382.Euteleostomi.001.nt,54,1332,1503,1451.0555555555557,43.414812126159035
ENSGT00560000076660.Euteleostomi.003.nt,59,2178,2391,2306.3898305084745,46.49843043296621
ENSGT00550000074378.Euteleostomi.006.nt,55,1374,1677,1551.3272727272727,68.69418395389023
ENSGT00550000074356.Euteleostomi.002.nt,60,1134,1299,1199.5,36.792823544908586
ENSGT00680000099843.Euteleostomi.003.nt,60,2859,4080,3560.85,295.16429352056036
ENSGT00680000099849.Euteleostomi.002.nt,52,969,1254,1138.673076923077,66.21199498990335
ENSGT00390000016613.Euteleostomi.001.nt,50,1872,2097,1980.42,47.534773522943716
ENSGT00680000099656.Euteleostomi.001.nt,53,2013,2535,2299.4150943396226,122.03600256328271
