name,number_of_sequences,min_seq_lengt,max_seq_lengt,mean_seq_length,standev_seq_length, tree_length,patristic_distance
ENSGT00650000092910.Euteleostomi.001.nt,57,1743,3174,2539.3684210526317,274.03946741162695.963010000000001,0.6816292429378539
ENSGT00390000013581.Euteleostomi.001.nt,57,2025,2568,2311.1052631578946,162.738032718947075.963010000000001,0.6816292429378539
ENSGT00530000063559.Euteleostomi.001.nt,51,2781,5178,4174.941176470588,827.85429664318855.963010000000001,0.6816292429378539
ENSGT00390000020719.Euteleostomi.003.nt,61,1077,1725,1253.1147540983607,217.402629419904945.963010000000001,0.6816292429378539
ENSGT00530000063889.Euteleostomi.001.nt,51,4251,6102,4898.823529411765,559.98498929461865.963010000000001,0.6816292429378539
ENSGT00620000087649.Euteleostomi.002.nt,55,1002,1239,1089,43.081318457076035.963010000000001,0.6816292429378539
ENSGT00640000091217.Euteleostomi.001.nt,54,1374,2019,1676.5555555555557,163.19101744918635.963010000000001,0.6816292429378539
ENSGT00440000033542.Euteleostomi.002.nt,54,2688,2979,2842.1111111111113,103.351692424672115.963010000000001,0.6816292429378539
ENSGT00390000016028.Euteleostomi.002.nt,62,1113,1503,1262.032258064516,109.246595436607045.963010000000001,0.6816292429378539
ENSGT00390000013494.Euteleostomi.001.nt,61,2934,3435,3241.3278688524592,119.787968415234355.963010000000001,0.6816292429378539
ENSGT00620000087654.Euteleostomi.001.nt,60,678,993,894.75,69.084233772491135.963010000000001,0.6816292429378539
ENSGT00530000062974.Euteleostomi.004.nt,61,3804,4224,4095.7868852459014,85.698719312503615.963010000000001,0.6816292429378539
ENSGT00550000074736.Euteleostomi.001.nt,59,2949,3162,3088.830508474576,44.368034681075675.963010000000001,0.6816292429378539
ENSGT00530000063815.Euteleostomi.001.nt,54,714,1455,1101.8333333333333,330.98570624099325.963010000000001,0.6816292429378539
ENSGT00530000063193.Euteleostomi.001.nt,54,654,762,694.6666666666666,26.8180451780104825.963010000000001,0.6816292429378539
ENSGT00680000099524.Euteleostomi.003.nt,62,1227,2022,1381.6935483870968,100.901443345324615.963010000000001,0.6816292429378539
ENSGT00680000099856.Euteleostomi.003.nt,52,1152,1575,1328.076923076923,85.266789193486795.963010000000001,0.6816292429378539
ENSGT00530000063773.Euteleostomi.001.nt,56,4092,4572,4428.375,98.96621324288595.963010000000001,0.6816292429378539
ENSGT00670000097683.Euteleostomi.004.nt,62,786,855,824.5645161290323,17.751121846554125.963010000000001,0.6816292429378539
ENSGT00670000097605.Euteleostomi.001.nt,57,2115,3942,2854.4210526315787,551.75628507548585.963010000000001,0.6816292429378539
ENSGT00550000074425.Euteleostomi.002.nt,50,2040,2328,2168.04,45.40608607952495.963010000000001,0.6816292429378539
ENSGT00390000008822.Euteleostomi.002.nt,58,1053,1305,1201.9655172413793,50.919601408715935.963010000000001,0.6816292429378539
ENSGT00680000099672.Euteleostomi.001.nt,53,1887,2112,2022.6792452830189,66.858856379260085.963010000000001,0.6816292429378539
ENSGT00680000099665.Euteleostomi.003.nt,58,3453,4428,3871.2413793103447,227.678467522738575.963010000000001,0.6816292429378539
ENSGT00680000099744.Euteleostomi.002.nt,51,1248,1890,1534.0588235294117,209.99470581561875.963010000000001,0.6816292429378539
ENSGT00640000091192.Euteleostomi.003.nt,58,1305,1557,1458.103448275862,54.777921552895495.963010000000001,0.6816292429378539
ENSGT00390000013296.Euteleostomi.001.nt,61,1026,2934,1495.622950819672,498.904171290587165.963010000000001,0.6816292429378539
ENSGT00390000010072.Euteleostomi.001.nt,54,1491,1581,1544.4444444444443,25.489669877035515.963010000000001,0.6816292429378539
ENSGT00550000074368.Euteleostomi.007.nt,50,1104,1191,1141.56,17.0379648109144535.963010000000001,0.6816292429378539
ENSGT00390000001046.Euteleostomi.002.nt,56,1239,1389,1277.0892857142858,37.821723813276845.963010000000001,0.6816292429378539
ENSGT00670000097629.Euteleostomi.002.nt,59,3480,3852,3630.35593220339,73.029460921453365.963010000000001,0.6816292429378539
ENSGT00510000047024.Euteleostomi.001.nt,54,759,1941,1324.4444444444443,515.09576565794265.963010000000001,0.6816292429378539
ENSGT00390000001014.Euteleostomi.001.nt,50,606,831,791.46,65.588765215156935.963010000000001,0.6816292429378539
ENSGT00620000087675.Euteleostomi.005.nt,61,2433,2628,2480.4590163934427,39.4759731864382745.963010000000001,0.6816292429378539
ENSGT00530000063684.Euteleostomi.001.nt,50,5463,5964,5805.06,119.114318267480045.963010000000001,0.6816292429378539
ENSGT00650000092921.Euteleostomi.001.nt,62,963,1290,1075.0645161290322,54.762638624396955.963010000000001,0.6816292429378539
ENSGT00600000084077.Euteleostomi.004.nt,61,843,1041,908.9016393442623,34.112903188301445.963010000000001,0.6816292429378539
ENSGT00670000097666.Euteleostomi.002.nt,50,2799,3276,2960.88,91.320838313082095.963010000000001,0.6816292429378539
ENSGT00560000076730.Euteleostomi.007.nt,59,1362,1563,1426.8813559322034,43.921200891880465.963010000000001,0.6816292429378539
ENSGT00390000010116.Euteleostomi.001.nt,59,1884,2049,1979.7457627118645,31.3916270520851845.963010000000001,0.6816292429378539
ENSGT00390000006788.Euteleostomi.001.nt,62,1647,2106,1869.0967741935483,95.474433909854585.963010000000001,0.6816292429378539
ENSGT00480000042679.Euteleostomi.001.nt,62,903,1065,978.483870967742,33.203664589123485.963010000000001,0.6816292429378539
ENSGT00680000099692.Euteleostomi.006.nt,55,1815,1974,1912.909090909091,56.746111867873495.963010000000001,0.6816292429378539
ENSGT00390000004417.Euteleostomi.001.nt,62,1269,1716,1487.8064516129032,88.025674106800445.963010000000001,0.6816292429378539
ENSGT00660000095297.Euteleostomi.002.nt,59,1470,1971,1643.1864406779662,109.915245495268825.963010000000001,0.6816292429378539
ENSGT00390000016655.Euteleostomi.001.nt,56,2556,2724,2647.6071428571427,47.80174153215025.963010000000001,0.6816292429378539
ENSGT00390000003453.Euteleostomi.001.nt,55,3240,3768,3372.7636363636366,99.208901115807455.963010000000001,0.6816292429378539
ENSGT00390000009905.Euteleostomi.002.nt,59,1467,1896,1631.6440677966102,103.146825834435945.963010000000001,0.6816292429378539
ENSGT00530000063809.Euteleostomi.001.nt,50,3225,5433,4413.84,915.85725115314555.963010000000001,0.6816292429378539
ENSGT00550000074473.Euteleostomi.003.nt,56,2817,3300,2988.375,82.064844095164395.963010000000001,0.6816292429378539
ENSGT00680000099712.Euteleostomi.003.nt,62,1845,3741,2525.516129032258,630.16372428736385.963010000000001,0.6816292429378539
ENSGT00510000046654.Euteleostomi.001.nt,59,756,993,808.8813559322034,39.091001145321695.963010000000001,0.6816292429378539
ENSGT00550000074284.Euteleostomi.001.nt,52,5118,5568,5376.057692307692,87.463250201136525.963010000000001,0.6816292429378539
ENSGT00390000014618.Euteleostomi.001.nt,61,1617,1965,1782.2459016393443,106.005606099819845.963010000000001,0.6816292429378539
ENSGT00660000095228.Euteleostomi.001.nt,52,774,1284,1037.25,174.979872792138425.963010000000001,0.6816292429378539
ENSGT00530000063339.Euteleostomi.001.nt,60,1914,2169,2015.65,41.300808462559395.963010000000001,0.6816292429378539
ENSGT00390000013285.Euteleostomi.001.nt,52,1296,1695,1556.4807692307693,91.348179067809145.963010000000001,0.6816292429378539
ENSGT00510000046606.Euteleostomi.002.nt,51,618,1746,956.1764705882352,283.83746799056345.963010000000001,0.6816292429378539
ENSGT00390000014100.Euteleostomi.001.nt,55,795,858,837.6,13.5326765029440255.963010000000001,0.6816292429378539
ENSGT00550000074493.Euteleostomi.004.nt,55,1905,2697,2306.2363636363634,282.63652640910745.963010000000001,0.6816292429378539
ENSGT00670000097716.Euteleostomi.004.nt,53,972,993,979.5849056603773,3.41058286392489145.963010000000001,0.6816292429378539
ENSGT00550000074405.Euteleostomi.005.nt,52,1638,3075,2384.9423076923076,424.29297191692865.963010000000001,0.6816292429378539
ENSGT00680000099757.Euteleostomi.002.nt,57,1515,1704,1610,48.258233938439385.963010000000001,0.6816292429378539
ENSGT00670000097825.Euteleostomi.001.nt,60,2559,3123,2689.55,68.226299665903725.963010000000001,0.6816292429378539
ENSGT00530000063644.Euteleostomi.001.nt,57,1299,1704,1539.1052631578948,126.515482425010265.963010000000001,0.6816292429378539
ENSGT00550000074415.Euteleostomi.001.nt,59,1974,2097,2003.0338983050847,28.1118247924586665.963010000000001,0.6816292429378539
ENSGT00390000013164.Euteleostomi.006.nt,52,3246,6825,5686.788461538462,968.45017357001025.963010000000001,0.6816292429378539
ENSGT00650000092972.Euteleostomi.001.nt,58,5121,5847,5685.051724137931,169.164657917081685.963010000000001,0.6816292429378539
ENSGT00550000074515.Euteleostomi.004.nt,54,2004,3282,2206.6666666666665,182.503967390321555.963010000000001,0.6816292429378539
ENSGT00530000063760.Euteleostomi.001.nt,53,1119,2046,1361.6603773584907,160.867473333728785.963010000000001,0.6816292429378539
ENSGT00680000099766.Euteleostomi.002.nt,60,1572,2937,2427.75,296.68865293378015.963010000000001,0.6816292429378539
ENSGT00560000076864.Euteleostomi.003.nt,54,1785,2913,2419.6111111111113,246.6326744383825.963010000000001,0.6816292429378539
ENSGT00530000063675.Euteleostomi.001.nt,62,1092,1485,1257.6290322580646,69.927417609077725.963010000000001,0.6816292429378539
ENSGT00680000099679.Euteleostomi.003.nt,53,969,1602,1155.1698113207547,170.020896436184335.963010000000001,0.6816292429378539
ENSGT00400000022055.Euteleostomi.001.nt,62,1485,2130,1697.7096774193549,178.32971738197085.963010000000001,0.6816292429378539
ENSGT00390000016700.Euteleostomi.001.nt,52,765,1185,794.0192307692307,73.31572615310765.963010000000001,0.6816292429378539
ENSGT00530000063051.Euteleostomi.003.nt,59,2130,2205,2171.8474576271187,18.9853060779428455.963010000000001,0.6816292429378539
ENSGT00390000011560.Euteleostomi.002.nt,62,1368,1515,1393.1129032258063,30.753970735878455.963010000000001,0.6816292429378539
ENSGT00390000009929.Euteleostomi.001.nt,59,828,1113,988.4237288135594,46.905702686101125.963010000000001,0.6816292429378539
ENSGT00560000077249.Euteleostomi.001.nt,57,1212,1761,1554.6315789473683,136.050362468534255.963010000000001,0.6816292429378539
ENSGT00540000069900.Euteleostomi.004.nt,55,906,1005,930.8727272727273,16.007006041863125.963010000000001,0.6816292429378539
ENSGT00510000046400.Euteleostomi.001.nt,55,1455,1719,1541.0727272727272,60.343109872552225.963010000000001,0.6816292429378539
ENSGT00390000017213.Euteleostomi.001.nt,53,1164,1986,1721.8867924528302,206.65352463793845.963010000000001,0.6816292429378539
ENSGT00390000011831.Euteleostomi.001.nt,61,1638,1932,1733.5081967213114,54.649374180869225.963010000000001,0.6816292429378539
ENSGT00510000046502.Euteleostomi.003.nt,50,1362,1521,1455.9,47.338231518142985.963010000000001,0.6816292429378539
ENSGT00510000047020.Euteleostomi.001.nt,50,861,1029,935.64,34.2837856600415955.963010000000001,0.6816292429378539
ENSGT00680000099580.Euteleostomi.004.nt,55,2154,4881,3405.8727272727274,758.59468157184635.963010000000001,0.6816292429378539
ENSGT00550000074355.Euteleostomi.001.nt,54,747,879,822.1111111111111,35.9620694656407745.963010000000001,0.6816292429378539
ENSGT00640000091083.Euteleostomi.003.nt,62,2457,2868,2718.1451612903224,94.966922071205815.963010000000001,0.6816292429378539
ENSGT00680000099498.Euteleostomi.003.nt,59,1758,2118,1945.4745762711864,92.154172905349675.963010000000001,0.6816292429378539
ENSGT00510000047407.Euteleostomi.001.nt,56,777,1293,1069.8214285714287,168.80134716640985.963010000000001,0.6816292429378539
ENSGT00650000093281.Euteleostomi.003.nt,58,1974,2550,2301.310344827586,214.682891963084445.963010000000001,0.6816292429378539
ENSGT00390000000018.Euteleostomi.003.nt,61,3153,3780,3434.409836065574,123.202053155129465.963010000000001,0.6816292429378539
ENSGT00520000055615.Euteleostomi.001.nt,61,1296,1809,1511.7540983606557,208.466036861139975.963010000000001,0.6816292429378539
ENSGT00530000063006.Euteleostomi.003.nt,51,3531,3837,3687.1176470588234,66.926122570734225.963010000000001,0.6816292429378539
ENSGT00550000074421.Euteleostomi.002.nt,61,2082,2409,2241.9836065573772,49.4824857241693445.963010000000001,0.6816292429378539
ENSGT00660000095314.Euteleostomi.001.nt,57,2028,3309,2680.7894736842104,436.428513899310765.963010000000001,0.6816292429378539
ENSGT00560000076724.Euteleostomi.003.nt,58,1818,2136,1986.5172413793102,106.903997164747615.963010000000001,0.6816292429378539
ENSGT00680000099899.Euteleostomi.001.nt,52,3369,5169,4734.692307692308,401.82507844229735.963010000000001,0.6816292429378539
ENSGT00440000037341.Euteleostomi.002.nt,53,828,1314,1130.2075471698113,128.951893011214145.963010000000001,0.6816292429378539
ENSGT00550000074289.Euteleostomi.004.nt,62,1437,1578,1542.6290322580646,33.854671988391285.963010000000001,0.6816292429378539
ENSGT00390000017707.Euteleostomi.001.nt,59,1818,2676,2205.35593220339,306.847753033631365.963010000000001,0.6816292429378539
ENSGT00390000004874.Euteleostomi.001.nt,58,1155,1866,1537.655172413793,214.839846652381685.963010000000001,0.6816292429378539
ENSGT00530000064009.Euteleostomi.001.nt,56,660,1227,866.7321428571429,183.191056855099535.963010000000001,0.6816292429378539
ENSGT00670000097670.Euteleostomi.001.nt,58,3321,3666,3566.2758620689656,60.811123492925775.963010000000001,0.6816292429378539
ENSGT00530000063302.Euteleostomi.002.nt,59,1293,2202,1673.8983050847457,343.65523495840875.963010000000001,0.6816292429378539
ENSGT00390000001134.Euteleostomi.001.nt,61,1257,2301,1727.311475409836,327.511706711053145.963010000000001,0.6816292429378539
ENSGT00640000091451.Euteleostomi.001.nt,58,1173,1386,1279.1896551724137,85.062713066683765.963010000000001,0.6816292429378539
ENSGT00530000063281.Euteleostomi.003.nt,61,1023,1179,1105.5737704918033,46.670997066841365.963010000000001,0.6816292429378539
ENSGT00680000099807.Euteleostomi.006.nt,57,981,1482,1232.421052631579,158.414121323152445.963010000000001,0.6816292429378539
ENSGT00390000001117.Euteleostomi.002.nt,52,1191,1398,1277.7692307692307,61.1214205847560665.963010000000001,0.6816292429378539
ENSGT00530000062751.Euteleostomi.007.nt,57,2541,2913,2664.8947368421054,65.609146849931995.963010000000001,0.6816292429378539
ENSGT00550000074743.Euteleostomi.001.nt,52,1584,1722,1596.6346153846155,18.505991447555945.963010000000001,0.6816292429378539
ENSGT00550000074505.Euteleostomi.002.nt,59,1029,1143,1079.3389830508474,36.450065119610495.963010000000001,0.6816292429378539
ENSGT00610000085813.Euteleostomi.001.nt,53,1242,1503,1314.0566037735848,60.53556332194635.963010000000001,0.6816292429378539
ENSGT00580000081327.Euteleostomi.002.nt,52,2352,3156,2923.0384615384614,261.25571287784745.963010000000001,0.6816292429378539
ENSGT00680000099585.Euteleostomi.005.nt,50,1368,1551,1468.08,43.189114274742145.963010000000001,0.6816292429378539
ENSGT00530000062987.Euteleostomi.001.nt,59,2532,3228,2741.7966101694915,150.319175327266725.963010000000001,0.6816292429378539
ENSGT00390000011587.Euteleostomi.001.nt,52,2136,3009,2483.019230769231,293.783065915999545.963010000000001,0.6816292429378539
ENSGT00390000003774.Euteleostomi.001.nt,53,1287,1431,1375.301886792453,33.68781159733755.963010000000001,0.6816292429378539
ENSGT00410000025582.Euteleostomi.001.nt,52,1944,2316,2101.0384615384614,63.104631922987615.963010000000001,0.6816292429378539
ENSGT00530000063256.Euteleostomi.001.nt,61,1101,1542,1369.0819672131147,76.30471699748045.963010000000001,0.6816292429378539
ENSGT00390000018245.Euteleostomi.001.nt,60,858,1023,931.55,32.716773803900555.963010000000001,0.6816292429378539
ENSGT00640000091347.Euteleostomi.002.nt,59,1323,1689,1429.4745762711864,82.394834942782625.963010000000001,0.6816292429378539
ENSGT00560000076777.Euteleostomi.003.nt,53,2610,2661,2622.9622641509436,11.6155768493978425.963010000000001,0.6816292429378539
ENSGT00560000076760.Euteleostomi.001.nt,61,1551,1770,1605.9344262295083,34.277723014838195.963010000000001,0.6816292429378539
ENSGT00680000099954.Euteleostomi.003.nt,58,879,1224,1007.4310344827586,73.498564747644585.963010000000001,0.6816292429378539
ENSGT00530000063033.Euteleostomi.001.nt,51,780,933,875.8823529411765,47.6989086075660755.963010000000001,0.6816292429378539
ENSGT00560000076599.Euteleostomi.001.nt,56,1356,1458,1414.8214285714287,18.762735934299665.963010000000001,0.6816292429378539
ENSGT00390000002997.Euteleostomi.001.nt,55,1080,1554,1394.8363636363636,139.30113445556025.963010000000001,0.6816292429378539
ENSGT00540000070221.Euteleostomi.002.nt,56,2415,5877,3540.8035714285716,695.19369229387785.963010000000001,0.6816292429378539
ENSGT00530000063764.Euteleostomi.001.nt,60,1980,2205,2103.2,43.364751756642795.963010000000001,0.6816292429378539
ENSGT00520000055637.Euteleostomi.001.nt,55,2475,3594,2881.9636363636364,314.696265300272335.963010000000001,0.6816292429378539
ENSGT00550000074311.Euteleostomi.003.nt,52,1218,1452,1363.326923076923,48.509841796600635.963010000000001,0.6816292429378539
ENSGT00530000063715.Euteleostomi.001.nt,56,612,714,666.5357142857143,34.210558862174965.963010000000001,0.6816292429378539
ENSGT00650000092910.Euteleostomi.003.nt,56,1572,2307,2150.410714285714,240.012558518826785.963010000000001,0.6816292429378539
ENSGT00550000074783.Euteleostomi.001.nt,62,1482,1695,1642.016129032258,40.613932817055825.963010000000001,0.6816292429378539
ENSGT00390000018051.Euteleostomi.001.nt,50,1074,1389,1212.06,74.170077579595845.963010000000001,0.6816292429378539
ENSGT00670000098129.Euteleostomi.001.nt,50,906,2970,1362.78,633.5444925825125.963010000000001,0.6816292429378539
ENSGT00560000076906.Euteleostomi.004.nt,56,1551,1977,1682.1964285714287,83.015315047691845.963010000000001,0.6816292429378539
ENSGT00390000017928.Euteleostomi.001.nt,58,2190,2553,2226.9310344827586,46.642673808045165.963010000000001,0.6816292429378539
ENSGT00390000018714.Euteleostomi.002.nt,60,1071,1836,1456.3,239.568276952592165.963010000000001,0.6816292429378539
ENSGT00440000033318.Euteleostomi.002.nt,50,753,1098,979.26,102.341726483345185.963010000000001,0.6816292429378539
ENSGT00620000087589.Euteleostomi.003.nt,50,1314,1572,1445.1,35.45635431378265.963010000000001,0.6816292429378539
ENSGT00530000063786.Euteleostomi.001.nt,54,1227,1614,1392.4444444444443,152.11833361361695.963010000000001,0.6816292429378539
ENSGT00520000055649.Euteleostomi.001.nt,62,1179,2472,1968.8709677419354,374.47355326395235.963010000000001,0.6816292429378539
ENSGT00660000095141.Euteleostomi.002.nt,50,948,1305,1052.46,74.752710687319175.963010000000001,0.6816292429378539
ENSGT00530000063166.Euteleostomi.001.nt,60,912,1401,1096.1,208.17534167464685.963010000000001,0.6816292429378539
ENSGT00640000091333.Euteleostomi.003.nt,61,717,828,785.311475409836,18.4639657925074485.963010000000001,0.6816292429378539
ENSGT00660000095339.Euteleostomi.001.nt,59,2172,2523,2382.3050847457625,125.182935688106855.963010000000001,0.6816292429378539
ENSGT00560000076932.Euteleostomi.005.nt,61,1239,1284,1251.5901639344263,6.0947437714266765.963010000000001,0.6816292429378539
ENSGT00680000099695.Euteleostomi.002.nt,59,900,1455,1240.9322033898304,145.79991774355325.963010000000001,0.6816292429378539
ENSGT00420000029746.Euteleostomi.001.nt,58,666,13863,1996.9137931034484,2099.14303554237635.963010000000001,0.6816292429378539
ENSGT00390000005922.Euteleostomi.001.nt,61,1500,1566,1524.344262295082,13.1236240496564545.963010000000001,0.6816292429378539
ENSGT00550000074575.Euteleostomi.001.nt,55,4713,6873,5953.363636363636,677.93530128418065.963010000000001,0.6816292429378539
ENSGT00550000074562.Euteleostomi.003.nt,52,2598,3327,3004.903846153846,245.06495814458515.963010000000001,0.6816292429378539
ENSGT00610000085802.Euteleostomi.006.nt,56,768,1278,931.3928571428571,105.643943778821785.963010000000001,0.6816292429378539
ENSGT00530000063244.Euteleostomi.002.nt,52,1314,2067,1741.673076923077,193.364100441024255.963010000000001,0.6816292429378539
ENSGT00680000099515.Euteleostomi.001.nt,55,711,915,809.1272727272727,74.912555083182885.963010000000001,0.6816292429378539
ENSGT00680000099502.Euteleostomi.003.nt,62,1104,1326,1200.2903225806451,53.917176039045145.963010000000001,0.6816292429378539
ENSGT00620000087828.Euteleostomi.003.nt,60,2220,4476,2835.5,412.113671171075965.963010000000001,0.6816292429378539
ENSGT00390000011960.Euteleostomi.001.nt,61,1302,1677,1385.6065573770493,59.8259360390693765.963010000000001,0.6816292429378539
ENSGT00390000017119.Euteleostomi.001.nt,50,1368,1803,1595.7,135.786484554815335.963010000000001,0.6816292429378539
ENSGT00390000001619.Euteleostomi.003.nt,59,2070,2994,2302.3728813559323,358.103765462060445.963010000000001,0.6816292429378539
ENSGT00680000099867.Euteleostomi.001.nt,60,642,762,672.95,25.314580109132665.963010000000001,0.6816292429378539
ENSGT00680000099759.Euteleostomi.003.nt,62,753,915,821.3709677419355,41.537750505785815.963010000000001,0.6816292429378539
ENSGT00580000081398.Euteleostomi.005.nt,57,1728,2133,1916.421052631579,116.194256584212875.963010000000001,0.6816292429378539
ENSGT00640000091251.Euteleostomi.002.nt,59,1869,2094,1981.2711864406779,35.936164911800055.963010000000001,0.6816292429378539
ENSGT00530000063030.Euteleostomi.001.nt,55,1413,1689,1542.3272727272727,52.366250986911815.963010000000001,0.6816292429378539
ENSGT00550000074536.Euteleostomi.001.nt,54,2103,2526,2329.3333333333335,98.905901535199435.963010000000001,0.6816292429378539
ENSGT00530000063965.Euteleostomi.001.nt,56,771,1815,1142.9464285714287,396.53042619211955.963010000000001,0.6816292429378539
ENSGT00550000074364.Euteleostomi.005.nt,60,1599,1734,1670.6,21.3026615668209055.963010000000001,0.6816292429378539
ENSGT00680000099640.Euteleostomi.003.nt,51,1269,2367,1795.7058823529412,438.05352614116225.963010000000001,0.6816292429378539
ENSGT00530000063187.Euteleostomi.001.nt,53,2025,2286,2214.2264150943397,60.801898221074665.963010000000001,0.6816292429378539
ENSGT00680000099537.Euteleostomi.005.nt,61,4971,5574,5342.311475409836,149.1479736127415.963010000000001,0.6816292429378539
ENSGT00550000074407.Euteleostomi.004.nt,51,960,1464,1159.5294117647059,134.472800661126485.963010000000001,0.6816292429378539
ENSGT00490000043365.Euteleostomi.001.nt,53,1596,2796,2119.0754716981132,477.63459033741735.963010000000001,0.6816292429378539
ENSGT00550000074753.Euteleostomi.001.nt,61,645,783,732.9344262295082,42.979789379218315.963010000000001,0.6816292429378539
ENSGT00680000099585.Euteleostomi.001.nt,60,1098,1494,1323.05,83.68431904626635.963010000000001,0.6816292429378539
ENSGT00680000099742.Euteleostomi.001.nt,55,654,915,807.1090909090909,74.948790598122475.963010000000001,0.6816292429378539
ENSGT00640000091441.Euteleostomi.001.nt,59,780,1686,1238.0338983050847,257.4029422775935.963010000000001,0.6816292429378539
ENSGT00530000063286.Euteleostomi.001.nt,51,3972,6027,4860.705882352941,522.7803092740835.963010000000001,0.6816292429378539
ENSGT00680000099556.Euteleostomi.001.nt,62,3642,4035,3957.8709677419356,58.544780078653975.963010000000001,0.6816292429378539
ENSGT00680000099605.Euteleostomi.002.nt,51,3123,3504,3332.823529411765,120.67521798320535.963010000000001,0.6816292429378539
ENSGT00550000074476.Euteleostomi.004.nt,51,1317,1560,1417.6470588235295,37.384929332238555.963010000000001,0.6816292429378539
ENSGT00390000008527.Euteleostomi.001.nt,57,678,864,737.6315789473684,70.00373244614165.963010000000001,0.6816292429378539
ENSGT00630000089452.Euteleostomi.005.nt,60,2460,3120,2846.05,151.220954628133685.963010000000001,0.6816292429378539
ENSGT00550000074557.Euteleostomi.005.nt,51,1101,1206,1126.8235294117646,18.6394269035857865.963010000000001,0.6816292429378539
ENSGT00530000063239.Euteleostomi.002.nt,52,774,1143,864.2884615384615,80.750726710373295.963010000000001,0.6816292429378539
ENSGT00680000099570.Euteleostomi.003.nt,62,2352,2724,2599.451612903226,84.134684650804535.963010000000001,0.6816292429378539
ENSGT00530000063892.Euteleostomi.001.nt,57,720,1005,866.421052631579,61.278622282751925.963010000000001,0.6816292429378539
ENSGT00680000099889.Euteleostomi.001.nt,59,1389,1614,1480.7288135593221,59.574882033099695.963010000000001,0.6816292429378539
ENSGT00650000093248.Euteleostomi.002.nt,62,2034,2385,2263.935483870968,71.252465236095845.963010000000001,0.6816292429378539
ENSGT00530000063727.Euteleostomi.001.nt,55,1608,2460,1863.1090909090908,219.702043410587955.963010000000001,0.6816292429378539
ENSGT00650000092935.Euteleostomi.001.nt,53,2115,2535,2283.1132075471696,121.692813196772465.963010000000001,0.6816292429378539
ENSGT00550000074396.Euteleostomi.001.nt,62,3273,4008,3701.032258064516,215.165583796654745.963010000000001,0.6816292429378539
ENSGT00560000076896.Euteleostomi.001.nt,56,5016,5517,5320.017857142857,151.768063603217035.963010000000001,0.6816292429378539
ENSGT00530000063830.Euteleostomi.001.nt,62,1167,2880,1755.483870967742,390.126030159127945.963010000000001,0.6816292429378539
ENSGT00530000063215.Euteleostomi.001.nt,53,1965,2826,2365.754716981132,280.53821251167425.963010000000001,0.6816292429378539
ENSGT00390000008958.Euteleostomi.003.nt,55,1194,1746,1455.4363636363637,149.592132348616735.963010000000001,0.6816292429378539
ENSGT00510000047125.Euteleostomi.001.nt,60,1026,3156,1211.45,261.70739418192135.963010000000001,0.6816292429378539
ENSGT00390000013549.Euteleostomi.001.nt,51,2049,2595,2315.1176470588234,118.924622691656845.963010000000001,0.6816292429378539
ENSGT00680000099879.Euteleostomi.002.nt,51,1356,1602,1428.8235294117646,61.983451301892815.963010000000001,0.6816292429378539
ENSGT00530000062904.Euteleostomi.001.nt,59,2886,3432,3213.6610169491523,144.085177175539495.963010000000001,0.6816292429378539
ENSGT00530000063109.Euteleostomi.002.nt,54,4188,4644,4329.722222222223,100.444749980982785.963010000000001,0.6816292429378539
ENSGT00530000062787.Euteleostomi.002.nt,56,2085,2673,2401.9821428571427,183.403528376035385.963010000000001,0.6816292429378539
ENSGT00390000009595.Euteleostomi.001.nt,62,2451,3930,2723.8548387096776,224.721747564987775.963010000000001,0.6816292429378539
ENSGT00530000063264.Euteleostomi.001.nt,52,942,954,951.8653846153846,3.53153216848064045.963010000000001,0.6816292429378539
ENSGT00530000063841.Euteleostomi.001.nt,55,816,1368,1013.1818181818181,166.26630701523645.963010000000001,0.6816292429378539
ENSGT00680000099599.Euteleostomi.001.nt,60,2232,3660,2921.85,473.34026980275955.963010000000001,0.6816292429378539
ENSGT00660000095218.Euteleostomi.008.nt,62,3066,3519,3315.2419354838707,92.705719045447655.963010000000001,0.6816292429378539
ENSGT00550000074588.Euteleostomi.001.nt,58,2910,5103,4400.379310344828,553.50103654750745.963010000000001,0.6816292429378539
ENSGT00680000099849.Euteleostomi.001.nt,57,933,1377,1123.157894736842,67.874566421578665.963010000000001,0.6816292429378539
ENSGT00630000089876.Euteleostomi.001.nt,62,888,1242,1054.5967741935483,59.881155435652975.963010000000001,0.6816292429378539
ENSGT00660000095431.Euteleostomi.001.nt,56,7518,8148,7829.785714285715,151.680251520422735.963010000000001,0.6816292429378539
ENSGT00680000099962.Euteleostomi.001.nt,61,1362,1767,1558.032786885246,64.832596537316725.963010000000001,0.6816292429378539
ENSGT00530000063497.Euteleostomi.001.nt,52,1914,2604,2292.0576923076924,254.32019446402055.963010000000001,0.6816292429378539
ENSGT00530000063734.Euteleostomi.001.nt,55,963,1197,1097.5636363636363,52.479895140323925.963010000000001,0.6816292429378539
ENSGT00650000093105.Euteleostomi.006.nt,55,1371,1575,1504.7454545454545,43.145841472425085.963010000000001,0.6816292429378539
ENSGT00530000063444.Euteleostomi.001.nt,53,1038,2004,1468.245283018868,130.696051623660425.963010000000001,0.6816292429378539
ENSGT00390000005730.Euteleostomi.001.nt,61,915,1002,929.6065573770492,12.9322319400333865.963010000000001,0.6816292429378539
ENSGT00530000063148.Euteleostomi.001.nt,50,3612,4344,3982.14,211.035542997295275.963010000000001,0.6816292429378539
ENSGT00550000074287.Euteleostomi.003.nt,51,2001,3933,2982.705882352941,839.13010419404335.963010000000001,0.6816292429378539
ENSGT00600000084077.Euteleostomi.002.nt,62,825,987,897.2903225806451,38.1594528162878465.963010000000001,0.6816292429378539
ENSGT00550000074470.Euteleostomi.001.nt,52,1152,1785,1443.9807692307693,211.917898492216725.963010000000001,0.6816292429378539
ENSGT00650000092896.Euteleostomi.007.nt,52,5769,6000,5839.673076923077,45.587976207116655.963010000000001,0.6816292429378539
ENSGT00390000017146.Euteleostomi.001.nt,52,1179,1530,1385.423076923077,74.942421336897725.963010000000001,0.6816292429378539
ENSGT00560000076932.Euteleostomi.001.nt,57,1185,1272,1249.421052631579,22.6715266424815775.963010000000001,0.6816292429378539
ENSGT00630000089684.Euteleostomi.002.nt,52,3573,4143,3776.8846153846152,160.12307201039225.963010000000001,0.6816292429378539
ENSGT00680000099709.Euteleostomi.003.nt,58,3129,4038,3556.5,156.557959672582945.963010000000001,0.6816292429378539
ENSGT00680000099558.Euteleostomi.002.nt,55,2130,2988,2398.8545454545456,137.49483736864565.963010000000001,0.6816292429378539
ENSGT00550000074468.Euteleostomi.003.nt,54,2367,3939,3018.8333333333335,468.569833300486045.963010000000001,0.6816292429378539
ENSGT00390000000455.Euteleostomi.001.nt,50,2196,2766,2571.78,203.186984357376845.963010000000001,0.6816292429378539
ENSGT00670000097758.Euteleostomi.001.nt,52,1038,1323,1226.9423076923076,71.494525626583015.963010000000001,0.6816292429378539
ENSGT00640000091159.Euteleostomi.007.nt,52,648,771,657.5192307692307,16.821427027449815.963010000000001,0.6816292429378539
ENSGT00390000018573.Euteleostomi.001.nt,62,936,1266,1133.0806451612902,97.481784492148395.963010000000001,0.6816292429378539
ENSGT00530000063812.Euteleostomi.001.nt,62,3600,4191,3850.7903225806454,116.688057896392895.963010000000001,0.6816292429378539
ENSGT00600000084336.Euteleostomi.002.nt,50,2196,2562,2398.92,59.6646546994798545.963010000000001,0.6816292429378539
ENSGT00550000074532.Euteleostomi.003.nt,58,2034,2391,2209.293103448276,62.3768987323255365.963010000000001,0.6816292429378539
ENSGT00650000093176.Euteleostomi.001.nt,59,2364,2973,2720.8474576271187,153.87924212582415.963010000000001,0.6816292429378539
ENSGT00560000077077.Euteleostomi.001.nt,53,6321,8844,7959.056603773585,693.17192936346945.963010000000001,0.6816292429378539
ENSGT00680000099507.Euteleostomi.006.nt,53,1059,1152,1099.6415094339623,20.9551667390743825.963010000000001,0.6816292429378539
ENSGT00530000063774.Euteleostomi.001.nt,53,1536,2619,1927.5849056603774,450.141748357040575.963010000000001,0.6816292429378539
ENSGT00650000092966.Euteleostomi.001.nt,55,3957,4671,4269.381818181818,224.209763796802975.963010000000001,0.6816292429378539
ENSGT00610000085810.Euteleostomi.001.nt,51,1056,1893,1403.0588235294117,311.041117009613745.963010000000001,0.6816292429378539
ENSGT00600000084271.Euteleostomi.001.nt,51,1767,2007,1952.5882352941176,53.021194430374075.963010000000001,0.6816292429378539
ENSGT00530000063863.Euteleostomi.001.nt,51,2679,3318,2990.9411764705883,139.590603088417945.963010000000001,0.6816292429378539
ENSGT00670000097683.Euteleostomi.002.nt,60,600,1032,909.5,122.124623761195515.963010000000001,0.6816292429378539
ENSGT00390000008162.Euteleostomi.001.nt,52,714,813,743.4807692307693,25.6816791221667745.963010000000001,0.6816292429378539
ENSGT00510000046929.Euteleostomi.001.nt,59,2865,3201,3075.6101694915255,93.601690404193565.963010000000001,0.6816292429378539
ENSGT00550000074287.Euteleostomi.001.nt,53,2163,3072,2431.301886792453,244.4511580054755.963010000000001,0.6816292429378539
ENSGT00640000091300.Euteleostomi.002.nt,60,4038,4431,4268.25,96.730733201825325.963010000000001,0.6816292429378539
ENSGT00530000063211.Euteleostomi.001.nt,56,2046,2838,2476.6071428571427,311.318467668862075.963010000000001,0.6816292429378539
ENSGT00390000006208.Euteleostomi.001.nt,62,852,1041,964.9354838709677,48.0648028980758755.963010000000001,0.6816292429378539
ENSGT00620000087743.Euteleostomi.002.nt,50,933,1032,1008.66,26.1835046998553445.963010000000001,0.6816292429378539
ENSGT00570000079047.Euteleostomi.001.nt,53,1248,1392,1316.2641509433963,37.372424502667045.963010000000001,0.6816292429378539
ENSGT00530000063238.Euteleostomi.003.nt,51,2202,2697,2480.1176470588234,139.6290295116065.963010000000001,0.6816292429378539
ENSGT00680000099811.Euteleostomi.001.nt,55,1464,1632,1498.418181818182,33.832206280675545.963010000000001,0.6816292429378539
ENSGT00390000009798.Euteleostomi.002.nt,60,1227,1587,1431.85,96.744084039336315.963010000000001,0.6816292429378539
ENSGT00680000099777.Euteleostomi.001.nt,55,3516,4473,4019.4545454545455,336.03724541043115.963010000000001,0.6816292429378539
ENSGT00550000074341.Euteleostomi.001.nt,62,1449,2013,1729.8387096774193,107.437544731717995.963010000000001,0.6816292429378539
ENSGT00560000076949.Euteleostomi.002.nt,58,4242,5106,4652.948275862069,211.182005348325335.963010000000001,0.6816292429378539
ENSGT00660000095114.Euteleostomi.001.nt,62,2964,3597,3424.7419354838707,159.679693267785725.963010000000001,0.6816292429378539
ENSGT00390000002143.Euteleostomi.001.nt,60,2409,2670,2465.75,39.488949323121625.963010000000001,0.6816292429378539
ENSGT00550000074528.Euteleostomi.004.nt,50,2652,3273,3060.96,178.291318593234625.963010000000001,0.6816292429378539
ENSGT00660000095190.Euteleostomi.003.nt,53,1836,2505,2134.0754716981132,161.595750260262325.963010000000001,0.6816292429378539
ENSGT00390000005092.Euteleostomi.001.nt,63,606,654,614.1904761904761,8.4545409498571285.963010000000001,0.6816292429378539
ENSGT00550000074427.Euteleostomi.001.nt,56,2106,2298,2206.875,53.453484451436845.963010000000001,0.6816292429378539
ENSGT00550000074370.Euteleostomi.001.nt,59,1779,1908,1841.3389830508474,32.712230218139145.963010000000001,0.6816292429378539
ENSGT00670000097546.Euteleostomi.002.nt,50,3405,4116,3837.78,211.14597813274275.963010000000001,0.6816292429378539
ENSGT00680000099523.Euteleostomi.001.nt,61,1191,1725,1351.27868852459,100.696761144130325.963010000000001,0.6816292429378539
ENSGT00610000085723.Euteleostomi.006.nt,51,7908,8238,8032.64705882353,75.71494529600135.963010000000001,0.6816292429378539
ENSGT00550000074769.Euteleostomi.001.nt,58,930,1128,1003.6551724137931,83.568766037242035.963010000000001,0.6816292429378539
ENSGT00620000087922.Euteleostomi.001.nt,56,1632,3693,2342.3035714285716,292.831066387365.963010000000001,0.6816292429378539
ENSGT00390000005767.Euteleostomi.001.nt,55,1098,1326,1204.6909090909091,53.5342993988079745.963010000000001,0.6816292429378539
ENSGT00560000076828.Euteleostomi.003.nt,56,771,1023,915.1071428571429,58.937772599251155.963010000000001,0.6816292429378539
ENSGT00390000016025.Euteleostomi.001.nt,59,1797,1992,1921.8813559322034,68.003064014580465.963010000000001,0.6816292429378539
ENSGT00390000009331.Euteleostomi.001.nt,60,846,885,858.3,8.5157879299449815.963010000000001,0.6816292429378539
ENSGT00530000064012.Euteleostomi.001.nt,60,1203,1518,1394.9,78.644598551686515.963010000000001,0.6816292429378539
ENSGT00390000016402.Euteleostomi.001.nt,56,705,891,800.1964285714286,80.607109914890075.963010000000001,0.6816292429378539
ENSGT00440000037877.Euteleostomi.001.nt,60,1575,2259,1856.05,131.514312554868585.963010000000001,0.6816292429378539
ENSGT00680000099997.Euteleostomi.001.nt,52,789,939,894.2884615384615,32.497563431113975.963010000000001,0.6816292429378539
ENSGT00680000099788.Euteleostomi.002.nt,60,5733,5835,5809.95,16.205695797193855.963010000000001,0.6816292429378539
ENSGT00530000063816.Euteleostomi.001.nt,61,795,960,843.2950819672132,41.180231609472965.963010000000001,0.6816292429378539
ENSGT00680000099562.Euteleostomi.002.nt,55,3312,5457,4285.854545454546,619.36028580815845.963010000000001,0.6816292429378539
ENSGT00390000003140.Euteleostomi.001.nt,52,3396,4086,3766.4423076923076,202.931884009170235.963010000000001,0.6816292429378539
ENSGT00390000011821.Euteleostomi.001.nt,55,975,2373,1872.0545454545454,425.970457077753575.963010000000001,0.6816292429378539
ENSGT00520000055580.Euteleostomi.001.nt,51,4581,6405,5764.35294117647,626.35583572054035.963010000000001,0.6816292429378539
ENSGT00390000008002.Euteleostomi.001.nt,58,924,1077,1003.7068965517242,42.874770162829175.963010000000001,0.6816292429378539
ENSGT00660000095560.Euteleostomi.001.nt,53,2373,3687,3193.9245283018868,426.08291216691455.963010000000001,0.6816292429378539
ENSGT00530000063369.Euteleostomi.001.nt,55,2940,4299,3694.309090909091,602.81555046198665.963010000000001,0.6816292429378539
ENSGT00570000079101.Euteleostomi.001.nt,53,1545,2121,1762.9245283018868,112.012164355999875.963010000000001,0.6816292429378539
ENSGT00680000099519.Euteleostomi.003.nt,58,3453,5391,4208.896551724138,604.1124761561795.963010000000001,0.6816292429378539
ENSGT00680000099585.Euteleostomi.003.nt,57,1044,1437,1212.157894736842,137.419299626269525.963010000000001,0.6816292429378539
ENSGT00390000009278.Euteleostomi.001.nt,50,693,858,754.38,28.5327523941114625.963010000000001,0.6816292429378539
ENSGT00410000025596.Euteleostomi.001.nt,51,1578,1743,1652.8823529411766,57.565492114225365.963010000000001,0.6816292429378539
ENSGT00560000076769.Euteleostomi.002.nt,62,1266,1443,1348.6935483870968,39.204210508933455.963010000000001,0.6816292429378539
ENSGT00670000097819.Euteleostomi.002.nt,51,2697,3117,2825.0588235294117,60.172223414032455.963010000000001,0.6816292429378539
ENSGT00630000089521.Euteleostomi.005.nt,50,696,795,752.04,21.66249462710585.963010000000001,0.6816292429378539
ENSGT00680000099842.Euteleostomi.001.nt,52,612,729,669.5192307692307,29.957152659675675.963010000000001,0.6816292429378539
ENSGT00550000074417.Euteleostomi.002.nt,58,2436,4674,3035.689655172414,401.38825789417115.963010000000001,0.6816292429378539
ENSGT00440000038338.Euteleostomi.001.nt,51,2733,3408,3182.529411764706,151.231392632770055.963010000000001,0.6816292429378539
ENSGT00680000099588.Euteleostomi.004.nt,58,1941,2886,2420.5862068965516,321.27383709680415.963010000000001,0.6816292429378539
ENSGT00390000011747.Euteleostomi.001.nt,51,639,909,683.7058823529412,51.955478678440475.963010000000001,0.6816292429378539
ENSGT00620000087815.Euteleostomi.001.nt,57,984,1125,1003,23.847731248785195.963010000000001,0.6816292429378539
ENSGT00530000063035.Euteleostomi.002.nt,51,669,843,737.5294117647059,37.692096222511415.963010000000001,0.6816292429378539
ENSGT00530000063103.Euteleostomi.001.nt,58,1098,1584,1316.2758620689656,82.567312912099185.963010000000001,0.6816292429378539
ENSGT00550000074412.Euteleostomi.003.nt,60,1434,1995,1748.95,138.95340335912885.963010000000001,0.6816292429378539
ENSGT00660000095375.Euteleostomi.003.nt,56,942,1215,1130.25,50.3566371900557855.963010000000001,0.6816292429378539
ENSGT00390000007681.Euteleostomi.001.nt,57,870,1086,914.6842105263158,61.634915283099795.963010000000001,0.6816292429378539
ENSGT00640000091186.Euteleostomi.001.nt,61,2823,3225,2931.344262295082,46.624344587315345.963010000000001,0.6816292429378539
ENSGT00530000063868.Euteleostomi.001.nt,60,1023,1152,1068.55,35.946959514054665.963010000000001,0.6816292429378539
ENSGT00390000004600.Euteleostomi.001.nt,58,4380,4674,4572.827586206897,72.329930697969975.963010000000001,0.6816292429378539
ENSGT00450000040316.Euteleostomi.001.nt,52,1743,2541,2205.6923076923076,288.227003297512455.963010000000001,0.6816292429378539
ENSGT00680000099580.Euteleostomi.002.nt,52,3855,4281,4050.1153846153848,128.756900267581135.963010000000001,0.6816292429378539
ENSGT00640000091572.Euteleostomi.001.nt,59,897,1299,1176.1016949152543,118.43937703129185.963010000000001,0.6816292429378539
ENSGT00680000099996.Euteleostomi.002.nt,52,1086,1197,1126.5576923076924,22.0333200986627455.963010000000001,0.6816292429378539
ENSGT00530000062941.Euteleostomi.002.nt,52,1701,2322,2012.25,276.176973312829435.963010000000001,0.6816292429378539
ENSGT00560000076796.Euteleostomi.001.nt,58,1767,2202,2038.8103448275863,83.62121297570455.963010000000001,0.6816292429378539
ENSGT00550000074505.Euteleostomi.001.nt,57,1218,1596,1369.7894736842106,93.248273986727285.963010000000001,0.6816292429378539
ENSGT00610000085813.Euteleostomi.002.nt,55,1131,1476,1287.5454545454545,68.393691007994085.963010000000001,0.6816292429378539
ENSGT00660000095193.Euteleostomi.002.nt,53,2238,4695,3818.7735849056603,826.15217078261345.963010000000001,0.6816292429378539
ENSGT00640000091262.Euteleostomi.002.nt,53,765,1305,832.3018867924528,76.793575679234545.963010000000001,0.6816292429378539
ENSGT00530000063116.Euteleostomi.001.nt,56,858,1326,1076.7857142857142,157.695185178785445.963010000000001,0.6816292429378539
ENSGT00590000082809.Euteleostomi.003.nt,61,2253,3303,2825.0163934426228,183.181648626281945.963010000000001,0.6816292429378539
ENSGT00390000016313.Euteleostomi.001.nt,52,2577,3030,2627.7115384615386,63.250927773854785.963010000000001,0.6816292429378539
ENSGT00530000063531.Euteleostomi.001.nt,53,2655,3492,3165.169811320755,209.97808822030945.963010000000001,0.6816292429378539
ENSGT00390000017671.Euteleostomi.001.nt,60,1140,1425,1207.8,45.3367064215359865.963010000000001,0.6816292429378539
ENSGT00390000008565.Euteleostomi.001.nt,61,1740,2001,1817.311475409836,62.3571810843537555.963010000000001,0.6816292429378539
ENSGT00550000074434.Euteleostomi.004.nt,51,765,1182,988.5882352941177,93.953856008274245.963010000000001,0.6816292429378539
ENSGT00670000097746.Euteleostomi.001.nt,52,1044,1248,1140.576923076923,41.5226591359399465.963010000000001,0.6816292429378539
ENSGT00680000099723.Euteleostomi.002.nt,50,1404,1452,1418.04,7.9358653708132855.963010000000001,0.6816292429378539
ENSGT00660000095322.Euteleostomi.004.nt,50,2511,2793,2638.68,78.378578914478045.963010000000001,0.6816292429378539
ENSGT00550000074318.Euteleostomi.005.nt,57,1848,2082,1992.0526315789473,65.698559739766745.963010000000001,0.6816292429378539
ENSGT00530000062977.Euteleostomi.001.nt,59,1311,1650,1538.4406779661017,59.98829517625195.963010000000001,0.6816292429378539
ENSGT00670000097765.Euteleostomi.002.nt,62,1476,4566,1824.774193548387,403.356752127745955.963010000000001,0.6816292429378539
ENSGT00620000088023.Euteleostomi.001.nt,58,936,1311,1153.9137931034484,107.22042952799145.963010000000001,0.6816292429378539
ENSGT00390000009222.Euteleostomi.001.nt,56,1650,1761,1714.5535714285713,24.5992754090308635.963010000000001,0.6816292429378539
ENSGT00680000099831.Euteleostomi.003.nt,53,1116,1992,1495.4150943396226,291.558902477583845.963010000000001,0.6816292429378539
ENSGT00670000097753.Euteleostomi.004.nt,51,1641,2019,1859.2941176470588,107.42779791425445.963010000000001,0.6816292429378539
ENSGT00530000063333.Euteleostomi.001.nt,58,861,2532,1429.5,727.68535349023665.963010000000001,0.6816292429378539
ENSGT00550000074339.Euteleostomi.001.nt,56,1707,3234,2525.25,433.853316225657075.963010000000001,0.6816292429378539
ENSGT00530000063788.Euteleostomi.001.nt,62,2286,2619,2489.8548387096776,54.2736982383305255.963010000000001,0.6816292429378539
ENSGT00650000093424.Euteleostomi.001.nt,54,672,2007,961.8333333333334,309.381107715582355.963010000000001,0.6816292429378539
ENSGT00390000018612.Euteleostomi.001.nt,61,2046,2214,2140.967213114754,49.276420058385855.963010000000001,0.6816292429378539
ENSGT00550000074310.Euteleostomi.003.nt,55,1272,2328,1723.8545454545454,438.626451136230065.963010000000001,0.6816292429378539
ENSGT00680000099836.Euteleostomi.005.nt,58,1596,2658,2119.344827586207,430.37456357547065.963010000000001,0.6816292429378539
ENSGT00680000099726.Euteleostomi.003.nt,51,705,777,712.4117647058823,9.3406134072409515.963010000000001,0.6816292429378539
ENSGT00680000099559.Euteleostomi.006.nt,58,1380,1464,1435.603448275862,16.9259892091364645.963010000000001,0.6816292429378539
ENSGT00640000091425.Euteleostomi.003.nt,62,1623,1920,1764.8225806451612,43.5459147896842255.963010000000001,0.6816292429378539
ENSGT00680000099525.Euteleostomi.001.nt,53,3765,4419,4115.603773584906,206.824371761929885.963010000000001,0.6816292429378539
ENSGT00530000063342.Euteleostomi.001.nt,52,3027,4902,3294.923076923077,302.76755117622645.963010000000001,0.6816292429378539
ENSGT00390000002174.Euteleostomi.001.nt,57,1149,1446,1276.8947368421052,69.343009795644125.963010000000001,0.6816292429378539
ENSGT00410000025651.Euteleostomi.001.nt,58,2607,2838,2698.0344827586205,41.0014828646012365.963010000000001,0.6816292429378539
ENSGT00510000046704.Euteleostomi.001.nt,52,2292,2973,2559.2884615384614,231.44857867382935.963010000000001,0.6816292429378539
ENSGT00560000076845.Euteleostomi.006.nt,54,897,966,943.3333333333334,24.701997474805215.963010000000001,0.6816292429378539
ENSGT00550000074436.Euteleostomi.003.nt,50,2148,3030,2518.86,274.082663681255555.963010000000001,0.6816292429378539
ENSGT00390000008991.Euteleostomi.001.nt,63,726,795,758.952380952381,13.137521457492775.963010000000001,0.6816292429378539
ENSGT00390000001390.Euteleostomi.001.nt,53,759,960,857.6603773584906,63.338815233942275.963010000000001,0.6816292429378539
ENSGT00560000076776.Euteleostomi.003.nt,61,876,1161,942.0491803278688,34.469516111828535.963010000000001,0.6816292429378539
ENSGT00670000097927.Euteleostomi.002.nt,59,1365,1689,1518.1525423728813,106.64876505732495.963010000000001,0.6816292429378539
ENSGT00520000055542.Euteleostomi.003.nt,61,828,1107,1002.7377049180328,57.408159013431845.963010000000001,0.6816292429378539
ENSGT00610000085802.Euteleostomi.005.nt,52,1212,1428,1308.6346153846155,60.3294968489316055.963010000000001,0.6816292429378539
ENSGT00390000017581.Euteleostomi.001.nt,52,684,771,707.5384615384615,27.1166409644441445.963010000000001,0.6816292429378539
ENSGT00530000063776.Euteleostomi.001.nt,62,2367,3516,2916.5806451612902,214.761365728133265.963010000000001,0.6816292429378539
ENSGT00510000046989.Euteleostomi.001.nt,57,639,888,760.1578947368421,55.989408907171335.963010000000001,0.6816292429378539
ENSGT00660000095090.Euteleostomi.003.nt,61,2127,2868,2548.6721311475408,192.50910985470065.963010000000001,0.6816292429378539
ENSGT00680000099536.Euteleostomi.001.nt,58,699,1824,953.2758620689655,196.936786821634125.963010000000001,0.6816292429378539
ENSGT00530000063036.Euteleostomi.003.nt,62,1191,1563,1337.1290322580646,53.899871915346385.963010000000001,0.6816292429378539
ENSGT00550000074509.Euteleostomi.005.nt,59,3573,3975,3796.5254237288136,84.54204339327545.963010000000001,0.6816292429378539
ENSGT00440000033589.Euteleostomi.001.nt,55,1098,1680,1317.8181818181818,103.227022536825035.963010000000001,0.6816292429378539
ENSGT00680000099867.Euteleostomi.002.nt,60,720,921,754.2,51.944494496284945.963010000000001,0.6816292429378539
ENSGT00530000062893.Euteleostomi.001.nt,62,1440,1713,1612.5967741935483,72.465132300021725.963010000000001,0.6816292429378539
ENSGT00530000063002.Euteleostomi.002.nt,54,1443,1608,1515,36.267871326644445.963010000000001,0.6816292429378539
ENSGT00550000074304.Euteleostomi.005.nt,61,1437,1908,1568.8524590163934,85.876235763175255.963010000000001,0.6816292429378539
ENSGT00620000087753.Euteleostomi.003.nt,51,1794,1965,1864.4117647058824,36.547599905103615.963010000000001,0.6816292429378539
ENSGT00390000015092.Euteleostomi.002.nt,60,1710,2070,1960.25,91.669750846934155.963010000000001,0.6816292429378539
ENSGT00530000063047.Euteleostomi.003.nt,57,1263,1434,1373.4736842105262,47.758733405957845.963010000000001,0.6816292429378539
ENSGT00550000074337.Euteleostomi.002.nt,57,2349,2397,2369.684210526316,11.8203183041756575.963010000000001,0.6816292429378539
ENSGT00390000005703.Euteleostomi.001.nt,62,1293,2748,1643.758064516129,233.944065437808325.963010000000001,0.6816292429378539
ENSGT00400000022032.Euteleostomi.001.nt,61,699,1218,954.1967213114754,137.96507041906555.963010000000001,0.6816292429378539
ENSGT00680000099804.Euteleostomi.001.nt,53,1980,2658,2127.2830188679245,120.945693051196545.963010000000001,0.6816292429378539
ENSGT00390000007586.Euteleostomi.001.nt,60,1485,1737,1680.75,61.239630737630645.963010000000001,0.6816292429378539
ENSGT00660000095461.Euteleostomi.002.nt,53,717,954,766.6415094339623,41.529921715286125.963010000000001,0.6816292429378539
ENSGT00580000081366.Euteleostomi.002.nt,59,1428,1761,1468.7288135593221,61.005887366676965.963010000000001,0.6816292429378539
ENSGT00640000091200.Euteleostomi.002.nt,59,4329,4656,4543.474576271186,68.356912203068755.963010000000001,0.6816292429378539
ENSGT00650000093021.Euteleostomi.001.nt,61,1761,3360,2787.934426229508,538.96248690895175.963010000000001,0.6816292429378539
ENSGT00390000012305.Euteleostomi.001.nt,52,735,1302,997.9038461538462,148.32479723604255.963010000000001,0.6816292429378539
ENSGT00450000040408.Euteleostomi.001.nt,55,1047,2730,1661.7272727272727,391.65472580121415.963010000000001,0.6816292429378539
ENSGT00660000095153.Euteleostomi.002.nt,62,2913,3360,3192.532258064516,100.869127633640495.963010000000001,0.6816292429378539
ENSGT00550000074456.Euteleostomi.004.nt,62,612,720,651.8709677419355,18.694685727713075.963010000000001,0.6816292429378539
ENSGT00670000097842.Euteleostomi.001.nt,50,816,942,884.34,19.4449615739462165.963010000000001,0.6816292429378539
ENSGT00680000099911.Euteleostomi.001.nt,51,834,1224,1020.0588235294117,77.841739899543845.963010000000001,0.6816292429378539
ENSGT00670000097514.Euteleostomi.004.nt,52,2046,2277,2151.403846153846,66.112281086098065.963010000000001,0.6816292429378539
ENSGT00390000015510.Euteleostomi.001.nt,56,1491,1857,1696.232142857143,83.91380665928555.963010000000001,0.6816292429378539
ENSGT00390000006046.Euteleostomi.001.nt,51,1809,2586,2082.705882352941,180.78885962554745.963010000000001,0.6816292429378539
ENSGT00410000025758.Euteleostomi.001.nt,57,3594,5865,4427.210526315789,453.85829037747115.963010000000001,0.6816292429378539
ENSGT00640000091135.Euteleostomi.003.nt,57,1698,2268,2056.5263157894738,207.48787445321425.963010000000001,0.6816292429378539
ENSGT00510000047351.Euteleostomi.001.nt,54,618,741,687.5,22.6138628379326265.963010000000001,0.6816292429378539
ENSGT00680000099960.Euteleostomi.001.nt,60,2010,2517,2325.4,144.709551299449945.963010000000001,0.6816292429378539
ENSGT00540000070221.Euteleostomi.001.nt,59,2331,3672,3157.0169491525426,283.75241098932715.963010000000001,0.6816292429378539
ENSGT00550000074773.Euteleostomi.001.nt,54,3201,3363,3290.3888888888887,44.349561979784455.963010000000001,0.6816292429378539
ENSGT00680000099762.Euteleostomi.001.nt,56,2745,3078,2988.375,90.33403918990695.963010000000001,0.6816292429378539
ENSGT00530000063395.Euteleostomi.001.nt,62,882,1305,1051.5,119.784334890860835.963010000000001,0.6816292429378539
ENSGT00550000074562.Euteleostomi.002.nt,57,2568,2850,2731.4736842105262,68.518794414160015.963010000000001,0.6816292429378539
ENSGT00530000063079.Euteleostomi.001.nt,51,1122,1671,1455.8823529411766,159.60145952450735.963010000000001,0.6816292429378539
ENSGT00650000092921.Euteleostomi.002.nt,62,1080,1218,1106.3225806451612,28.03965236422355.963010000000001,0.6816292429378539
ENSGT00410000025793.Euteleostomi.001.nt,60,1833,3501,2619.45,575.99253835209375.963010000000001,0.6816292429378539
ENSGT00550000074786.Euteleostomi.001.nt,53,1815,2076,1948.9811320754718,61.320874399793895.963010000000001,0.6816292429378539
ENSGT00600000084236.Euteleostomi.002.nt,52,2388,2676,2552.596153846154,49.173266934336135.963010000000001,0.6816292429378539
ENSGT00390000009391.Euteleostomi.001.nt,50,3177,3663,3411.42,89.404170564273535.963010000000001,0.6816292429378539
ENSGT00530000062961.Euteleostomi.002.nt,60,1155,2325,1615.85,233.632757237159045.963010000000001,0.6816292429378539
ENSGT00530000062893.Euteleostomi.003.nt,60,1470,1728,1640.8,72.747951220495965.963010000000001,0.6816292429378539
ENSGT00530000063674.Euteleostomi.001.nt,55,2448,3645,3097.309090909091,239.04515866000695.963010000000001,0.6816292429378539
ENSGT00670000097702.Euteleostomi.001.nt,54,2169,2997,2568.3333333333335,256.65158822000125.963010000000001,0.6816292429378539
ENSGT00390000006494.Euteleostomi.001.nt,56,609,771,668.7321428571429,41.7549087245727655.963010000000001,0.6816292429378539
ENSGT00680000099536.Euteleostomi.003.nt,61,1662,2109,1771.8688524590164,75.200061039389255.963010000000001,0.6816292429378539
ENSGT00660000095240.Euteleostomi.003.nt,59,2763,3132,2934.7118644067796,112.12293912263695.963010000000001,0.6816292429378539
ENSGT00660000095190.Euteleostomi.004.nt,54,1773,2352,2145.8333333333335,169.844073885320655.963010000000001,0.6816292429378539
ENSGT00530000063039.Euteleostomi.001.nt,59,3720,5328,4636.525423728814,638.76619639178995.963010000000001,0.6816292429378539
ENSGT00680000099768.Euteleostomi.002.nt,51,1179,1236,1192.2941176470588,8.0778564425150785.963010000000001,0.6816292429378539
ENSGT00600000084242.Euteleostomi.003.nt,59,1962,2343,2059.169491525424,98.648304692490855.963010000000001,0.6816292429378539
ENSGT00530000063847.Euteleostomi.001.nt,56,1020,1476,1262.3035714285713,131.999988931522555.963010000000001,0.6816292429378539
ENSGT00670000097546.Euteleostomi.005.nt,57,3630,4077,3924.5263157894738,122.279408566604125.963010000000001,0.6816292429378539
ENSGT00390000013146.Euteleostomi.005.nt,61,813,1008,863.4590163934427,34.360623670364215.963010000000001,0.6816292429378539
ENSGT00670000097575.Euteleostomi.002.nt,50,1602,1917,1788.42,89.06867105366125.963010000000001,0.6816292429378539
ENSGT00680000099677.Euteleostomi.003.nt,58,1521,2004,1604.0689655172414,92.189519149501665.963010000000001,0.6816292429378539
ENSGT00550000074580.Euteleostomi.002.nt,60,2004,2301,2132.75,53.876388652519095.963010000000001,0.6816292429378539
ENSGT00530000063981.Euteleostomi.001.nt,58,1071,1359,1145.5862068965516,63.436951565758925.963010000000001,0.6816292429378539
ENSGT00530000063213.Euteleostomi.001.nt,53,1053,1272,1098.566037735849,42.324528910078695.963010000000001,0.6816292429378539
ENSGT00500000044813.Euteleostomi.002.nt,52,1437,1974,1784.25,103.739280098206385.963010000000001,0.6816292429378539
ENSGT00510000046525.Euteleostomi.001.nt,59,618,795,660.6610169491526,51.3489113370449965.963010000000001,0.6816292429378539
ENSGT00670000097752.Euteleostomi.005.nt,60,4827,5328,5087.05,86.500597627013595.963010000000001,0.6816292429378539
ENSGT00550000074567.Euteleostomi.003.nt,59,774,1131,993.9152542372881,111.370194758461745.963010000000001,0.6816292429378539
ENSGT00680000099690.Euteleostomi.002.nt,55,1989,2307,2077.090909090909,80.730753405716135.963010000000001,0.6816292429378539
ENSGT00530000063140.Euteleostomi.002.nt,56,1629,1986,1775.3035714285713,114.801000889342455.963010000000001,0.6816292429378539
ENSGT00410000025615.Euteleostomi.001.nt,60,711,903,804.1,48.4333195298233365.963010000000001,0.6816292429378539
ENSGT00550000074311.Euteleostomi.002.nt,60,945,1140,1051.95,53.302915937663555.963010000000001,0.6816292429378539
ENSGT00390000008279.Euteleostomi.001.nt,62,927,1065,996.8709677419355,29.4609960940121885.963010000000001,0.6816292429378539
ENSGT00530000063045.Euteleostomi.006.nt,61,906,1185,1042.622950819672,38.87894200139125.963010000000001,0.6816292429378539
ENSGT00670000097660.Euteleostomi.004.nt,54,1605,1809,1709.2222222222222,72.388539347957695.963010000000001,0.6816292429378539
ENSGT00630000089801.Euteleostomi.001.nt,51,1143,1416,1319.3529411764705,63.6178665248723265.963010000000001,0.6816292429378539
ENSGT00530000063170.Euteleostomi.001.nt,55,1950,2520,2237.3454545454547,170.55467442933655.963010000000001,0.6816292429378539
ENSGT00620000087973.Euteleostomi.001.nt,61,1380,2139,1783.622950819672,217.00431362336455.963010000000001,0.6816292429378539
ENSGT00660000095301.Euteleostomi.005.nt,56,4653,4977,4805.196428571428,72.003388718955355.963010000000001,0.6816292429378539
ENSGT00390000014213.Euteleostomi.001.nt,55,1185,1371,1286.1272727272728,57.118802296245465.963010000000001,0.6816292429378539
ENSGT00660000095174.Euteleostomi.001.nt,53,1644,2157,1879.0188679245282,98.686467501499555.963010000000001,0.6816292429378539
ENSGT00390000001626.Euteleostomi.001.nt,57,741,879,776.1052631578947,23.3824447354101825.963010000000001,0.6816292429378539
ENSGT00550000074410.Euteleostomi.003.nt,60,2646,3405,2964.25,216.568666450471545.963010000000001,0.6816292429378539
ENSGT00550000074350.Euteleostomi.001.nt,59,4473,4677,4630.118644067797,37.1994089430995565.963010000000001,0.6816292429378539
ENSGT00390000015700.Euteleostomi.001.nt,54,1362,1608,1440.2777777777778,44.057174117219195.963010000000001,0.6816292429378539
ENSGT00660000095522.Euteleostomi.001.nt,56,1215,2436,1343.6785714285713,216.721279497452665.963010000000001,0.6816292429378539
ENSGT00390000000948.Euteleostomi.003.nt,62,861,1149,966.8709677419355,71.101747429811555.963010000000001,0.6816292429378539
ENSGT00680000099657.Euteleostomi.004.nt,61,981,1335,1148.8032786885246,79.035186187784135.963010000000001,0.6816292429378539
ENSGT00600000084108.Euteleostomi.001.nt,53,1572,1734,1661.8301886792453,60.162515754303295.963010000000001,0.6816292429378539
ENSGT00390000008164.Euteleostomi.001.nt,56,1149,1365,1321.5535714285713,47.0044174492170445.963010000000001,0.6816292429378539
ENSGT00550000074581.Euteleostomi.001.nt,52,1512,1629,1566.923076923077,29.349046250893815.963010000000001,0.6816292429378539
ENSGT00530000062937.Euteleostomi.003.nt,53,1707,2040,1888.245283018868,89.615397385025595.963010000000001,0.6816292429378539
ENSGT00670000097698.Euteleostomi.001.nt,53,3450,5118,4349.377358490566,429.81593674211715.963010000000001,0.6816292429378539
ENSGT00390000003950.Euteleostomi.002.nt,55,2169,2298,2222.181818181818,21.8971424730453925.963010000000001,0.6816292429378539
ENSGT00560000076776.Euteleostomi.001.nt,55,903,1104,997.8,46.3127052402109955.963010000000001,0.6816292429378539
ENSGT00670000097790.Euteleostomi.002.nt,61,5514,6762,6311.360655737705,286.642171402306935.963010000000001,0.6816292429378539
ENSGT00530000063970.Euteleostomi.001.nt,54,705,1164,896.9444444444445,125.794293998240335.963010000000001,0.6816292429378539
ENSGT00610000085982.Euteleostomi.002.nt,50,1557,1638,1585.62,10.4839819511014235.963010000000001,0.6816292429378539
ENSGT00390000017365.Euteleostomi.001.nt,61,2703,2835,2754.098360655738,19.044426059464915.963010000000001,0.6816292429378539
ENSGT00650000093200.Euteleostomi.001.nt,60,3132,4674,3843.4,603.09333116997315.963010000000001,0.6816292429378539
ENSGT00680000099774.Euteleostomi.002.nt,58,1827,2361,2040.2586206896551,99.675184816681255.963010000000001,0.6816292429378539
ENSGT00390000010157.Euteleostomi.001.nt,60,897,993,927.5,17.8653153211865755.963010000000001,0.6816292429378539
ENSGT00390000002812.Euteleostomi.004.nt,57,2343,2553,2467.684210526316,43.0880153600647165.963010000000001,0.6816292429378539
ENSGT00390000008456.Euteleostomi.001.nt,54,876,984,896.7777777777778,15.6466485249363565.963010000000001,0.6816292429378539
ENSGT00390000010600.Euteleostomi.001.nt,62,636,1071,780.241935483871,126.806899212920475.963010000000001,0.6816292429378539
ENSGT00550000074542.Euteleostomi.005.nt,62,7572,7686,7633.741935483871,18.264841693650955.963010000000001,0.6816292429378539
ENSGT00390000009905.Euteleostomi.001.nt,53,1464,1782,1558.9811320754718,58.752247278144355.963010000000001,0.6816292429378539
ENSGT00550000074552.Euteleostomi.001.nt,53,3030,3687,3409.4150943396226,139.676196138715.963010000000001,0.6816292429378539
ENSGT00600000084313.Euteleostomi.001.nt,53,5625,6732,6106.301886792453,336.455311063037645.963010000000001,0.6816292429378539
ENSGT00390000010091.Euteleostomi.001.nt,56,2268,2937,2443.1785714285716,118.005717448983595.963010000000001,0.6816292429378539
ENSGT00550000074396.Euteleostomi.004.nt,56,2928,3396,3147.8571428571427,108.060156406500745.963010000000001,0.6816292429378539
ENSGT00680000099571.Euteleostomi.001.nt,57,708,975,792.4736842105264,86.281744730181545.963010000000001,0.6816292429378539
ENSGT00530000063150.Euteleostomi.002.nt,59,729,1605,959.4406779661017,135.68043987638635.963010000000001,0.6816292429378539
ENSGT00390000001586.Euteleostomi.001.nt,60,990,1245,1117.2,49.766846223674325.963010000000001,0.6816292429378539
ENSGT00670000097752.Euteleostomi.001.nt,55,6372,7065,6747.218181818182,142.980015556317685.963010000000001,0.6816292429378539
ENSGT00390000016529.Euteleostomi.002.nt,59,1314,2031,1780.677966101695,218.769792458519425.963010000000001,0.6816292429378539
ENSGT00390000017920.Euteleostomi.002.nt,51,1044,1734,1406.3529411764705,125.957583897026515.963010000000001,0.6816292429378539
ENSGT00530000063991.Euteleostomi.001.nt,60,1074,1284,1187.75,73.973569489722795.963010000000001,0.6816292429378539
ENSGT00530000063203.Euteleostomi.001.nt,56,1398,3849,2258.25,1007.06779134457295.963010000000001,0.6816292429378539
ENSGT00390000016421.Euteleostomi.001.nt,57,6600,7431,7078.210526315789,276.37873450614475.963010000000001,0.6816292429378539
ENSGT00680000099788.Euteleostomi.001.nt,54,5754,5850,5811.611111111111,17.340558484473885.963010000000001,0.6816292429378539
ENSGT00680000099558.Euteleostomi.003.nt,57,3231,3924,3631.9473684210525,182.164213697091725.963010000000001,0.6816292429378539
ENSGT00640000091312.Euteleostomi.002.nt,50,2391,2658,2584.68,48.661865386122875.963010000000001,0.6816292429378539
ENSGT00670000097845.Euteleostomi.001.nt,53,2397,2886,2643.2264150943397,93.920105472158135.963010000000001,0.6816292429378539
ENSGT00680000099916.Euteleostomi.001.nt,56,3789,4845,4411.982142857143,308.04624747660155.963010000000001,0.6816292429378539
ENSGT00390000005434.Euteleostomi.001.nt,56,777,1158,905.4642857142857,84.091717089835215.963010000000001,0.6816292429378539
ENSGT00530000063676.Euteleostomi.002.nt,53,3117,3828,3380.377358490566,242.29695912367655.963010000000001,0.6816292429378539
ENSGT00680000099667.Euteleostomi.003.nt,59,1083,1260,1185.2542372881355,37.846146444537055.963010000000001,0.6816292429378539
ENSGT00660000095258.Euteleostomi.005.nt,53,816,1002,969.7358490566038,41.015546275582755.963010000000001,0.6816292429378539
ENSGT00670000097694.Euteleostomi.001.nt,56,2292,3081,2499.4285714285716,203.839050335205485.963010000000001,0.6816292429378539
ENSGT00440000039028.Euteleostomi.001.nt,58,1029,1986,1538.6896551724137,322.92985534021855.963010000000001,0.6816292429378539
ENSGT00660000095363.Euteleostomi.001.nt,57,3420,3840,3626.157894736842,118.316432482934185.963010000000001,0.6816292429378539
ENSGT00680000099656.Euteleostomi.003.nt,56,948,1677,1432.3392857142858,248.373199900012225.963010000000001,0.6816292429378539
ENSGT00680000099531.Euteleostomi.001.nt,60,1986,2553,2261.3,115.882362911265775.963010000000001,0.6816292429378539
ENSGT00680000099589.Euteleostomi.004.nt,52,1569,2625,2040.8653846153845,346.067319125218555.963010000000001,0.6816292429378539
ENSGT00530000063026.Euteleostomi.001.nt,60,2835,3720,3375.45,241.718734503905385.963010000000001,0.6816292429378539
ENSGT00510000046443.Euteleostomi.002.nt,61,2568,3723,3093.7377049180327,293.293874333085065.963010000000001,0.6816292429378539
ENSGT00390000017273.Euteleostomi.001.nt,55,1365,2181,1840.2,319.518178929879755.963010000000001,0.6816292429378539
ENSGT00660000095182.Euteleostomi.003.nt,61,1701,2010,1824.639344262295,97.075405877232925.963010000000001,0.6816292429378539
ENSGT00390000001046.Euteleostomi.005.nt,54,1224,1449,1293.388888888889,67.115056564157515.963010000000001,0.6816292429378539
ENSGT00680000099630.Euteleostomi.001.nt,60,3351,5889,4715.55,732.97749924999725.963010000000001,0.6816292429378539
ENSGT00680000099919.Euteleostomi.001.nt,62,1848,2151,2079.1451612903224,62.222194863088175.963010000000001,0.6816292429378539
ENSGT00650000093115.Euteleostomi.003.nt,53,1377,1953,1707.1698113207547,114.50356659696355.963010000000001,0.6816292429378539
ENSGT00680000099564.Euteleostomi.004.nt,62,2913,3348,3134.2258064516127,110.173398258223865.963010000000001,0.6816292429378539
ENSGT00550000074337.Euteleostomi.004.nt,52,2214,3684,2523.2884615384614,529.50229448440865.963010000000001,0.6816292429378539
ENSGT00640000091172.Euteleostomi.003.nt,53,1305,2520,1719.8490566037735,290.115653080895365.963010000000001,0.6816292429378539
ENSGT00390000001132.Euteleostomi.001.nt,60,1272,1503,1382.8,50.235648089609145.963010000000001,0.6816292429378539
ENSGT00660000095474.Euteleostomi.001.nt,62,1326,3168,2434.5,577.1915825363535.963010000000001,0.6816292429378539
ENSGT00390000005717.Euteleostomi.001.nt,54,612,771,653.8333333333334,40.699891057292425.963010000000001,0.6816292429378539
ENSGT00560000076796.Euteleostomi.002.nt,51,1743,2655,2232.823529411765,290.39261050394195.963010000000001,0.6816292429378539
ENSGT00390000002740.Euteleostomi.001.nt,57,1710,2076,1861.842105263158,87.883605954061315.963010000000001,0.6816292429378539
ENSGT00530000063606.Euteleostomi.001.nt,61,4776,5739,5306.459016393443,365.18536725752915.963010000000001,0.6816292429378539
ENSGT00680000099495.Euteleostomi.001.nt,58,2184,2523,2383.810344827586,100.502850949621395.963010000000001,0.6816292429378539
ENSGT00390000011425.Euteleostomi.001.nt,52,867,960,899.8846153846154,15.9848627489907595.963010000000001,0.6816292429378539
ENSGT00680000099764.Euteleostomi.002.nt,61,2508,3024,2622.1475409836066,98.348502117990895.963010000000001,0.6816292429378539
ENSGT00530000063016.Euteleostomi.002.nt,53,2520,5451,3125.7735849056603,843.31034166891815.963010000000001,0.6816292429378539
ENSGT00610000085806.Euteleostomi.001.nt,56,5040,5787,5556.321428571428,131.505286052463535.963010000000001,0.6816292429378539
ENSGT00490000043360.Euteleostomi.001.nt,61,2850,3930,3337.1311475409834,237.815157591621735.963010000000001,0.6816292429378539
ENSGT00390000004311.Euteleostomi.001.nt,54,3369,3633,3484.3888888888887,89.127302778828285.963010000000001,0.6816292429378539
ENSGT00390000016292.Euteleostomi.001.nt,51,954,1053,1012.4705882352941,28.982997043905915.963010000000001,0.6816292429378539
ENSGT00670000097819.Euteleostomi.001.nt,59,1686,2091,1839.3559322033898,120.607622952291955.963010000000001,0.6816292429378539
ENSGT00390000009532.Euteleostomi.001.nt,62,1083,1686,1188.532258064516,85.346106875193685.963010000000001,0.6816292429378539
ENSGT00620000087791.Euteleostomi.002.nt,61,1683,1953,1863.1475409836066,46.830843136254325.963010000000001,0.6816292429378539
ENSGT00680000099592.Euteleostomi.002.nt,59,4383,4890,4788.3050847457625,115.582520787663335.963010000000001,0.6816292429378539
ENSGT00530000063594.Euteleostomi.001.nt,59,1749,2217,1961.8474576271187,103.999803308720175.963010000000001,0.6816292429378539
ENSGT00670000097932.Euteleostomi.001.nt,56,2268,2424,2345.464285714286,44.387125195453735.963010000000001,0.6816292429378539
ENSGT00530000063753.Euteleostomi.001.nt,57,2166,2667,2499.9473684210525,169.934800632964575.963010000000001,0.6816292429378539
ENSGT00680000099647.Euteleostomi.004.nt,62,1809,2124,1907.6129032258063,78.1992735781765.963010000000001,0.6816292429378539
ENSGT00520000055570.Euteleostomi.001.nt,53,2313,2562,2454.1132075471696,63.216557098887195.963010000000001,0.6816292429378539
ENSGT00680000099509.Euteleostomi.004.nt,59,1188,1698,1516.677966101695,154.090707799901745.963010000000001,0.6816292429378539
ENSGT00670000097555.Euteleostomi.001.nt,60,3711,4455,4193.7,201.522367013638615.963010000000001,0.6816292429378539
ENSGT00680000099595.Euteleostomi.004.nt,60,1344,1989,1762.1,169.297922139280765.963010000000001,0.6816292429378539
ENSGT00650000092962.Euteleostomi.002.nt,53,2292,2925,2666.943396226415,164.848346984822545.963010000000001,0.6816292429378539
ENSGT00680000099739.Euteleostomi.001.nt,53,1140,1455,1274.433962264151,55.113696969210245.963010000000001,0.6816292429378539
ENSGT00550000074573.Euteleostomi.001.nt,58,1149,1344,1252.9137931034484,57.04485292302085.963010000000001,0.6816292429378539
ENSGT00540000069900.Euteleostomi.003.nt,55,804,996,896.9454545454546,35.620644337663285.963010000000001,0.6816292429378539
ENSGT00560000076991.Euteleostomi.003.nt,51,1104,1182,1150.235294117647,26.455689925075945.963010000000001,0.6816292429378539
ENSGT00390000003721.Euteleostomi.001.nt,50,1353,1452,1427.52,20.62813612520535.963010000000001,0.6816292429378539
ENSGT00390000005295.Euteleostomi.002.nt,51,1083,1494,1274.2941176470588,114.015138313760265.963010000000001,0.6816292429378539
ENSGT00510000046803.Euteleostomi.001.nt,60,963,1953,1495.75,253.694239093347455.963010000000001,0.6816292429378539
ENSGT00530000063001.Euteleostomi.002.nt,54,3327,3663,3578.5,77.086266304901475.963010000000001,0.6816292429378539
ENSGT00510000046928.Euteleostomi.001.nt,54,987,1698,1230.111111111111,195.918703458296365.963010000000001,0.6816292429378539
ENSGT00530000063264.Euteleostomi.002.nt,62,786,1224,1046.5645161290322,103.374794937888785.963010000000001,0.6816292429378539
ENSGT00530000063352.Euteleostomi.001.nt,52,1551,1809,1667.6538461538462,68.46120544939095.963010000000001,0.6816292429378539
ENSGT00670000097716.Euteleostomi.001.nt,62,795,1143,966.4354838709677,80.047858833702685.963010000000001,0.6816292429378539
ENSGT00390000006647.Euteleostomi.001.nt,54,1398,2949,1502.1666666666667,222.7997450965655.963010000000001,0.6816292429378539
ENSGT00680000099658.Euteleostomi.002.nt,58,1251,2178,1658.5862068965516,245.926464154073645.963010000000001,0.6816292429378539
ENSGT00390000017673.Euteleostomi.002.nt,50,852,1002,938.82,26.4565026149006465.963010000000001,0.6816292429378539
ENSGT00390000014093.Euteleostomi.001.nt,58,1251,1632,1398.9310344827586,106.967590118470825.963010000000001,0.6816292429378539
ENSGT00550000074856.Euteleostomi.001.nt,52,822,1218,949.3269230769231,71.66937190165885.963010000000001,0.6816292429378539
ENSGT00680000099847.Euteleostomi.001.nt,53,2256,2601,2432.433962264151,83.186423964944375.963010000000001,0.6816292429378539
ENSGT00660000095470.Euteleostomi.001.nt,61,3429,3639,3527.0163934426228,35.802463510806395.963010000000001,0.6816292429378539
ENSGT00530000063457.Euteleostomi.002.nt,58,1764,2106,1884.9827586206898,63.37952831790695.963010000000001,0.6816292429378539
ENSGT00670000097870.Euteleostomi.001.nt,55,1632,2475,2033.2363636363636,295.737619172704175.963010000000001,0.6816292429378539
ENSGT00390000000724.Euteleostomi.001.nt,59,729,987,852,66.745786383860965.963010000000001,0.6816292429378539
ENSGT00670000097946.Euteleostomi.002.nt,62,873,1128,993.7741935483871,62.2471065506593465.963010000000001,0.6816292429378539
ENSGT00530000063813.Euteleostomi.001.nt,57,660,957,723.7894736842105,88.79646406290735.963010000000001,0.6816292429378539
ENSGT00390000018729.Euteleostomi.001.nt,62,1140,2793,1870.4516129032259,743.48754335799295.963010000000001,0.6816292429378539
ENSGT00670000097744.Euteleostomi.002.nt,54,627,690,642,14.9034629380949525.963010000000001,0.6816292429378539
ENSGT00630000089895.Euteleostomi.001.nt,53,1230,1338,1303.867924528302,28.3277777074084725.963010000000001,0.6816292429378539
ENSGT00680000099981.Euteleostomi.001.nt,50,3849,4815,4354.62,155.502593980595325.963010000000001,0.6816292429378539
ENSGT00660000095453.Euteleostomi.002.nt,61,2223,2625,2493.4918032786886,93.074454596095585.963010000000001,0.6816292429378539
ENSGT00670000097767.Euteleostomi.001.nt,59,1437,1986,1733.593220338983,205.628483087076235.963010000000001,0.6816292429378539
ENSGT00560000077023.Euteleostomi.004.nt,52,2682,2961,2876.076923076923,70.872391857491385.963010000000001,0.6816292429378539
ENSGT00530000063053.Euteleostomi.001.nt,57,1281,3144,2292.3684210526317,686.49405968658055.963010000000001,0.6816292429378539
ENSGT00600000084064.Euteleostomi.001.nt,54,1854,2517,2307.9444444444443,145.79054718258915.963010000000001,0.6816292429378539
ENSGT00500000044808.Euteleostomi.002.nt,55,1119,1299,1224.6,40.00999875031245.963010000000001,0.6816292429378539
ENSGT00670000097978.Euteleostomi.002.nt,52,1830,2142,1928.7692307692307,98.135883262496835.963010000000001,0.6816292429378539
ENSGT00680000100005.Euteleostomi.001.nt,54,1731,1917,1834.3333333333333,36.6899297273274465.963010000000001,0.6816292429378539
ENSGT00440000034671.Euteleostomi.001.nt,59,651,858,757.5254237288135,44.634282452796075.963010000000001,0.6816292429378539
ENSGT00560000076577.Euteleostomi.002.nt,50,972,1071,1005.18,21.7299661428965085.963010000000001,0.6816292429378539
ENSGT00530000063286.Euteleostomi.002.nt,55,3729,7854,5077.8,1594.6009532168235.963010000000001,0.6816292429378539
ENSGT00680000099556.Euteleostomi.002.nt,57,1662,1782,1730.157894736842,36.6843628976026755.963010000000001,0.6816292429378539
ENSGT00390000010947.Euteleostomi.003.nt,50,1248,1539,1405.44,53.109113711148235.963010000000001,0.6816292429378539
ENSGT00630000089574.Euteleostomi.001.nt,54,861,2193,1001.0555555555555,168.863841171951045.963010000000001,0.6816292429378539
ENSGT00650000093182.Euteleostomi.003.nt,52,4002,4674,4405.326923076923,205.158830976396935.963010000000001,0.6816292429378539
ENSGT00390000015406.Euteleostomi.001.nt,61,819,1053,927.1475409836065,70.981179680619975.963010000000001,0.6816292429378539
ENSGT00640000091061.Euteleostomi.004.nt,59,777,912,844.7796610169491,26.885496536628085.963010000000001,0.6816292429378539
ENSGT00440000038465.Euteleostomi.001.nt,52,3054,3633,3229.7884615384614,145.158647022593395.963010000000001,0.6816292429378539
ENSGT00390000005655.Euteleostomi.001.nt,58,1158,1680,1347.9310344827586,158.79600309488615.963010000000001,0.6816292429378539
ENSGT00650000093178.Euteleostomi.001.nt,53,1491,2772,2382.2830188679245,281.548081517341875.963010000000001,0.6816292429378539
ENSGT00390000009763.Euteleostomi.002.nt,54,1617,2046,1765.6666666666667,119.348229982685545.963010000000001,0.6816292429378539
ENSGT00550000074369.Euteleostomi.001.nt,57,2580,3012,2828.2105263157896,136.115069077876855.963010000000001,0.6816292429378539
ENSGT00390000016833.Euteleostomi.001.nt,57,1023,1911,1363.7368421052631,316.22260052486255.963010000000001,0.6816292429378539
ENSGT00390000007443.Euteleostomi.001.nt,62,894,1137,971.6129032258065,37.976418411529155.963010000000001,0.6816292429378539
ENSGT00560000076873.Euteleostomi.004.nt,62,1539,1890,1761.4354838709678,69.448322801389275.963010000000001,0.6816292429378539
ENSGT00680000099507.Euteleostomi.005.nt,60,837,1503,1089.75,123.896023246394755.963010000000001,0.6816292429378539
ENSGT00530000063642.Euteleostomi.001.nt,59,2040,2253,2107.2203389830506,39.862292179629415.963010000000001,0.6816292429378539
ENSGT00560000076777.Euteleostomi.004.nt,56,870,1014,927.0535714285714,20.780602531169345.963010000000001,0.6816292429378539
ENSGT00560000076651.Euteleostomi.003.nt,61,954,1095,1034.5573770491803,48.3544291629229265.963010000000001,0.6816292429378539
ENSGT00680000099841.Euteleostomi.004.nt,50,1167,1485,1315.8,43.710083831667825.963010000000001,0.6816292429378539
ENSGT00680000099558.Euteleostomi.001.nt,51,2433,3225,2999.529411764706,331.6819170796735.963010000000001,0.6816292429378539
ENSGT00600000084336.Euteleostomi.001.nt,62,2373,2634,2484.435483870968,50.861954272176585.963010000000001,0.6816292429378539
ENSGT00530000063924.Euteleostomi.001.nt,60,1416,2292,1946.35,183.72260086281335.963010000000001,0.6816292429378539
ENSGT00390000013762.Euteleostomi.001.nt,54,1023,1950,1502.388888888889,148.182627844725975.963010000000001,0.6816292429378539
ENSGT00550000074577.Euteleostomi.001.nt,55,1275,1407,1357.2,36.2840644544314165.963010000000001,0.6816292429378539
ENSGT00680000099571.Euteleostomi.003.nt,61,993,1398,1244.7540983606557,129.676476373281225.963010000000001,0.6816292429378539
ENSGT00680000099574.Euteleostomi.002.nt,58,627,888,722.1206896551724,74.345584133946965.963010000000001,0.6816292429378539
ENSGT00390000007252.Euteleostomi.001.nt,59,1140,1479,1337.7457627118645,104.412080358736635.963010000000001,0.6816292429378539
ENSGT00680000100027.Euteleostomi.001.nt,53,750,1980,1219.4716981132076,315.063522518969145.963010000000001,0.6816292429378539
ENSGT00660000095208.Euteleostomi.003.nt,57,1287,1620,1441.6842105263158,81.650202933598055.963010000000001,0.6816292429378539
ENSGT00680000099887.Euteleostomi.001.nt,59,1863,2145,1977.7118644067796,98.51659248441315.963010000000001,0.6816292429378539
ENSGT00660000095381.Euteleostomi.003.nt,57,2679,3495,3051.8947368421054,270.547638016099145.963010000000001,0.6816292429378539
ENSGT00560000076885.Euteleostomi.002.nt,56,984,1515,1221.642857142857,220.357348502293065.963010000000001,0.6816292429378539
ENSGT00600000083998.Euteleostomi.001.nt,55,1347,1716,1493.3454545454545,91.897934160841195.963010000000001,0.6816292429378539
ENSGT00680000099767.Euteleostomi.004.nt,55,2247,3075,2609.2909090909093,185.413918604082175.963010000000001,0.6816292429378539
ENSGT00390000002149.Euteleostomi.001.nt,59,2016,2697,2232.6610169491523,139.80202876648055.963010000000001,0.6816292429378539
ENSGT00510000046382.Euteleostomi.001.nt,54,1332,1503,1451.0555555555557,43.4148121261590355.963010000000001,0.6816292429378539
ENSGT00560000076660.Euteleostomi.003.nt,59,2178,2391,2306.3898305084745,46.498430432966215.963010000000001,0.6816292429378539
ENSGT00550000074378.Euteleostomi.006.nt,55,1374,1677,1551.3272727272727,68.694183953890235.963010000000001,0.6816292429378539
ENSGT00550000074356.Euteleostomi.002.nt,60,1134,1299,1199.5,36.7928235449085865.963010000000001,0.6816292429378539
ENSGT00680000099843.Euteleostomi.003.nt,60,2859,4080,3560.85,295.164293520560365.963010000000001,0.6816292429378539
ENSGT00680000099849.Euteleostomi.002.nt,52,969,1254,1138.673076923077,66.211994989903355.963010000000001,0.6816292429378539
ENSGT00390000016613.Euteleostomi.001.nt,50,1872,2097,1980.42,47.5347735229437165.963010000000001,0.6816292429378539
ENSGT00680000099656.Euteleostomi.001.nt,53,2013,2535,2299.4150943396226,122.036002563282715.963010000000001,0.6816292429378539
