"","name","number_of_sequences","min_seq_lengt","max_seq_lengt","mean_seq_length","standev_seq_length","ic_type","number_models"
"1","ENSGT00390000013581.Euteleostomi.001.nt",57,2025,2568,2311.10526315789,162.738032718947,"AIC",1
"2","ENSGT00390000013581.Euteleostomi.001.nt",57,2025,2568,2311.10526315789,162.738032718947,"AICc",1
"3","ENSGT00390000013581.Euteleostomi.001.nt",57,2025,2568,2311.10526315789,162.738032718947,"BIC",2
"4","ENSGT00390000020719.Euteleostomi.003.nt",61,1077,1725,1253.11475409836,217.402629419905,"AIC",1
"5","ENSGT00390000020719.Euteleostomi.003.nt",61,1077,1725,1253.11475409836,217.402629419905,"AICc",1
"6","ENSGT00390000020719.Euteleostomi.003.nt",61,1077,1725,1253.11475409836,217.402629419905,"BIC",1
"7","ENSGT00440000033542.Euteleostomi.002.nt",54,2688,2979,2842.11111111111,103.351692424672,"AIC",1
"8","ENSGT00440000033542.Euteleostomi.002.nt",54,2688,2979,2842.11111111111,103.351692424672,"AICc",1
"9","ENSGT00440000033542.Euteleostomi.002.nt",54,2688,2979,2842.11111111111,103.351692424672,"BIC",1
"10","ENSGT00390000016028.Euteleostomi.002.nt",62,1113,1503,1262.03225806452,109.246595436607,"AIC",1
"11","ENSGT00390000016028.Euteleostomi.002.nt",62,1113,1503,1262.03225806452,109.246595436607,"AICc",1
"12","ENSGT00390000016028.Euteleostomi.002.nt",62,1113,1503,1262.03225806452,109.246595436607,"BIC",1
"13","ENSGT00390000013494.Euteleostomi.001.nt",61,2934,3435,3241.32786885246,119.787968415234,"AIC",2
"14","ENSGT00390000013494.Euteleostomi.001.nt",61,2934,3435,3241.32786885246,119.787968415234,"AICc",2
"15","ENSGT00390000013494.Euteleostomi.001.nt",61,2934,3435,3241.32786885246,119.787968415234,"BIC",1
"16","ENSGT00530000062974.Euteleostomi.004.nt",61,3804,4224,4095.7868852459,85.6987193125036,"AIC",1
"17","ENSGT00530000062974.Euteleostomi.004.nt",61,3804,4224,4095.7868852459,85.6987193125036,"AICc",1
"18","ENSGT00530000062974.Euteleostomi.004.nt",61,3804,4224,4095.7868852459,85.6987193125036,"BIC",1
"19","ENSGT00390000008822.Euteleostomi.002.nt",58,1053,1305,1201.96551724138,50.9196014087159,"AIC",2
"20","ENSGT00390000008822.Euteleostomi.002.nt",58,1053,1305,1201.96551724138,50.9196014087159,"AICc",2
"21","ENSGT00390000008822.Euteleostomi.002.nt",58,1053,1305,1201.96551724138,50.9196014087159,"BIC",1
"22","ENSGT00390000013296.Euteleostomi.001.nt",61,1026,2934,1495.62295081967,498.904171290587,"AIC",1
"23","ENSGT00390000013296.Euteleostomi.001.nt",61,1026,2934,1495.62295081967,498.904171290587,"AICc",1
"24","ENSGT00390000013296.Euteleostomi.001.nt",61,1026,2934,1495.62295081967,498.904171290587,"BIC",2
"25","ENSGT00390000010072.Euteleostomi.001.nt",54,1491,1581,1544.44444444444,25.4896698770355,"AIC",1
"26","ENSGT00390000010072.Euteleostomi.001.nt",54,1491,1581,1544.44444444444,25.4896698770355,"AICc",1
"27","ENSGT00390000010072.Euteleostomi.001.nt",54,1491,1581,1544.44444444444,25.4896698770355,"BIC",1
"28","ENSGT00390000001046.Euteleostomi.002.nt",56,1239,1389,1277.08928571429,37.8217238132768,"AIC",1
"29","ENSGT00390000001046.Euteleostomi.002.nt",56,1239,1389,1277.08928571429,37.8217238132768,"AICc",1
"30","ENSGT00390000001046.Euteleostomi.002.nt",56,1239,1389,1277.08928571429,37.8217238132768,"BIC",1
"31","ENSGT00510000047024.Euteleostomi.001.nt",54,759,1941,1324.44444444444,515.095765657943,"AIC",1
"32","ENSGT00510000047024.Euteleostomi.001.nt",54,759,1941,1324.44444444444,515.095765657943,"AICc",1
"33","ENSGT00510000047024.Euteleostomi.001.nt",54,759,1941,1324.44444444444,515.095765657943,"BIC",1
"34","ENSGT00390000001014.Euteleostomi.001.nt",50,606,831,791.46,65.5887652151569,"AIC",4
"35","ENSGT00390000001014.Euteleostomi.001.nt",50,606,831,791.46,65.5887652151569,"AICc",4
"36","ENSGT00390000001014.Euteleostomi.001.nt",50,606,831,791.46,65.5887652151569,"BIC",4
"37","ENSGT00390000010116.Euteleostomi.001.nt",59,1884,2049,1979.74576271186,31.3916270520852,"AIC",1
"38","ENSGT00390000010116.Euteleostomi.001.nt",59,1884,2049,1979.74576271186,31.3916270520852,"AICc",1
"39","ENSGT00390000010116.Euteleostomi.001.nt",59,1884,2049,1979.74576271186,31.3916270520852,"BIC",1
"40","ENSGT00390000006788.Euteleostomi.001.nt",62,1647,2106,1869.09677419355,95.4744339098546,"AIC",1
"41","ENSGT00390000006788.Euteleostomi.001.nt",62,1647,2106,1869.09677419355,95.4744339098546,"AICc",1
"42","ENSGT00390000006788.Euteleostomi.001.nt",62,1647,2106,1869.09677419355,95.4744339098546,"BIC",1
"43","ENSGT00480000042679.Euteleostomi.001.nt",62,903,1065,978.483870967742,33.2036645891235,"AIC",1
"44","ENSGT00480000042679.Euteleostomi.001.nt",62,903,1065,978.483870967742,33.2036645891235,"AICc",1
"45","ENSGT00480000042679.Euteleostomi.001.nt",62,903,1065,978.483870967742,33.2036645891235,"BIC",1
"46","ENSGT00390000004417.Euteleostomi.001.nt",62,1269,1716,1487.8064516129,88.0256741068004,"AIC",1
"47","ENSGT00390000004417.Euteleostomi.001.nt",62,1269,1716,1487.8064516129,88.0256741068004,"AICc",1
"48","ENSGT00390000004417.Euteleostomi.001.nt",62,1269,1716,1487.8064516129,88.0256741068004,"BIC",2
"49","ENSGT00390000016655.Euteleostomi.001.nt",56,2556,2724,2647.60714285714,47.8017415321502,"AIC",1
"50","ENSGT00390000016655.Euteleostomi.001.nt",56,2556,2724,2647.60714285714,47.8017415321502,"AICc",1
"51","ENSGT00390000016655.Euteleostomi.001.nt",56,2556,2724,2647.60714285714,47.8017415321502,"BIC",1
"52","ENSGT00390000003453.Euteleostomi.001.nt",55,3240,3768,3372.76363636364,99.2089011158074,"AIC",2
"53","ENSGT00390000003453.Euteleostomi.001.nt",55,3240,3768,3372.76363636364,99.2089011158074,"AICc",2
"54","ENSGT00390000003453.Euteleostomi.001.nt",55,3240,3768,3372.76363636364,99.2089011158074,"BIC",1
"55","ENSGT00390000009905.Euteleostomi.002.nt",59,1467,1896,1631.64406779661,103.146825834436,"AIC",1
"56","ENSGT00390000009905.Euteleostomi.002.nt",59,1467,1896,1631.64406779661,103.146825834436,"AICc",1
"57","ENSGT00390000009905.Euteleostomi.002.nt",59,1467,1896,1631.64406779661,103.146825834436,"BIC",4
"58","ENSGT00510000046654.Euteleostomi.001.nt",59,756,993,808.881355932203,39.0910011453217,"AIC",2
"59","ENSGT00510000046654.Euteleostomi.001.nt",59,756,993,808.881355932203,39.0910011453217,"AICc",2
"60","ENSGT00510000046654.Euteleostomi.001.nt",59,756,993,808.881355932203,39.0910011453217,"BIC",1
"61","ENSGT00390000014618.Euteleostomi.001.nt",61,1617,1965,1782.24590163934,106.00560609982,"AIC",1
"62","ENSGT00390000014618.Euteleostomi.001.nt",61,1617,1965,1782.24590163934,106.00560609982,"AICc",1
"63","ENSGT00390000014618.Euteleostomi.001.nt",61,1617,1965,1782.24590163934,106.00560609982,"BIC",2
"64","ENSGT00390000013285.Euteleostomi.001.nt",52,1296,1695,1556.48076923077,91.3481790678091,"AIC",1
"65","ENSGT00390000013285.Euteleostomi.001.nt",52,1296,1695,1556.48076923077,91.3481790678091,"AICc",1
"66","ENSGT00390000013285.Euteleostomi.001.nt",52,1296,1695,1556.48076923077,91.3481790678091,"BIC",1
"67","ENSGT00510000046606.Euteleostomi.002.nt",51,618,1746,956.176470588235,283.837467990563,"AIC",3
"68","ENSGT00510000046606.Euteleostomi.002.nt",51,618,1746,956.176470588235,283.837467990563,"AICc",3
"69","ENSGT00510000046606.Euteleostomi.002.nt",51,618,1746,956.176470588235,283.837467990563,"BIC",1
"70","ENSGT00390000014100.Euteleostomi.001.nt",55,795,858,837.6,13.532676502944,"AIC",1
"71","ENSGT00390000014100.Euteleostomi.001.nt",55,795,858,837.6,13.532676502944,"AICc",2
"72","ENSGT00390000014100.Euteleostomi.001.nt",55,795,858,837.6,13.532676502944,"BIC",2
"73","ENSGT00390000013164.Euteleostomi.006.nt",52,3246,6825,5686.78846153846,968.45017357001,"AIC",1
"74","ENSGT00390000013164.Euteleostomi.006.nt",52,3246,6825,5686.78846153846,968.45017357001,"AICc",1
"75","ENSGT00390000013164.Euteleostomi.006.nt",52,3246,6825,5686.78846153846,968.45017357001,"BIC",2
"76","ENSGT00400000022055.Euteleostomi.001.nt",62,1485,2130,1697.70967741935,178.329717381971,"AIC",3
"77","ENSGT00400000022055.Euteleostomi.001.nt",62,1485,2130,1697.70967741935,178.329717381971,"AICc",3
"78","ENSGT00400000022055.Euteleostomi.001.nt",62,1485,2130,1697.70967741935,178.329717381971,"BIC",1
"79","ENSGT00390000016700.Euteleostomi.001.nt",52,765,1185,794.019230769231,73.3157261531076,"AIC",2
"80","ENSGT00390000016700.Euteleostomi.001.nt",52,765,1185,794.019230769231,73.3157261531076,"AICc",2
"81","ENSGT00390000016700.Euteleostomi.001.nt",52,765,1185,794.019230769231,73.3157261531076,"BIC",3
"82","ENSGT00530000063051.Euteleostomi.003.nt",59,2130,2205,2171.84745762712,18.9853060779428,"AIC",1
"83","ENSGT00530000063051.Euteleostomi.003.nt",59,2130,2205,2171.84745762712,18.9853060779428,"AICc",1
"84","ENSGT00530000063051.Euteleostomi.003.nt",59,2130,2205,2171.84745762712,18.9853060779428,"BIC",1
"85","ENSGT00390000011560.Euteleostomi.002.nt",62,1368,1515,1393.11290322581,30.7539707358785,"AIC",1
"86","ENSGT00390000011560.Euteleostomi.002.nt",62,1368,1515,1393.11290322581,30.7539707358785,"AICc",1
"87","ENSGT00390000011560.Euteleostomi.002.nt",62,1368,1515,1393.11290322581,30.7539707358785,"BIC",3
"88","ENSGT00390000009929.Euteleostomi.001.nt",59,828,1113,988.423728813559,46.9057026861011,"AIC",1
"89","ENSGT00390000009929.Euteleostomi.001.nt",59,828,1113,988.423728813559,46.9057026861011,"AICc",2
"90","ENSGT00390000009929.Euteleostomi.001.nt",59,828,1113,988.423728813559,46.9057026861011,"BIC",1
"91","ENSGT00510000046400.Euteleostomi.001.nt",55,1455,1719,1541.07272727273,60.3431098725522,"AIC",2
"92","ENSGT00510000046400.Euteleostomi.001.nt",55,1455,1719,1541.07272727273,60.3431098725522,"AICc",2
"93","ENSGT00510000046400.Euteleostomi.001.nt",55,1455,1719,1541.07272727273,60.3431098725522,"BIC",1
"94","ENSGT00390000017213.Euteleostomi.001.nt",53,1164,1986,1721.88679245283,206.653524637938,"AIC",2
"95","ENSGT00390000017213.Euteleostomi.001.nt",53,1164,1986,1721.88679245283,206.653524637938,"AICc",2
"96","ENSGT00390000017213.Euteleostomi.001.nt",53,1164,1986,1721.88679245283,206.653524637938,"BIC",2
"97","ENSGT00390000011831.Euteleostomi.001.nt",61,1638,1932,1733.50819672131,54.6493741808692,"AIC",2
"98","ENSGT00390000011831.Euteleostomi.001.nt",61,1638,1932,1733.50819672131,54.6493741808692,"AICc",2
"99","ENSGT00390000011831.Euteleostomi.001.nt",61,1638,1932,1733.50819672131,54.6493741808692,"BIC",1
"100","ENSGT00510000046502.Euteleostomi.003.nt",50,1362,1521,1455.9,47.338231518143,"AIC",2
"101","ENSGT00510000046502.Euteleostomi.003.nt",50,1362,1521,1455.9,47.338231518143,"AICc",2
"102","ENSGT00510000046502.Euteleostomi.003.nt",50,1362,1521,1455.9,47.338231518143,"BIC",1
"103","ENSGT00510000047020.Euteleostomi.001.nt",50,861,1029,935.64,34.2837856600416,"AIC",1
"104","ENSGT00510000047020.Euteleostomi.001.nt",50,861,1029,935.64,34.2837856600416,"AICc",1
"105","ENSGT00510000047020.Euteleostomi.001.nt",50,861,1029,935.64,34.2837856600416,"BIC",1
"106","ENSGT00510000047407.Euteleostomi.001.nt",56,777,1293,1069.82142857143,168.80134716641,"AIC",2
"107","ENSGT00510000047407.Euteleostomi.001.nt",56,777,1293,1069.82142857143,168.80134716641,"AICc",2
"108","ENSGT00510000047407.Euteleostomi.001.nt",56,777,1293,1069.82142857143,168.80134716641,"BIC",1
"109","ENSGT00390000000018.Euteleostomi.003.nt",61,3153,3780,3434.40983606557,123.202053155129,"AIC",2
"110","ENSGT00390000000018.Euteleostomi.003.nt",61,3153,3780,3434.40983606557,123.202053155129,"AICc",2
"111","ENSGT00390000000018.Euteleostomi.003.nt",61,3153,3780,3434.40983606557,123.202053155129,"BIC",1
"112","ENSGT00520000055615.Euteleostomi.001.nt",61,1296,1809,1511.75409836066,208.46603686114,"AIC",1
"113","ENSGT00520000055615.Euteleostomi.001.nt",61,1296,1809,1511.75409836066,208.46603686114,"AICc",1
"114","ENSGT00520000055615.Euteleostomi.001.nt",61,1296,1809,1511.75409836066,208.46603686114,"BIC",2
"115","ENSGT00530000063006.Euteleostomi.003.nt",51,3531,3837,3687.11764705882,66.9261225707342,"AIC",2
"116","ENSGT00530000063006.Euteleostomi.003.nt",51,3531,3837,3687.11764705882,66.9261225707342,"AICc",2
"117","ENSGT00530000063006.Euteleostomi.003.nt",51,3531,3837,3687.11764705882,66.9261225707342,"BIC",2
"118","ENSGT00440000037341.Euteleostomi.002.nt",53,828,1314,1130.20754716981,128.951893011214,"AIC",2
"119","ENSGT00440000037341.Euteleostomi.002.nt",53,828,1314,1130.20754716981,128.951893011214,"AICc",2
"120","ENSGT00440000037341.Euteleostomi.002.nt",53,828,1314,1130.20754716981,128.951893011214,"BIC",1
"121","ENSGT00390000017707.Euteleostomi.001.nt",59,1818,2676,2205.35593220339,306.847753033631,"AIC",2
"122","ENSGT00390000017707.Euteleostomi.001.nt",59,1818,2676,2205.35593220339,306.847753033631,"AICc",2
"123","ENSGT00390000017707.Euteleostomi.001.nt",59,1818,2676,2205.35593220339,306.847753033631,"BIC",1
"124","ENSGT00390000004874.Euteleostomi.001.nt",58,1155,1866,1537.65517241379,214.839846652382,"AIC",1
"125","ENSGT00390000004874.Euteleostomi.001.nt",58,1155,1866,1537.65517241379,214.839846652382,"AICc",1
"126","ENSGT00390000004874.Euteleostomi.001.nt",58,1155,1866,1537.65517241379,214.839846652382,"BIC",1
"127","ENSGT00390000001134.Euteleostomi.001.nt",61,1257,2301,1727.31147540984,327.511706711053,"AIC",1
"128","ENSGT00390000001134.Euteleostomi.001.nt",61,1257,2301,1727.31147540984,327.511706711053,"AICc",1
"129","ENSGT00390000001134.Euteleostomi.001.nt",61,1257,2301,1727.31147540984,327.511706711053,"BIC",1
"130","ENSGT00390000001117.Euteleostomi.002.nt",52,1191,1398,1277.76923076923,61.1214205847561,"AIC",2
"131","ENSGT00390000001117.Euteleostomi.002.nt",52,1191,1398,1277.76923076923,61.1214205847561,"AICc",2
"132","ENSGT00390000001117.Euteleostomi.002.nt",52,1191,1398,1277.76923076923,61.1214205847561,"BIC",1
"133","ENSGT00530000062751.Euteleostomi.007.nt",57,2541,2913,2664.89473684211,65.609146849932,"AIC",1
"134","ENSGT00530000062751.Euteleostomi.007.nt",57,2541,2913,2664.89473684211,65.609146849932,"AICc",1
"135","ENSGT00530000062751.Euteleostomi.007.nt",57,2541,2913,2664.89473684211,65.609146849932,"BIC",2
"136","ENSGT00530000062987.Euteleostomi.001.nt",59,2532,3228,2741.79661016949,150.319175327267,"AIC",1
"137","ENSGT00530000062987.Euteleostomi.001.nt",59,2532,3228,2741.79661016949,150.319175327267,"AICc",1
"138","ENSGT00530000062987.Euteleostomi.001.nt",59,2532,3228,2741.79661016949,150.319175327267,"BIC",1
"139","ENSGT00390000011587.Euteleostomi.001.nt",52,2136,3009,2483.01923076923,293.783065916,"AIC",1
"140","ENSGT00390000011587.Euteleostomi.001.nt",52,2136,3009,2483.01923076923,293.783065916,"AICc",1
"141","ENSGT00390000011587.Euteleostomi.001.nt",52,2136,3009,2483.01923076923,293.783065916,"BIC",2
"142","ENSGT00390000003774.Euteleostomi.001.nt",53,1287,1431,1375.30188679245,33.6878115973375,"AIC",1
"143","ENSGT00390000003774.Euteleostomi.001.nt",53,1287,1431,1375.30188679245,33.6878115973375,"AICc",1
"144","ENSGT00390000003774.Euteleostomi.001.nt",53,1287,1431,1375.30188679245,33.6878115973375,"BIC",1
"145","ENSGT00410000025582.Euteleostomi.001.nt",52,1944,2316,2101.03846153846,63.1046319229876,"AIC",1
"146","ENSGT00410000025582.Euteleostomi.001.nt",52,1944,2316,2101.03846153846,63.1046319229876,"AICc",1
"147","ENSGT00410000025582.Euteleostomi.001.nt",52,1944,2316,2101.03846153846,63.1046319229876,"BIC",1
"148","ENSGT00390000018245.Euteleostomi.001.nt",60,858,1023,931.55,32.7167738039006,"AIC",4
"149","ENSGT00390000018245.Euteleostomi.001.nt",60,858,1023,931.55,32.7167738039006,"AICc",4
"150","ENSGT00390000018245.Euteleostomi.001.nt",60,858,1023,931.55,32.7167738039006,"BIC",1
"151","ENSGT00530000063033.Euteleostomi.001.nt",51,780,933,875.882352941176,47.6989086075661,"AIC",2
"152","ENSGT00530000063033.Euteleostomi.001.nt",51,780,933,875.882352941176,47.6989086075661,"AICc",2
"153","ENSGT00530000063033.Euteleostomi.001.nt",51,780,933,875.882352941176,47.6989086075661,"BIC",2
"154","ENSGT00390000002997.Euteleostomi.001.nt",55,1080,1554,1394.83636363636,139.30113445556,"AIC",1
"155","ENSGT00390000002997.Euteleostomi.001.nt",55,1080,1554,1394.83636363636,139.30113445556,"AICc",1
"156","ENSGT00390000002997.Euteleostomi.001.nt",55,1080,1554,1394.83636363636,139.30113445556,"BIC",1
"157","ENSGT00520000055637.Euteleostomi.001.nt",55,2475,3594,2881.96363636364,314.696265300272,"AIC",2
"158","ENSGT00520000055637.Euteleostomi.001.nt",55,2475,3594,2881.96363636364,314.696265300272,"AICc",2
"159","ENSGT00520000055637.Euteleostomi.001.nt",55,2475,3594,2881.96363636364,314.696265300272,"BIC",2
"160","ENSGT00390000018051.Euteleostomi.001.nt",50,1074,1389,1212.06,74.1700775795958,"AIC",1
"161","ENSGT00390000018051.Euteleostomi.001.nt",50,1074,1389,1212.06,74.1700775795958,"AICc",1
"162","ENSGT00390000018051.Euteleostomi.001.nt",50,1074,1389,1212.06,74.1700775795958,"BIC",1
"163","ENSGT00390000017928.Euteleostomi.001.nt",58,2190,2553,2226.93103448276,46.6426738080452,"AIC",1
"164","ENSGT00390000017928.Euteleostomi.001.nt",58,2190,2553,2226.93103448276,46.6426738080452,"AICc",1
"165","ENSGT00390000017928.Euteleostomi.001.nt",58,2190,2553,2226.93103448276,46.6426738080452,"BIC",1
"166","ENSGT00390000018714.Euteleostomi.002.nt",60,1071,1836,1456.3,239.568276952592,"AIC",2
"167","ENSGT00390000018714.Euteleostomi.002.nt",60,1071,1836,1456.3,239.568276952592,"AICc",2
"168","ENSGT00390000018714.Euteleostomi.002.nt",60,1071,1836,1456.3,239.568276952592,"BIC",2
"169","ENSGT00440000033318.Euteleostomi.002.nt",50,753,1098,979.26,102.341726483345,"AIC",4
"170","ENSGT00440000033318.Euteleostomi.002.nt",50,753,1098,979.26,102.341726483345,"AICc",3
"171","ENSGT00440000033318.Euteleostomi.002.nt",50,753,1098,979.26,102.341726483345,"BIC",2
"172","ENSGT00520000055649.Euteleostomi.001.nt",62,1179,2472,1968.87096774194,374.473553263952,"AIC",2
"173","ENSGT00520000055649.Euteleostomi.001.nt",62,1179,2472,1968.87096774194,374.473553263952,"AICc",2
"174","ENSGT00520000055649.Euteleostomi.001.nt",62,1179,2472,1968.87096774194,374.473553263952,"BIC",1
"175","ENSGT00420000029746.Euteleostomi.001.nt",58,666,13863,1996.91379310345,2099.14303554238,"AIC",7
"176","ENSGT00420000029746.Euteleostomi.001.nt",58,666,13863,1996.91379310345,2099.14303554238,"AICc",7
"177","ENSGT00420000029746.Euteleostomi.001.nt",58,666,13863,1996.91379310345,2099.14303554238,"BIC",4
"178","ENSGT00390000005922.Euteleostomi.001.nt",61,1500,1566,1524.34426229508,13.1236240496565,"AIC",1
"179","ENSGT00390000005922.Euteleostomi.001.nt",61,1500,1566,1524.34426229508,13.1236240496565,"AICc",1
"180","ENSGT00390000005922.Euteleostomi.001.nt",61,1500,1566,1524.34426229508,13.1236240496565,"BIC",1
"181","ENSGT00390000011960.Euteleostomi.001.nt",61,1302,1677,1385.60655737705,59.8259360390694,"AIC",2
"182","ENSGT00390000011960.Euteleostomi.001.nt",61,1302,1677,1385.60655737705,59.8259360390694,"AICc",2
"183","ENSGT00390000011960.Euteleostomi.001.nt",61,1302,1677,1385.60655737705,59.8259360390694,"BIC",2
"184","ENSGT00390000017119.Euteleostomi.001.nt",50,1368,1803,1595.7,135.786484554815,"AIC",1
"185","ENSGT00390000017119.Euteleostomi.001.nt",50,1368,1803,1595.7,135.786484554815,"AICc",1
"186","ENSGT00390000017119.Euteleostomi.001.nt",50,1368,1803,1595.7,135.786484554815,"BIC",1
"187","ENSGT00390000001619.Euteleostomi.003.nt",59,2070,2994,2302.37288135593,358.10376546206,"AIC",1
"188","ENSGT00390000001619.Euteleostomi.003.nt",59,2070,2994,2302.37288135593,358.10376546206,"AICc",1
"189","ENSGT00390000001619.Euteleostomi.003.nt",59,2070,2994,2302.37288135593,358.10376546206,"BIC",1
"190","ENSGT00530000063030.Euteleostomi.001.nt",55,1413,1689,1542.32727272727,52.3662509869118,"AIC",1
"191","ENSGT00530000063030.Euteleostomi.001.nt",55,1413,1689,1542.32727272727,52.3662509869118,"AICc",1
"192","ENSGT00530000063030.Euteleostomi.001.nt",55,1413,1689,1542.32727272727,52.3662509869118,"BIC",1
"193","ENSGT00490000043365.Euteleostomi.001.nt",53,1596,2796,2119.07547169811,477.634590337417,"AIC",2
"194","ENSGT00490000043365.Euteleostomi.001.nt",53,1596,2796,2119.07547169811,477.634590337417,"AICc",2
"195","ENSGT00490000043365.Euteleostomi.001.nt",53,1596,2796,2119.07547169811,477.634590337417,"BIC",1
"196","ENSGT00390000008527.Euteleostomi.001.nt",57,678,864,737.631578947368,70.0037324461416,"AIC",1
"197","ENSGT00390000008527.Euteleostomi.001.nt",57,678,864,737.631578947368,70.0037324461416,"AICc",1
"198","ENSGT00390000008527.Euteleostomi.001.nt",57,678,864,737.631578947368,70.0037324461416,"BIC",2
"199","ENSGT00390000008958.Euteleostomi.003.nt",55,1194,1746,1455.43636363636,149.592132348617,"AIC",2
"200","ENSGT00390000008958.Euteleostomi.003.nt",55,1194,1746,1455.43636363636,149.592132348617,"AICc",3
"201","ENSGT00390000008958.Euteleostomi.003.nt",55,1194,1746,1455.43636363636,149.592132348617,"BIC",2
"202","ENSGT00510000047125.Euteleostomi.001.nt",60,1026,3156,1211.45,261.707394181921,"AIC",1
"203","ENSGT00510000047125.Euteleostomi.001.nt",60,1026,3156,1211.45,261.707394181921,"AICc",1
"204","ENSGT00510000047125.Euteleostomi.001.nt",60,1026,3156,1211.45,261.707394181921,"BIC",2
"205","ENSGT00390000013549.Euteleostomi.001.nt",51,2049,2595,2315.11764705882,118.924622691657,"AIC",1
"206","ENSGT00390000013549.Euteleostomi.001.nt",51,2049,2595,2315.11764705882,118.924622691657,"AICc",1
"207","ENSGT00390000013549.Euteleostomi.001.nt",51,2049,2595,2315.11764705882,118.924622691657,"BIC",1
"208","ENSGT00530000062904.Euteleostomi.001.nt",59,2886,3432,3213.66101694915,144.085177175539,"AIC",1
"209","ENSGT00530000062904.Euteleostomi.001.nt",59,2886,3432,3213.66101694915,144.085177175539,"AICc",1
"210","ENSGT00530000062904.Euteleostomi.001.nt",59,2886,3432,3213.66101694915,144.085177175539,"BIC",2
"211","ENSGT00530000062787.Euteleostomi.002.nt",56,2085,2673,2401.98214285714,183.403528376035,"AIC",2
"212","ENSGT00530000062787.Euteleostomi.002.nt",56,2085,2673,2401.98214285714,183.403528376035,"AICc",2
"213","ENSGT00530000062787.Euteleostomi.002.nt",56,2085,2673,2401.98214285714,183.403528376035,"BIC",1
"214","ENSGT00390000009595.Euteleostomi.001.nt",62,2451,3930,2723.85483870968,224.721747564988,"AIC",1
"215","ENSGT00390000009595.Euteleostomi.001.nt",62,2451,3930,2723.85483870968,224.721747564988,"AICc",1
"216","ENSGT00390000009595.Euteleostomi.001.nt",62,2451,3930,2723.85483870968,224.721747564988,"BIC",1
"217","ENSGT00390000005730.Euteleostomi.001.nt",61,915,1002,929.606557377049,12.9322319400334,"AIC",1
"218","ENSGT00390000005730.Euteleostomi.001.nt",61,915,1002,929.606557377049,12.9322319400334,"AICc",1
"219","ENSGT00390000005730.Euteleostomi.001.nt",61,915,1002,929.606557377049,12.9322319400334,"BIC",1
"220","ENSGT00390000017146.Euteleostomi.001.nt",52,1179,1530,1385.42307692308,74.9424213368977,"AIC",1
"221","ENSGT00390000017146.Euteleostomi.001.nt",52,1179,1530,1385.42307692308,74.9424213368977,"AICc",1
"222","ENSGT00390000017146.Euteleostomi.001.nt",52,1179,1530,1385.42307692308,74.9424213368977,"BIC",1
"223","ENSGT00390000000455.Euteleostomi.001.nt",50,2196,2766,2571.78,203.186984357377,"AIC",1
"224","ENSGT00390000000455.Euteleostomi.001.nt",50,2196,2766,2571.78,203.186984357377,"AICc",1
"225","ENSGT00390000000455.Euteleostomi.001.nt",50,2196,2766,2571.78,203.186984357377,"BIC",1
"226","ENSGT00390000018573.Euteleostomi.001.nt",62,936,1266,1133.08064516129,97.4817844921484,"AIC",2
"227","ENSGT00390000018573.Euteleostomi.001.nt",62,936,1266,1133.08064516129,97.4817844921484,"AICc",1
"228","ENSGT00390000018573.Euteleostomi.001.nt",62,936,1266,1133.08064516129,97.4817844921484,"BIC",2
"229","ENSGT00390000008162.Euteleostomi.001.nt",52,714,813,743.480769230769,25.6816791221668,"AIC",2
"230","ENSGT00390000008162.Euteleostomi.001.nt",52,714,813,743.480769230769,25.6816791221668,"AICc",2
"231","ENSGT00390000008162.Euteleostomi.001.nt",52,714,813,743.480769230769,25.6816791221668,"BIC",2
"232","ENSGT00510000046929.Euteleostomi.001.nt",59,2865,3201,3075.61016949153,93.6016904041936,"AIC",1
"233","ENSGT00510000046929.Euteleostomi.001.nt",59,2865,3201,3075.61016949153,93.6016904041936,"AICc",1
"234","ENSGT00510000046929.Euteleostomi.001.nt",59,2865,3201,3075.61016949153,93.6016904041936,"BIC",1
"235","ENSGT00390000006208.Euteleostomi.001.nt",62,852,1041,964.935483870968,48.0648028980759,"AIC",1
"236","ENSGT00390000006208.Euteleostomi.001.nt",62,852,1041,964.935483870968,48.0648028980759,"AICc",1
"237","ENSGT00390000006208.Euteleostomi.001.nt",62,852,1041,964.935483870968,48.0648028980759,"BIC",3
"238","ENSGT00390000009798.Euteleostomi.002.nt",60,1227,1587,1431.85,96.7440840393363,"AIC",2
"239","ENSGT00390000009798.Euteleostomi.002.nt",60,1227,1587,1431.85,96.7440840393363,"AICc",2
"240","ENSGT00390000009798.Euteleostomi.002.nt",60,1227,1587,1431.85,96.7440840393363,"BIC",2
"241","ENSGT00390000002143.Euteleostomi.001.nt",60,2409,2670,2465.75,39.4889493231216,"AIC",1
"242","ENSGT00390000002143.Euteleostomi.001.nt",60,2409,2670,2465.75,39.4889493231216,"AICc",1
"243","ENSGT00390000002143.Euteleostomi.001.nt",60,2409,2670,2465.75,39.4889493231216,"BIC",1
"244","ENSGT00390000005092.Euteleostomi.001.nt",63,606,654,614.190476190476,8.45454094985713,"AIC",4
"245","ENSGT00390000005092.Euteleostomi.001.nt",63,606,654,614.190476190476,8.45454094985713,"AICc",2
"246","ENSGT00390000005092.Euteleostomi.001.nt",63,606,654,614.190476190476,8.45454094985713,"BIC",3
"247","ENSGT00390000005767.Euteleostomi.001.nt",55,1098,1326,1204.69090909091,53.534299398808,"AIC",3
"248","ENSGT00390000005767.Euteleostomi.001.nt",55,1098,1326,1204.69090909091,53.534299398808,"AICc",3
"249","ENSGT00390000005767.Euteleostomi.001.nt",55,1098,1326,1204.69090909091,53.534299398808,"BIC",2
"250","ENSGT00390000016025.Euteleostomi.001.nt",59,1797,1992,1921.8813559322,68.0030640145805,"AIC",2
"251","ENSGT00390000016025.Euteleostomi.001.nt",59,1797,1992,1921.8813559322,68.0030640145805,"AICc",2
"252","ENSGT00390000016025.Euteleostomi.001.nt",59,1797,1992,1921.8813559322,68.0030640145805,"BIC",2
"253","ENSGT00390000009331.Euteleostomi.001.nt",60,846,885,858.3,8.51578792994498,"AIC",1
"254","ENSGT00390000009331.Euteleostomi.001.nt",60,846,885,858.3,8.51578792994498,"AICc",2
"255","ENSGT00390000009331.Euteleostomi.001.nt",60,846,885,858.3,8.51578792994498,"BIC",1
"256","ENSGT00390000016402.Euteleostomi.001.nt",56,705,891,800.196428571429,80.6071099148901,"AIC",2
"257","ENSGT00390000016402.Euteleostomi.001.nt",56,705,891,800.196428571429,80.6071099148901,"AICc",2
"258","ENSGT00390000016402.Euteleostomi.001.nt",56,705,891,800.196428571429,80.6071099148901,"BIC",2
"259","ENSGT00440000037877.Euteleostomi.001.nt",60,1575,2259,1856.05,131.514312554869,"AIC",2
"260","ENSGT00440000037877.Euteleostomi.001.nt",60,1575,2259,1856.05,131.514312554869,"AICc",2
"261","ENSGT00440000037877.Euteleostomi.001.nt",60,1575,2259,1856.05,131.514312554869,"BIC",2
"262","ENSGT00390000003140.Euteleostomi.001.nt",52,3396,4086,3766.44230769231,202.93188400917,"AIC",1
"263","ENSGT00390000003140.Euteleostomi.001.nt",52,3396,4086,3766.44230769231,202.93188400917,"AICc",1
"264","ENSGT00390000003140.Euteleostomi.001.nt",52,3396,4086,3766.44230769231,202.93188400917,"BIC",1
"265","ENSGT00390000011821.Euteleostomi.001.nt",55,975,2373,1872.05454545455,425.970457077754,"AIC",1
"266","ENSGT00390000011821.Euteleostomi.001.nt",55,975,2373,1872.05454545455,425.970457077754,"AICc",1
"267","ENSGT00390000011821.Euteleostomi.001.nt",55,975,2373,1872.05454545455,425.970457077754,"BIC",1
"268","ENSGT00520000055580.Euteleostomi.001.nt",51,4581,6405,5764.35294117647,626.35583572054,"AIC",1
"269","ENSGT00520000055580.Euteleostomi.001.nt",51,4581,6405,5764.35294117647,626.35583572054,"AICc",1
"270","ENSGT00520000055580.Euteleostomi.001.nt",51,4581,6405,5764.35294117647,626.35583572054,"BIC",2
"271","ENSGT00390000008002.Euteleostomi.001.nt",58,924,1077,1003.70689655172,42.8747701628292,"AIC",5
"272","ENSGT00390000008002.Euteleostomi.001.nt",58,924,1077,1003.70689655172,42.8747701628292,"AICc",5
"273","ENSGT00390000008002.Euteleostomi.001.nt",58,924,1077,1003.70689655172,42.8747701628292,"BIC",3
"274","ENSGT00390000009278.Euteleostomi.001.nt",50,693,858,754.38,28.5327523941115,"AIC",1
"275","ENSGT00390000009278.Euteleostomi.001.nt",50,693,858,754.38,28.5327523941115,"AICc",1
"276","ENSGT00390000009278.Euteleostomi.001.nt",50,693,858,754.38,28.5327523941115,"BIC",2
"277","ENSGT00410000025596.Euteleostomi.001.nt",51,1578,1743,1652.88235294118,57.5654921142254,"AIC",2
"278","ENSGT00410000025596.Euteleostomi.001.nt",51,1578,1743,1652.88235294118,57.5654921142254,"AICc",2
"279","ENSGT00410000025596.Euteleostomi.001.nt",51,1578,1743,1652.88235294118,57.5654921142254,"BIC",1
"280","ENSGT00440000038338.Euteleostomi.001.nt",51,2733,3408,3182.52941176471,151.23139263277,"AIC",4
"281","ENSGT00440000038338.Euteleostomi.001.nt",51,2733,3408,3182.52941176471,151.23139263277,"AICc",4
"282","ENSGT00440000038338.Euteleostomi.001.nt",51,2733,3408,3182.52941176471,151.23139263277,"BIC",1
"283","ENSGT00390000011747.Euteleostomi.001.nt",51,639,909,683.705882352941,51.9554786784405,"AIC",3
"284","ENSGT00390000011747.Euteleostomi.001.nt",51,639,909,683.705882352941,51.9554786784405,"AICc",3
"285","ENSGT00390000011747.Euteleostomi.001.nt",51,639,909,683.705882352941,51.9554786784405,"BIC",1
"286","ENSGT00530000063035.Euteleostomi.002.nt",51,669,843,737.529411764706,37.6920962225114,"AIC",3
"287","ENSGT00530000063035.Euteleostomi.002.nt",51,669,843,737.529411764706,37.6920962225114,"AICc",3
"288","ENSGT00530000063035.Euteleostomi.002.nt",51,669,843,737.529411764706,37.6920962225114,"BIC",2
"289","ENSGT00390000007681.Euteleostomi.001.nt",57,870,1086,914.684210526316,61.6349152830998,"AIC",1
"290","ENSGT00390000007681.Euteleostomi.001.nt",57,870,1086,914.684210526316,61.6349152830998,"AICc",1
"291","ENSGT00390000007681.Euteleostomi.001.nt",57,870,1086,914.684210526316,61.6349152830998,"BIC",1
"292","ENSGT00390000004600.Euteleostomi.001.nt",58,4380,4674,4572.8275862069,72.32993069797,"AIC",1
"293","ENSGT00390000004600.Euteleostomi.001.nt",58,4380,4674,4572.8275862069,72.32993069797,"AICc",1
"294","ENSGT00390000004600.Euteleostomi.001.nt",58,4380,4674,4572.8275862069,72.32993069797,"BIC",1
"295","ENSGT00450000040316.Euteleostomi.001.nt",52,1743,2541,2205.69230769231,288.227003297512,"AIC",2
"296","ENSGT00450000040316.Euteleostomi.001.nt",52,1743,2541,2205.69230769231,288.227003297512,"AICc",2
"297","ENSGT00450000040316.Euteleostomi.001.nt",52,1743,2541,2205.69230769231,288.227003297512,"BIC",2
"298","ENSGT00530000062941.Euteleostomi.002.nt",52,1701,2322,2012.25,276.176973312829,"AIC",1
"299","ENSGT00530000062941.Euteleostomi.002.nt",52,1701,2322,2012.25,276.176973312829,"AICc",1
"300","ENSGT00530000062941.Euteleostomi.002.nt",52,1701,2322,2012.25,276.176973312829,"BIC",1
"301","ENSGT00390000016313.Euteleostomi.001.nt",52,2577,3030,2627.71153846154,63.2509277738548,"AIC",2
"302","ENSGT00390000016313.Euteleostomi.001.nt",52,2577,3030,2627.71153846154,63.2509277738548,"AICc",2
"303","ENSGT00390000016313.Euteleostomi.001.nt",52,2577,3030,2627.71153846154,63.2509277738548,"BIC",1
"304","ENSGT00390000017671.Euteleostomi.001.nt",60,1140,1425,1207.8,45.336706421536,"AIC",2
"305","ENSGT00390000017671.Euteleostomi.001.nt",60,1140,1425,1207.8,45.336706421536,"AICc",2
"306","ENSGT00390000017671.Euteleostomi.001.nt",60,1140,1425,1207.8,45.336706421536,"BIC",2
"307","ENSGT00390000008565.Euteleostomi.001.nt",61,1740,2001,1817.31147540984,62.3571810843538,"AIC",1
"308","ENSGT00390000008565.Euteleostomi.001.nt",61,1740,2001,1817.31147540984,62.3571810843538,"AICc",1
"309","ENSGT00390000008565.Euteleostomi.001.nt",61,1740,2001,1817.31147540984,62.3571810843538,"BIC",1
"310","ENSGT00530000062977.Euteleostomi.001.nt",59,1311,1650,1538.4406779661,59.9882951762519,"AIC",1
"311","ENSGT00530000062977.Euteleostomi.001.nt",59,1311,1650,1538.4406779661,59.9882951762519,"AICc",1
"312","ENSGT00530000062977.Euteleostomi.001.nt",59,1311,1650,1538.4406779661,59.9882951762519,"BIC",1
"313","ENSGT00390000009222.Euteleostomi.001.nt",56,1650,1761,1714.55357142857,24.5992754090309,"AIC",1
"314","ENSGT00390000009222.Euteleostomi.001.nt",56,1650,1761,1714.55357142857,24.5992754090309,"AICc",1
"315","ENSGT00390000009222.Euteleostomi.001.nt",56,1650,1761,1714.55357142857,24.5992754090309,"BIC",2
"316","ENSGT00390000018612.Euteleostomi.001.nt",61,2046,2214,2140.96721311475,49.2764200583859,"AIC",1
"317","ENSGT00390000018612.Euteleostomi.001.nt",61,2046,2214,2140.96721311475,49.2764200583859,"AICc",1
"318","ENSGT00390000018612.Euteleostomi.001.nt",61,2046,2214,2140.96721311475,49.2764200583859,"BIC",1
"319","ENSGT00390000002174.Euteleostomi.001.nt",57,1149,1446,1276.89473684211,69.3430097956441,"AIC",1
"320","ENSGT00390000002174.Euteleostomi.001.nt",57,1149,1446,1276.89473684211,69.3430097956441,"AICc",1
"321","ENSGT00390000002174.Euteleostomi.001.nt",57,1149,1446,1276.89473684211,69.3430097956441,"BIC",2
"322","ENSGT00410000025651.Euteleostomi.001.nt",58,2607,2838,2698.03448275862,41.0014828646012,"AIC",2
"323","ENSGT00410000025651.Euteleostomi.001.nt",58,2607,2838,2698.03448275862,41.0014828646012,"AICc",1
"324","ENSGT00410000025651.Euteleostomi.001.nt",58,2607,2838,2698.03448275862,41.0014828646012,"BIC",3
"325","ENSGT00510000046704.Euteleostomi.001.nt",52,2292,2973,2559.28846153846,231.448578673829,"AIC",1
"326","ENSGT00510000046704.Euteleostomi.001.nt",52,2292,2973,2559.28846153846,231.448578673829,"AICc",1
"327","ENSGT00510000046704.Euteleostomi.001.nt",52,2292,2973,2559.28846153846,231.448578673829,"BIC",1
"328","ENSGT00390000008991.Euteleostomi.001.nt",63,726,795,758.952380952381,13.1375214574928,"AIC",2
"329","ENSGT00390000008991.Euteleostomi.001.nt",63,726,795,758.952380952381,13.1375214574928,"AICc",3
"330","ENSGT00390000008991.Euteleostomi.001.nt",63,726,795,758.952380952381,13.1375214574928,"BIC",2
"331","ENSGT00390000001390.Euteleostomi.001.nt",53,759,960,857.660377358491,63.3388152339423,"AIC",1
"332","ENSGT00390000001390.Euteleostomi.001.nt",53,759,960,857.660377358491,63.3388152339423,"AICc",1
"333","ENSGT00390000001390.Euteleostomi.001.nt",53,759,960,857.660377358491,63.3388152339423,"BIC",1
"334","ENSGT00520000055542.Euteleostomi.003.nt",61,828,1107,1002.73770491803,57.4081590134318,"AIC",2
"335","ENSGT00520000055542.Euteleostomi.003.nt",61,828,1107,1002.73770491803,57.4081590134318,"AICc",2
"336","ENSGT00520000055542.Euteleostomi.003.nt",61,828,1107,1002.73770491803,57.4081590134318,"BIC",3
"337","ENSGT00390000017581.Euteleostomi.001.nt",52,684,771,707.538461538462,27.1166409644441,"AIC",1
"338","ENSGT00390000017581.Euteleostomi.001.nt",52,684,771,707.538461538462,27.1166409644441,"AICc",1
"339","ENSGT00390000017581.Euteleostomi.001.nt",52,684,771,707.538461538462,27.1166409644441,"BIC",1
"340","ENSGT00510000046989.Euteleostomi.001.nt",57,639,888,760.157894736842,55.9894089071713,"AIC",2
"341","ENSGT00510000046989.Euteleostomi.001.nt",57,639,888,760.157894736842,55.9894089071713,"AICc",2
"342","ENSGT00510000046989.Euteleostomi.001.nt",57,639,888,760.157894736842,55.9894089071713,"BIC",1
"343","ENSGT00530000063036.Euteleostomi.003.nt",62,1191,1563,1337.12903225806,53.8998719153464,"AIC",2
"344","ENSGT00530000063036.Euteleostomi.003.nt",62,1191,1563,1337.12903225806,53.8998719153464,"AICc",2
"345","ENSGT00530000063036.Euteleostomi.003.nt",62,1191,1563,1337.12903225806,53.8998719153464,"BIC",1
"346","ENSGT00440000033589.Euteleostomi.001.nt",55,1098,1680,1317.81818181818,103.227022536825,"AIC",2
"347","ENSGT00440000033589.Euteleostomi.001.nt",55,1098,1680,1317.81818181818,103.227022536825,"AICc",2
"348","ENSGT00440000033589.Euteleostomi.001.nt",55,1098,1680,1317.81818181818,103.227022536825,"BIC",1
"349","ENSGT00530000062893.Euteleostomi.001.nt",62,1440,1713,1612.59677419355,72.4651323000217,"AIC",1
"350","ENSGT00530000062893.Euteleostomi.001.nt",62,1440,1713,1612.59677419355,72.4651323000217,"AICc",1
"351","ENSGT00530000062893.Euteleostomi.001.nt",62,1440,1713,1612.59677419355,72.4651323000217,"BIC",1
"352","ENSGT00530000063002.Euteleostomi.002.nt",54,1443,1608,1515,36.2678713266444,"AIC",1
"353","ENSGT00530000063002.Euteleostomi.002.nt",54,1443,1608,1515,36.2678713266444,"AICc",1
"354","ENSGT00530000063002.Euteleostomi.002.nt",54,1443,1608,1515,36.2678713266444,"BIC",1
"355","ENSGT00390000015092.Euteleostomi.002.nt",60,1710,2070,1960.25,91.6697508469341,"AIC",1
"356","ENSGT00390000015092.Euteleostomi.002.nt",60,1710,2070,1960.25,91.6697508469341,"AICc",1
"357","ENSGT00390000015092.Euteleostomi.002.nt",60,1710,2070,1960.25,91.6697508469341,"BIC",1
"358","ENSGT00530000063047.Euteleostomi.003.nt",57,1263,1434,1373.47368421053,47.7587334059578,"AIC",1
"359","ENSGT00530000063047.Euteleostomi.003.nt",57,1263,1434,1373.47368421053,47.7587334059578,"AICc",1
"360","ENSGT00530000063047.Euteleostomi.003.nt",57,1263,1434,1373.47368421053,47.7587334059578,"BIC",1
"361","ENSGT00390000005703.Euteleostomi.001.nt",62,1293,2748,1643.75806451613,233.944065437808,"AIC",1
"362","ENSGT00390000005703.Euteleostomi.001.nt",62,1293,2748,1643.75806451613,233.944065437808,"AICc",1
"363","ENSGT00390000005703.Euteleostomi.001.nt",62,1293,2748,1643.75806451613,233.944065437808,"BIC",4
"364","ENSGT00400000022032.Euteleostomi.001.nt",61,699,1218,954.196721311475,137.965070419066,"AIC",2
"365","ENSGT00400000022032.Euteleostomi.001.nt",61,699,1218,954.196721311475,137.965070419066,"AICc",2
"366","ENSGT00400000022032.Euteleostomi.001.nt",61,699,1218,954.196721311475,137.965070419066,"BIC",1
"367","ENSGT00390000007586.Euteleostomi.001.nt",60,1485,1737,1680.75,61.2396307376306,"AIC",2
"368","ENSGT00390000007586.Euteleostomi.001.nt",60,1485,1737,1680.75,61.2396307376306,"AICc",2
"369","ENSGT00390000007586.Euteleostomi.001.nt",60,1485,1737,1680.75,61.2396307376306,"BIC",3
"370","ENSGT00390000012305.Euteleostomi.001.nt",52,735,1302,997.903846153846,148.324797236043,"AIC",2
"371","ENSGT00390000012305.Euteleostomi.001.nt",52,735,1302,997.903846153846,148.324797236043,"AICc",1
"372","ENSGT00390000012305.Euteleostomi.001.nt",52,735,1302,997.903846153846,148.324797236043,"BIC",1
"373","ENSGT00450000040408.Euteleostomi.001.nt",55,1047,2730,1661.72727272727,391.654725801214,"AIC",3
"374","ENSGT00450000040408.Euteleostomi.001.nt",55,1047,2730,1661.72727272727,391.654725801214,"AICc",2
"375","ENSGT00450000040408.Euteleostomi.001.nt",55,1047,2730,1661.72727272727,391.654725801214,"BIC",3
"376","ENSGT00390000015510.Euteleostomi.001.nt",56,1491,1857,1696.23214285714,83.9138066592855,"AIC",1
"377","ENSGT00390000015510.Euteleostomi.001.nt",56,1491,1857,1696.23214285714,83.9138066592855,"AICc",1
"378","ENSGT00390000015510.Euteleostomi.001.nt",56,1491,1857,1696.23214285714,83.9138066592855,"BIC",1
"379","ENSGT00390000006046.Euteleostomi.001.nt",51,1809,2586,2082.70588235294,180.788859625547,"AIC",3
"380","ENSGT00390000006046.Euteleostomi.001.nt",51,1809,2586,2082.70588235294,180.788859625547,"AICc",3
"381","ENSGT00390000006046.Euteleostomi.001.nt",51,1809,2586,2082.70588235294,180.788859625547,"BIC",2
"382","ENSGT00410000025758.Euteleostomi.001.nt",57,3594,5865,4427.21052631579,453.858290377471,"AIC",1
"383","ENSGT00410000025758.Euteleostomi.001.nt",57,3594,5865,4427.21052631579,453.858290377471,"AICc",1
"384","ENSGT00410000025758.Euteleostomi.001.nt",57,3594,5865,4427.21052631579,453.858290377471,"BIC",1
"385","ENSGT00510000047351.Euteleostomi.001.nt",54,618,741,687.5,22.6138628379326,"AIC",2
"386","ENSGT00510000047351.Euteleostomi.001.nt",54,618,741,687.5,22.6138628379326,"AICc",2
"387","ENSGT00510000047351.Euteleostomi.001.nt",54,618,741,687.5,22.6138628379326,"BIC",1
"388","ENSGT00410000025793.Euteleostomi.001.nt",60,1833,3501,2619.45,575.992538352094,"AIC",2
"389","ENSGT00410000025793.Euteleostomi.001.nt",60,1833,3501,2619.45,575.992538352094,"AICc",2
"390","ENSGT00410000025793.Euteleostomi.001.nt",60,1833,3501,2619.45,575.992538352094,"BIC",2
"391","ENSGT00390000009391.Euteleostomi.001.nt",50,3177,3663,3411.42,89.4041705642735,"AIC",1
"392","ENSGT00390000009391.Euteleostomi.001.nt",50,3177,3663,3411.42,89.4041705642735,"AICc",1
"393","ENSGT00390000009391.Euteleostomi.001.nt",50,3177,3663,3411.42,89.4041705642735,"BIC",1
"394","ENSGT00530000062961.Euteleostomi.002.nt",60,1155,2325,1615.85,233.632757237159,"AIC",1
"395","ENSGT00530000062961.Euteleostomi.002.nt",60,1155,2325,1615.85,233.632757237159,"AICc",1
"396","ENSGT00530000062961.Euteleostomi.002.nt",60,1155,2325,1615.85,233.632757237159,"BIC",3
"397","ENSGT00530000062893.Euteleostomi.003.nt",60,1470,1728,1640.8,72.747951220496,"AIC",1
"398","ENSGT00530000062893.Euteleostomi.003.nt",60,1470,1728,1640.8,72.747951220496,"AICc",1
"399","ENSGT00530000062893.Euteleostomi.003.nt",60,1470,1728,1640.8,72.747951220496,"BIC",1
"400","ENSGT00390000006494.Euteleostomi.001.nt",56,609,771,668.732142857143,41.7549087245728,"AIC",3
"401","ENSGT00390000006494.Euteleostomi.001.nt",56,609,771,668.732142857143,41.7549087245728,"AICc",3
"402","ENSGT00390000006494.Euteleostomi.001.nt",56,609,771,668.732142857143,41.7549087245728,"BIC",4
"403","ENSGT00530000063039.Euteleostomi.001.nt",59,3720,5328,4636.52542372881,638.76619639179,"AIC",1
"404","ENSGT00530000063039.Euteleostomi.001.nt",59,3720,5328,4636.52542372881,638.76619639179,"AICc",1
"405","ENSGT00530000063039.Euteleostomi.001.nt",59,3720,5328,4636.52542372881,638.76619639179,"BIC",2
"406","ENSGT00390000013146.Euteleostomi.005.nt",61,813,1008,863.459016393443,34.3606236703642,"AIC",1
"407","ENSGT00390000013146.Euteleostomi.005.nt",61,813,1008,863.459016393443,34.3606236703642,"AICc",1
"408","ENSGT00390000013146.Euteleostomi.005.nt",61,813,1008,863.459016393443,34.3606236703642,"BIC",2
"409","ENSGT00500000044813.Euteleostomi.002.nt",52,1437,1974,1784.25,103.739280098206,"AIC",1
"410","ENSGT00500000044813.Euteleostomi.002.nt",52,1437,1974,1784.25,103.739280098206,"AICc",1
"411","ENSGT00500000044813.Euteleostomi.002.nt",52,1437,1974,1784.25,103.739280098206,"BIC",2
"412","ENSGT00510000046525.Euteleostomi.001.nt",59,618,795,660.661016949153,51.348911337045,"AIC",3
"413","ENSGT00510000046525.Euteleostomi.001.nt",59,618,795,660.661016949153,51.348911337045,"AICc",2
"414","ENSGT00510000046525.Euteleostomi.001.nt",59,618,795,660.661016949153,51.348911337045,"BIC",2
"415","ENSGT00410000025615.Euteleostomi.001.nt",60,711,903,804.1,48.4333195298233,"AIC",2
"416","ENSGT00410000025615.Euteleostomi.001.nt",60,711,903,804.1,48.4333195298233,"AICc",2
"417","ENSGT00410000025615.Euteleostomi.001.nt",60,711,903,804.1,48.4333195298233,"BIC",1
"418","ENSGT00390000008279.Euteleostomi.001.nt",62,927,1065,996.870967741935,29.4609960940122,"AIC",1
"419","ENSGT00390000008279.Euteleostomi.001.nt",62,927,1065,996.870967741935,29.4609960940122,"AICc",1
"420","ENSGT00390000008279.Euteleostomi.001.nt",62,927,1065,996.870967741935,29.4609960940122,"BIC",3
"421","ENSGT00530000063045.Euteleostomi.006.nt",61,906,1185,1042.62295081967,38.8789420013912,"AIC",1
"422","ENSGT00530000063045.Euteleostomi.006.nt",61,906,1185,1042.62295081967,38.8789420013912,"AICc",1
"423","ENSGT00530000063045.Euteleostomi.006.nt",61,906,1185,1042.62295081967,38.8789420013912,"BIC",4
"424","ENSGT00390000014213.Euteleostomi.001.nt",55,1185,1371,1286.12727272727,57.1188022962455,"AIC",2
"425","ENSGT00390000014213.Euteleostomi.001.nt",55,1185,1371,1286.12727272727,57.1188022962455,"AICc",2
"426","ENSGT00390000014213.Euteleostomi.001.nt",55,1185,1371,1286.12727272727,57.1188022962455,"BIC",2
"427","ENSGT00390000001626.Euteleostomi.001.nt",57,741,879,776.105263157895,23.3824447354102,"AIC",1
"428","ENSGT00390000001626.Euteleostomi.001.nt",57,741,879,776.105263157895,23.3824447354102,"AICc",1
"429","ENSGT00390000001626.Euteleostomi.001.nt",57,741,879,776.105263157895,23.3824447354102,"BIC",1
"430","ENSGT00390000015700.Euteleostomi.001.nt",54,1362,1608,1440.27777777778,44.0571741172192,"AIC",2
"431","ENSGT00390000015700.Euteleostomi.001.nt",54,1362,1608,1440.27777777778,44.0571741172192,"AICc",2
"432","ENSGT00390000015700.Euteleostomi.001.nt",54,1362,1608,1440.27777777778,44.0571741172192,"BIC",1
"433","ENSGT00390000000948.Euteleostomi.003.nt",62,861,1149,966.870967741935,71.1017474298116,"AIC",1
"434","ENSGT00390000000948.Euteleostomi.003.nt",62,861,1149,966.870967741935,71.1017474298116,"AICc",2
"435","ENSGT00390000000948.Euteleostomi.003.nt",62,861,1149,966.870967741935,71.1017474298116,"BIC",2
"436","ENSGT00390000008164.Euteleostomi.001.nt",56,1149,1365,1321.55357142857,47.004417449217,"AIC",2
"437","ENSGT00390000008164.Euteleostomi.001.nt",56,1149,1365,1321.55357142857,47.004417449217,"AICc",2
"438","ENSGT00390000008164.Euteleostomi.001.nt",56,1149,1365,1321.55357142857,47.004417449217,"BIC",1
"439","ENSGT00530000062937.Euteleostomi.003.nt",53,1707,2040,1888.24528301887,89.6153973850256,"AIC",2
"440","ENSGT00530000062937.Euteleostomi.003.nt",53,1707,2040,1888.24528301887,89.6153973850256,"AICc",2
"441","ENSGT00530000062937.Euteleostomi.003.nt",53,1707,2040,1888.24528301887,89.6153973850256,"BIC",3
"442","ENSGT00390000003950.Euteleostomi.002.nt",55,2169,2298,2222.18181818182,21.8971424730454,"AIC",1
"443","ENSGT00390000003950.Euteleostomi.002.nt",55,2169,2298,2222.18181818182,21.8971424730454,"AICc",1
"444","ENSGT00390000003950.Euteleostomi.002.nt",55,2169,2298,2222.18181818182,21.8971424730454,"BIC",1
"445","ENSGT00390000017365.Euteleostomi.001.nt",61,2703,2835,2754.09836065574,19.0444260594649,"AIC",1
"446","ENSGT00390000017365.Euteleostomi.001.nt",61,2703,2835,2754.09836065574,19.0444260594649,"AICc",1
"447","ENSGT00390000017365.Euteleostomi.001.nt",61,2703,2835,2754.09836065574,19.0444260594649,"BIC",1
"448","ENSGT00390000010157.Euteleostomi.001.nt",60,897,993,927.5,17.8653153211866,"AIC",2
"449","ENSGT00390000010157.Euteleostomi.001.nt",60,897,993,927.5,17.8653153211866,"AICc",2
"450","ENSGT00390000010157.Euteleostomi.001.nt",60,897,993,927.5,17.8653153211866,"BIC",1
"451","ENSGT00390000002812.Euteleostomi.004.nt",57,2343,2553,2467.68421052632,43.0880153600647,"AIC",1
"452","ENSGT00390000002812.Euteleostomi.004.nt",57,2343,2553,2467.68421052632,43.0880153600647,"AICc",1
"453","ENSGT00390000002812.Euteleostomi.004.nt",57,2343,2553,2467.68421052632,43.0880153600647,"BIC",1
"454","ENSGT00390000008456.Euteleostomi.001.nt",54,876,984,896.777777777778,15.6466485249364,"AIC",1
"455","ENSGT00390000008456.Euteleostomi.001.nt",54,876,984,896.777777777778,15.6466485249364,"AICc",2
"456","ENSGT00390000008456.Euteleostomi.001.nt",54,876,984,896.777777777778,15.6466485249364,"BIC",1
"457","ENSGT00390000010600.Euteleostomi.001.nt",62,636,1071,780.241935483871,126.80689921292,"AIC",1
"458","ENSGT00390000010600.Euteleostomi.001.nt",62,636,1071,780.241935483871,126.80689921292,"AICc",1
"459","ENSGT00390000010600.Euteleostomi.001.nt",62,636,1071,780.241935483871,126.80689921292,"BIC",1
"460","ENSGT00390000009905.Euteleostomi.001.nt",53,1464,1782,1558.98113207547,58.7522472781444,"AIC",2
"461","ENSGT00390000009905.Euteleostomi.001.nt",53,1464,1782,1558.98113207547,58.7522472781444,"AICc",2
"462","ENSGT00390000009905.Euteleostomi.001.nt",53,1464,1782,1558.98113207547,58.7522472781444,"BIC",4
"463","ENSGT00390000010091.Euteleostomi.001.nt",56,2268,2937,2443.17857142857,118.005717448984,"AIC",1
"464","ENSGT00390000010091.Euteleostomi.001.nt",56,2268,2937,2443.17857142857,118.005717448984,"AICc",1
"465","ENSGT00390000010091.Euteleostomi.001.nt",56,2268,2937,2443.17857142857,118.005717448984,"BIC",1
"466","ENSGT00390000001586.Euteleostomi.001.nt",60,990,1245,1117.2,49.7668462236743,"AIC",2
"467","ENSGT00390000001586.Euteleostomi.001.nt",60,990,1245,1117.2,49.7668462236743,"AICc",3
"468","ENSGT00390000001586.Euteleostomi.001.nt",60,990,1245,1117.2,49.7668462236743,"BIC",2
"469","ENSGT00390000016529.Euteleostomi.002.nt",59,1314,2031,1780.67796610169,218.769792458519,"AIC",1
"470","ENSGT00390000016529.Euteleostomi.002.nt",59,1314,2031,1780.67796610169,218.769792458519,"AICc",1
"471","ENSGT00390000016529.Euteleostomi.002.nt",59,1314,2031,1780.67796610169,218.769792458519,"BIC",1
"472","ENSGT00390000017920.Euteleostomi.002.nt",51,1044,1734,1406.35294117647,125.957583897027,"AIC",1
"473","ENSGT00390000017920.Euteleostomi.002.nt",51,1044,1734,1406.35294117647,125.957583897027,"AICc",1
"474","ENSGT00390000017920.Euteleostomi.002.nt",51,1044,1734,1406.35294117647,125.957583897027,"BIC",2
"475","ENSGT00390000016421.Euteleostomi.001.nt",57,6600,7431,7078.21052631579,276.378734506145,"AIC",1
"476","ENSGT00390000016421.Euteleostomi.001.nt",57,6600,7431,7078.21052631579,276.378734506145,"AICc",1
"477","ENSGT00390000016421.Euteleostomi.001.nt",57,6600,7431,7078.21052631579,276.378734506145,"BIC",1
"478","ENSGT00390000005434.Euteleostomi.001.nt",56,777,1158,905.464285714286,84.0917170898352,"AIC",2
"479","ENSGT00390000005434.Euteleostomi.001.nt",56,777,1158,905.464285714286,84.0917170898352,"AICc",2
"480","ENSGT00390000005434.Euteleostomi.001.nt",56,777,1158,905.464285714286,84.0917170898352,"BIC",1
"481","ENSGT00440000039028.Euteleostomi.001.nt",58,1029,1986,1538.68965517241,322.929855340219,"AIC",2
"482","ENSGT00440000039028.Euteleostomi.001.nt",58,1029,1986,1538.68965517241,322.929855340219,"AICc",2
"483","ENSGT00440000039028.Euteleostomi.001.nt",58,1029,1986,1538.68965517241,322.929855340219,"BIC",1
"484","ENSGT00530000063026.Euteleostomi.001.nt",60,2835,3720,3375.45,241.718734503905,"AIC",1
"485","ENSGT00530000063026.Euteleostomi.001.nt",60,2835,3720,3375.45,241.718734503905,"AICc",1
"486","ENSGT00530000063026.Euteleostomi.001.nt",60,2835,3720,3375.45,241.718734503905,"BIC",1
"487","ENSGT00510000046443.Euteleostomi.002.nt",61,2568,3723,3093.73770491803,293.293874333085,"AIC",1
"488","ENSGT00510000046443.Euteleostomi.002.nt",61,2568,3723,3093.73770491803,293.293874333085,"AICc",1
"489","ENSGT00510000046443.Euteleostomi.002.nt",61,2568,3723,3093.73770491803,293.293874333085,"BIC",1
"490","ENSGT00390000017273.Euteleostomi.001.nt",55,1365,2181,1840.2,319.51817892988,"AIC",2
"491","ENSGT00390000017273.Euteleostomi.001.nt",55,1365,2181,1840.2,319.51817892988,"AICc",2
"492","ENSGT00390000017273.Euteleostomi.001.nt",55,1365,2181,1840.2,319.51817892988,"BIC",1
"493","ENSGT00390000001046.Euteleostomi.005.nt",54,1224,1449,1293.38888888889,67.1150565641575,"AIC",2
"494","ENSGT00390000001046.Euteleostomi.005.nt",54,1224,1449,1293.38888888889,67.1150565641575,"AICc",2
"495","ENSGT00390000001046.Euteleostomi.005.nt",54,1224,1449,1293.38888888889,67.1150565641575,"BIC",1
"496","ENSGT00390000001132.Euteleostomi.001.nt",60,1272,1503,1382.8,50.2356480896091,"AIC",2
"497","ENSGT00390000001132.Euteleostomi.001.nt",60,1272,1503,1382.8,50.2356480896091,"AICc",2
"498","ENSGT00390000001132.Euteleostomi.001.nt",60,1272,1503,1382.8,50.2356480896091,"BIC",1
"499","ENSGT00390000005717.Euteleostomi.001.nt",54,612,771,653.833333333333,40.6998910572924,"AIC",1
"500","ENSGT00390000005717.Euteleostomi.001.nt",54,612,771,653.833333333333,40.6998910572924,"AICc",1
"501","ENSGT00390000005717.Euteleostomi.001.nt",54,612,771,653.833333333333,40.6998910572924,"BIC",2
"502","ENSGT00390000002740.Euteleostomi.001.nt",57,1710,2076,1861.84210526316,87.8836059540613,"AIC",3
"503","ENSGT00390000002740.Euteleostomi.001.nt",57,1710,2076,1861.84210526316,87.8836059540613,"AICc",3
"504","ENSGT00390000002740.Euteleostomi.001.nt",57,1710,2076,1861.84210526316,87.8836059540613,"BIC",3
"505","ENSGT00390000011425.Euteleostomi.001.nt",52,867,960,899.884615384615,15.9848627489908,"AIC",1
"506","ENSGT00390000011425.Euteleostomi.001.nt",52,867,960,899.884615384615,15.9848627489908,"AICc",2
"507","ENSGT00390000011425.Euteleostomi.001.nt",52,867,960,899.884615384615,15.9848627489908,"BIC",1
"508","ENSGT00530000063016.Euteleostomi.002.nt",53,2520,5451,3125.77358490566,843.310341668918,"AIC",1
"509","ENSGT00530000063016.Euteleostomi.002.nt",53,2520,5451,3125.77358490566,843.310341668918,"AICc",1
"510","ENSGT00530000063016.Euteleostomi.002.nt",53,2520,5451,3125.77358490566,843.310341668918,"BIC",1
"511","ENSGT00490000043360.Euteleostomi.001.nt",61,2850,3930,3337.13114754098,237.815157591622,"AIC",2
"512","ENSGT00490000043360.Euteleostomi.001.nt",61,2850,3930,3337.13114754098,237.815157591622,"AICc",2
"513","ENSGT00490000043360.Euteleostomi.001.nt",61,2850,3930,3337.13114754098,237.815157591622,"BIC",1
"514","ENSGT00390000004311.Euteleostomi.001.nt",54,3369,3633,3484.38888888889,89.1273027788283,"AIC",2
"515","ENSGT00390000004311.Euteleostomi.001.nt",54,3369,3633,3484.38888888889,89.1273027788283,"AICc",2
"516","ENSGT00390000004311.Euteleostomi.001.nt",54,3369,3633,3484.38888888889,89.1273027788283,"BIC",2
"517","ENSGT00390000016292.Euteleostomi.001.nt",51,954,1053,1012.47058823529,28.9829970439059,"AIC",1
"518","ENSGT00390000016292.Euteleostomi.001.nt",51,954,1053,1012.47058823529,28.9829970439059,"AICc",2
"519","ENSGT00390000016292.Euteleostomi.001.nt",51,954,1053,1012.47058823529,28.9829970439059,"BIC",1
"520","ENSGT00390000009532.Euteleostomi.001.nt",62,1083,1686,1188.53225806452,85.3461068751937,"AIC",1
"521","ENSGT00390000009532.Euteleostomi.001.nt",62,1083,1686,1188.53225806452,85.3461068751937,"AICc",1
"522","ENSGT00390000009532.Euteleostomi.001.nt",62,1083,1686,1188.53225806452,85.3461068751937,"BIC",1
"523","ENSGT00520000055570.Euteleostomi.001.nt",53,2313,2562,2454.11320754717,63.2165570988872,"AIC",1
"524","ENSGT00520000055570.Euteleostomi.001.nt",53,2313,2562,2454.11320754717,63.2165570988872,"AICc",1
"525","ENSGT00520000055570.Euteleostomi.001.nt",53,2313,2562,2454.11320754717,63.2165570988872,"BIC",2
"526","ENSGT00390000003721.Euteleostomi.001.nt",50,1353,1452,1427.52,20.6281361252053,"AIC",2
"527","ENSGT00390000003721.Euteleostomi.001.nt",50,1353,1452,1427.52,20.6281361252053,"AICc",3
"528","ENSGT00390000003721.Euteleostomi.001.nt",50,1353,1452,1427.52,20.6281361252053,"BIC",3
"529","ENSGT00390000005295.Euteleostomi.002.nt",51,1083,1494,1274.29411764706,114.01513831376,"AIC",2
"530","ENSGT00390000005295.Euteleostomi.002.nt",51,1083,1494,1274.29411764706,114.01513831376,"AICc",2
"531","ENSGT00390000005295.Euteleostomi.002.nt",51,1083,1494,1274.29411764706,114.01513831376,"BIC",1
"532","ENSGT00510000046803.Euteleostomi.001.nt",60,963,1953,1495.75,253.694239093347,"AIC",3
"533","ENSGT00510000046803.Euteleostomi.001.nt",60,963,1953,1495.75,253.694239093347,"AICc",3
"534","ENSGT00510000046803.Euteleostomi.001.nt",60,963,1953,1495.75,253.694239093347,"BIC",3
"535","ENSGT00530000063001.Euteleostomi.002.nt",54,3327,3663,3578.5,77.0862663049015,"AIC",1
"536","ENSGT00530000063001.Euteleostomi.002.nt",54,3327,3663,3578.5,77.0862663049015,"AICc",1
"537","ENSGT00530000063001.Euteleostomi.002.nt",54,3327,3663,3578.5,77.0862663049015,"BIC",2
"538","ENSGT00510000046928.Euteleostomi.001.nt",54,987,1698,1230.11111111111,195.918703458296,"AIC",1
"539","ENSGT00510000046928.Euteleostomi.001.nt",54,987,1698,1230.11111111111,195.918703458296,"AICc",1
"540","ENSGT00510000046928.Euteleostomi.001.nt",54,987,1698,1230.11111111111,195.918703458296,"BIC",3
"541","ENSGT00390000006647.Euteleostomi.001.nt",54,1398,2949,1502.16666666667,222.799745096565,"AIC",1
"542","ENSGT00390000006647.Euteleostomi.001.nt",54,1398,2949,1502.16666666667,222.799745096565,"AICc",1
"543","ENSGT00390000006647.Euteleostomi.001.nt",54,1398,2949,1502.16666666667,222.799745096565,"BIC",1
"544","ENSGT00390000017673.Euteleostomi.002.nt",50,852,1002,938.82,26.4565026149006,"AIC",2
"545","ENSGT00390000017673.Euteleostomi.002.nt",50,852,1002,938.82,26.4565026149006,"AICc",2
"546","ENSGT00390000017673.Euteleostomi.002.nt",50,852,1002,938.82,26.4565026149006,"BIC",1
"547","ENSGT00390000014093.Euteleostomi.001.nt",58,1251,1632,1398.93103448276,106.967590118471,"AIC",1
"548","ENSGT00390000014093.Euteleostomi.001.nt",58,1251,1632,1398.93103448276,106.967590118471,"AICc",1
"549","ENSGT00390000014093.Euteleostomi.001.nt",58,1251,1632,1398.93103448276,106.967590118471,"BIC",1
"550","ENSGT00390000000724.Euteleostomi.001.nt",59,729,987,852,66.745786383861,"AIC",1
"551","ENSGT00390000000724.Euteleostomi.001.nt",59,729,987,852,66.745786383861,"AICc",2
"552","ENSGT00390000000724.Euteleostomi.001.nt",59,729,987,852,66.745786383861,"BIC",2
"553","ENSGT00390000018729.Euteleostomi.001.nt",62,1140,2793,1870.45161290323,743.487543357993,"AIC",2
"554","ENSGT00390000018729.Euteleostomi.001.nt",62,1140,2793,1870.45161290323,743.487543357993,"AICc",2
"555","ENSGT00390000018729.Euteleostomi.001.nt",62,1140,2793,1870.45161290323,743.487543357993,"BIC",2
"556","ENSGT00530000063053.Euteleostomi.001.nt",57,1281,3144,2292.36842105263,686.49405968658,"AIC",2
"557","ENSGT00530000063053.Euteleostomi.001.nt",57,1281,3144,2292.36842105263,686.49405968658,"AICc",2
"558","ENSGT00530000063053.Euteleostomi.001.nt",57,1281,3144,2292.36842105263,686.49405968658,"BIC",3
"559","ENSGT00500000044808.Euteleostomi.002.nt",55,1119,1299,1224.6,40.0099987503124,"AIC",5
"560","ENSGT00500000044808.Euteleostomi.002.nt",55,1119,1299,1224.6,40.0099987503124,"AICc",4
"561","ENSGT00500000044808.Euteleostomi.002.nt",55,1119,1299,1224.6,40.0099987503124,"BIC",2
"562","ENSGT00440000034671.Euteleostomi.001.nt",59,651,858,757.525423728814,44.6342824527961,"AIC",1
"563","ENSGT00440000034671.Euteleostomi.001.nt",59,651,858,757.525423728814,44.6342824527961,"AICc",1
"564","ENSGT00440000034671.Euteleostomi.001.nt",59,651,858,757.525423728814,44.6342824527961,"BIC",1
"565","ENSGT00390000010947.Euteleostomi.003.nt",50,1248,1539,1405.44,53.1091137111482,"AIC",1
"566","ENSGT00390000010947.Euteleostomi.003.nt",50,1248,1539,1405.44,53.1091137111482,"AICc",1
"567","ENSGT00390000010947.Euteleostomi.003.nt",50,1248,1539,1405.44,53.1091137111482,"BIC",2
"568","ENSGT00390000015406.Euteleostomi.001.nt",61,819,1053,927.147540983607,70.98117968062,"AIC",1
"569","ENSGT00390000015406.Euteleostomi.001.nt",61,819,1053,927.147540983607,70.98117968062,"AICc",2
"570","ENSGT00390000015406.Euteleostomi.001.nt",61,819,1053,927.147540983607,70.98117968062,"BIC",1
"571","ENSGT00440000038465.Euteleostomi.001.nt",52,3054,3633,3229.78846153846,145.158647022593,"AIC",1
"572","ENSGT00440000038465.Euteleostomi.001.nt",52,3054,3633,3229.78846153846,145.158647022593,"AICc",1
"573","ENSGT00440000038465.Euteleostomi.001.nt",52,3054,3633,3229.78846153846,145.158647022593,"BIC",3
"574","ENSGT00390000005655.Euteleostomi.001.nt",58,1158,1680,1347.93103448276,158.796003094886,"AIC",1
"575","ENSGT00390000005655.Euteleostomi.001.nt",58,1158,1680,1347.93103448276,158.796003094886,"AICc",1
"576","ENSGT00390000005655.Euteleostomi.001.nt",58,1158,1680,1347.93103448276,158.796003094886,"BIC",1
"577","ENSGT00390000009763.Euteleostomi.002.nt",54,1617,2046,1765.66666666667,119.348229982686,"AIC",2
"578","ENSGT00390000009763.Euteleostomi.002.nt",54,1617,2046,1765.66666666667,119.348229982686,"AICc",2
"579","ENSGT00390000009763.Euteleostomi.002.nt",54,1617,2046,1765.66666666667,119.348229982686,"BIC",1
"580","ENSGT00390000016833.Euteleostomi.001.nt",57,1023,1911,1363.73684210526,316.222600524863,"AIC",2
"581","ENSGT00390000016833.Euteleostomi.001.nt",57,1023,1911,1363.73684210526,316.222600524863,"AICc",3
"582","ENSGT00390000016833.Euteleostomi.001.nt",57,1023,1911,1363.73684210526,316.222600524863,"BIC",3
"583","ENSGT00390000007443.Euteleostomi.001.nt",62,894,1137,971.612903225806,37.9764184115292,"AIC",1
"584","ENSGT00390000007443.Euteleostomi.001.nt",62,894,1137,971.612903225806,37.9764184115292,"AICc",1
"585","ENSGT00390000007443.Euteleostomi.001.nt",62,894,1137,971.612903225806,37.9764184115292,"BIC",1
"586","ENSGT00390000013762.Euteleostomi.001.nt",54,1023,1950,1502.38888888889,148.182627844726,"AIC",1
"587","ENSGT00390000013762.Euteleostomi.001.nt",54,1023,1950,1502.38888888889,148.182627844726,"AICc",1
"588","ENSGT00390000013762.Euteleostomi.001.nt",54,1023,1950,1502.38888888889,148.182627844726,"BIC",3
"589","ENSGT00390000007252.Euteleostomi.001.nt",59,1140,1479,1337.74576271186,104.412080358737,"AIC",3
"590","ENSGT00390000007252.Euteleostomi.001.nt",59,1140,1479,1337.74576271186,104.412080358737,"AICc",4
"591","ENSGT00390000007252.Euteleostomi.001.nt",59,1140,1479,1337.74576271186,104.412080358737,"BIC",1
"592","ENSGT00390000002149.Euteleostomi.001.nt",59,2016,2697,2232.66101694915,139.802028766481,"AIC",1
"593","ENSGT00390000002149.Euteleostomi.001.nt",59,2016,2697,2232.66101694915,139.802028766481,"AICc",1
"594","ENSGT00390000002149.Euteleostomi.001.nt",59,2016,2697,2232.66101694915,139.802028766481,"BIC",1
"595","ENSGT00510000046382.Euteleostomi.001.nt",54,1332,1503,1451.05555555556,43.414812126159,"AIC",3
"596","ENSGT00510000046382.Euteleostomi.001.nt",54,1332,1503,1451.05555555556,43.414812126159,"AICc",2
"597","ENSGT00510000046382.Euteleostomi.001.nt",54,1332,1503,1451.05555555556,43.414812126159,"BIC",1
"598","ENSGT00390000016613.Euteleostomi.001.nt",50,1872,2097,1980.42,47.5347735229437,"AIC",2
"599","ENSGT00390000016613.Euteleostomi.001.nt",50,1872,2097,1980.42,47.5347735229437,"AICc",2
"600","ENSGT00390000016613.Euteleostomi.001.nt",50,1872,2097,1980.42,47.5347735229437,"BIC",3
