dataset,datatype,mean_hamming,median_hamming,sd_hamming
Drosophila,AA,0.28383838383838383,0.3186868686868687,0.09336136319280883
Drosophila,AA,0.41787658802177857,0.4732304900181488,0.1564916947195054
Drosophila,AA,0.3761544507761839,0.39270976616231085,0.1427454298036795
Drosophila,AA,0.2861032196969697,0.3108723958333333,0.1081739457339333
Drosophila,AA,0.35663452708907256,0.4421487603305785,0.14382033945182301
Drosophila,AA,0.24637002341920375,0.2388758782201405,0.10250729318760232
Drosophila,AA,0.29044924356161217,0.35084882780921584,0.1088283669648947
Drosophila,AA,0.27209491954137754,0.20098846787479407,0.13428268061470647
Drosophila,AA,0.3365044750352097,0.38620689655172413,0.14984794008326136
Drosophila,AA,0.1646348733233979,0.18032786885245902,0.06768229226099852
Drosophila,AA,0.40850586611456174,0.4794254658385093,0.2120497830403745
Drosophila,AA,0.48371104815864024,0.5141643059490084,0.10387908806219324
Drosophila,AA,0.2662337662337662,0.31405895691609975,0.11569719229600807
Drosophila,AA,0.5772200772200772,0.6324324324324324,0.18405066380651774
Drosophila,AA,0.4702323542306006,0.4866286716352477,0.11613313119699323
Drosophila,AA,0.27761281653287845,0.2650356778797146,0.12016346742436763
Drosophila,AA,0.3395340338053906,0.33467336683417087,0.1798869954425894
Drosophila,AA,0.30443231731665116,0.2547584187408492,0.18722938410338452
Drosophila,AA,0.19099756690997566,0.17746350364963503,0.08515089979917999
Drosophila,AA,0.45129490392648286,0.47368421052631576,0.21092358008897363
Drosophila,AA,0.3435064935064935,0.39732142857142855,0.11025219694170509
Drosophila,AA,0.38673693456302155,0.3952569169960474,0.18102262935163124
Drosophila,AA,0.21551505947861302,0.22892938496583143,0.07714548177460713
Drosophila,AA,0.3248768633591023,0.352529601722282,0.10271571085038542
Drosophila,AA,0.48765991902834005,0.6123076923076923,0.21112711449250124
Drosophila,AA,0.27970401691331925,0.3081395348837209,0.08842428493762274
Drosophila,AA,0.5529511888631832,0.694819020581973,0.19903885731795115
Drosophila,AA,0.211049898507866,0.20558375634517767,0.08236004721987818
Drosophila,AA,0.3515203851991417,0.37219343696027635,0.13088589441428272
Drosophila,AA,0.4213706655766742,0.40772532188841204,0.16493673015427504
Drosophila,AA,0.2651985990014159,0.3226022803487592,0.11012118742012568
Drosophila,AA,0.20697097918536564,0.23695345557122707,0.08827070211309124
Drosophila,AA,0.18658489247729212,0.2228864218616567,0.07475518741195102
Drosophila,AA,0.3284833538840937,0.42663378545006164,0.19374756484822428
Drosophila,AA,0.20696542893725992,0.23943661971830985,0.08877685507150235
Drosophila,AA,0.3967130877508236,0.3665768194070081,0.1747822796079065
Drosophila,AA,0.15883962780514504,0.18226600985221675,0.07243078352693058
Drosophila,AA,0.31615951090732247,0.34472696957065446,0.11295183452644285
Drosophila,AA,0.45446423737072933,0.5273972602739726,0.23738956837032094
Drosophila,AA,0.17431682570639176,0.18381277425646025,0.040442685011845114
Drosophila,AA,0.28873566780291293,0.18600867678958785,0.20798384874987746
Drosophila,AA,0.4826966063808169,0.4864864864864865,0.10952866169647776
Drosophila,AA,0.4200547017198922,0.449955713020372,0.15742147116446797
Drosophila,AA,0.22789837332027638,0.2746858168761221,0.09162819268683757
Drosophila,AA,0.27675729679583244,0.2678227360308285,0.1073182318164399
Drosophila,AA,0.3738729779899231,0.3550119331742243,0.23014402481512694
Drosophila,AA,0.18526009509616068,0.22365339578454332,0.07916158207435597
Drosophila,AA,0.5385351558028253,0.5887080156604162,0.13597676922511345
Drosophila,AA,0.3857691963886654,0.37570394207562346,0.13686529982929066
Drosophila,AA,0.4616424584878844,0.5110410094637224,0.17350490375692698
Drosophila,AA,0.29978868935005965,0.30638297872340425,0.08021971047999109
Drosophila,AA,0.2973036047680597,0.2713270142180095,0.15346222391405986
Drosophila,AA,0.31975968838713936,0.3805374001452433,0.11800206645752151
Drosophila,AA,0.3505092680458025,0.3966597077244259,0.12387495537712788
Drosophila,AA,0.40042902139676334,0.3817204301075269,0.17057871267449873
Drosophila,AA,0.2807145757206658,0.31790499390986604,0.09212636408844425
Drosophila,AA,0.40300157977883094,0.40165876777251186,0.1494498546348461
Drosophila,AA,0.5099736590038314,0.5501077586206896,0.14962272322217068
Drosophila,AA,0.2953862953862954,0.3123123123123123,0.1455878600695429
Drosophila,AA,0.44791983764586507,0.4931506849315068,0.1128047157899706
Drosophila,AA,0.3142885591954595,0.3329682365826944,0.1459801845439393
Drosophila,AA,0.4690854119425548,0.5238095238095237,0.1834884012143751
Drosophila,AA,0.21009137007271336,0.25513059701492535,0.09688432985545235
Drosophila,AA,0.43712512387211183,0.612736660929432,0.2372706027994789
Drosophila,AA,0.36066595768088305,0.4134731746672045,0.1303848536245818
Drosophila,AA,0.48872838168612814,0.536150234741784,0.17055617934050757
Drosophila,AA,0.2331986531986532,0.2833333333333333,0.11283340637240291
Drosophila,AA,0.4254976580796253,0.4460382513661202,0.09958804504287792
Drosophila,AA,0.4323733862959285,0.4260178748758689,0.19796177140377597
Drosophila,AA,0.6491598528750232,0.7489878542510121,0.1567594747475258
Drosophila,AA,0.34512481463173506,0.3641456582633053,0.16481823512201377
Drosophila,AA,0.2483974358974359,0.1875,0.14561334433205347
Drosophila,AA,0.41430509788718745,0.43283582089552236,0.1840909773429145
Drosophila,AA,0.4598101265822785,0.47943037974683544,0.16840500634446862
Drosophila,AA,0.3015559319907146,0.3581780538302277,0.12865355509144535
Drosophila,AA,0.39024765420704505,0.4263959390862944,0.1544511400219088
Drosophila,AA,0.467035025285634,0.6850533807829181,0.2556933431300134
Drosophila,AA,0.18400243309002434,0.16909975669099755,0.12706243384769153
Drosophila,AA,0.4417540017727723,0.4392304082590333,0.15857848646951506
Drosophila,AA,0.23230896535981282,0.1388888888888889,0.2421113048156186
Drosophila,AA,0.25857834854117384,0.2949194547707559,0.09918909725064454
Drosophila,AA,0.37234567901234567,0.4017094017094017,0.11341511092973419
Drosophila,AA,0.4877075422529968,0.5077805077805078,0.18966092650744315
Drosophila,AA,0.36278204934921354,0.40298507462686567,0.1263523414120407
Drosophila,AA,0.2775774916547449,0.21802575107296138,0.15921324749476426
Drosophila,AA,0.3992115027829313,0.43239795918367346,0.15478066365253923
Drosophila,AA,0.44969651926173665,0.49498327759197325,0.1698043040542307
Drosophila,AA,0.38235392600033485,0.43738489871086556,0.18062804888036804
Drosophila,AA,0.24012898501746086,0.28159851301115246,0.10334507752993644
Drosophila,AA,0.20081294457906668,0.19260533104041272,0.09368178915711732
Drosophila,AA,0.5831041507512096,0.6096256684491979,0.1575997465647464
Drosophila,AA,0.38731800766283525,0.403448275862069,0.12845878629998236
Drosophila,AA,0.3766158190473465,0.5089722675367048,0.18669196428529156
Drosophila,AA,0.3078590167674233,0.34127979924717694,0.15270130724373882
Drosophila,AA,0.3812729111363924,0.341296928327645,0.156736843473466
Drosophila,AA,0.25777240742057006,0.3064894448788116,0.10369934976729674
Drosophila,AA,0.514437320128661,0.5628491620111732,0.17388065898460306
Drosophila,AA,0.3335241645586473,0.391425908667288,0.147474863084234
Drosophila,AA,0.38221233102538743,0.4035608308605341,0.10553497806110704
Drosophila,AA,0.2899870983983133,0.3260643821391485,0.1467451825876753
Drosophila,AA,0.4893785043038774,0.5287846481876333,0.13196609035220233
Drosophila,AA,0.37184388689765036,0.3960573476702509,0.1325441569052433
Drosophila,AA,0.23999799012843853,0.23298083278255122,0.1854105081466439
Drosophila,AA,0.2667587085811385,0.2838785046728972,0.10069499595134396
Drosophila,AA,0.4670888505085396,0.5218767990788715,0.136383795181567
Drosophila,AA,0.3669888097660224,0.3896236012207528,0.12865873682616993
Drosophila,AA,0.24407039020657995,0.14613618974751338,0.2109669231339592
Drosophila,AA,0.43085326706016364,0.5067567567567568,0.1935038557565129
Drosophila,AA,0.3426505837779324,0.3858733472512178,0.13059685569571441
Drosophila,AA,0.23350193896476143,0.22534142640364188,0.11613209560447062
Drosophila,AA,0.3368576420266281,0.3846918489065606,0.12495377648478932
Drosophila,AA,0.14122105613859737,0.1401799100449775,0.07977350050849004
Drosophila,AA,0.3792255027813436,0.4249037227214377,0.13578764571338506
Drosophila,AA,0.39053150710546,0.4348821989528796,0.13875824621510993
Drosophila,AA,0.33739821760594985,0.3866128101557992,0.12102240191049338
Drosophila,AA,0.40585066399398645,0.3298045602605863,0.2182652006930997
Drosophila,AA,0.24559968847352026,0.30093457943925234,0.12569090221577922
Drosophila,AA,0.34025341130604286,0.36215538847117795,0.11851827936085749
Drosophila,AA,0.22811624649859943,0.25315126050420167,0.0923235228391842
Drosophila,AA,0.2704614117000824,0.20468277945619334,0.17924570689300176
Drosophila,AA,0.34776483236242717,0.3824324324324324,0.13525120518890504
Drosophila,AA,0.3522326681345309,0.352112676056338,0.17774000911169072
Drosophila,AA,0.17636363636363636,0.19155844155844157,0.0664654437761196
Drosophila,AA,0.19935476437377578,0.2332065906210393,0.09872281126147729
Drosophila,AA,0.5318639455782312,0.62,0.17614841411413076
Drosophila,AA,0.2137841832963784,0.24390243902439024,0.08357319507891539
Drosophila,AA,0.2911909795630726,0.3276955602536998,0.1433364260032553
Drosophila,AA,0.26900980060831364,0.29646840148698883,0.1193274009419354
Drosophila,AA,0.28304863925883034,0.31210191082802546,0.10120514837455218
Drosophila,AA,0.17586980920314255,0.20555555555555555,0.0734698949479927
Drosophila,AA,0.171968339307049,0.18077956989247312,0.06009624183026518
Drosophila,AA,0.27496556473829203,0.30767045454545455,0.12224254665885813
Drosophila,AA,0.21421636615811374,0.2271844660194175,0.08170104196893639
Drosophila,AA,0.3637390857729841,0.4096045197740113,0.13460326398594125
Drosophila,AA,0.3143162393162393,0.32371794871794873,0.15594274608427844
Drosophila,AA,0.38544043715846993,0.4380327868852459,0.21855425972415546
Drosophila,AA,0.3565852430118358,0.38227146814404434,0.15017652272184903
Drosophila,AA,0.2583681005131156,0.28377211911955114,0.08402192726632039
Drosophila,AA,0.1287390029325513,0.14650537634408603,0.05313671126881215
Drosophila,AA,0.19478548765346945,0.22534142640364188,0.09401890234225714
Drosophila,AA,0.31196581196581197,0.265,0.17222291328604292
Drosophila,AA,0.20350352843503527,0.2146118721461187,0.06378829729901823
Drosophila,AA,0.2955040602099426,0.380718954248366,0.13967063066087887
Drosophila,AA,0.4431631172080426,0.5119418483904465,0.1881005603694908
Drosophila,AA,0.3371651350598719,0.3863157894736842,0.14172810899874982
Drosophila,AA,0.2279536877118915,0.24582613701784686,0.11773507749421834
Drosophila,AA,0.1537153269892691,0.19599109131403117,0.07742037957593044
Drosophila,AA,0.21236598619474226,0.1836295099623048,0.14067577575741236
Drosophila,AA,0.3772609819121447,0.39664082687338503,0.08422285979672704
Drosophila,AA,0.3473129540052195,0.3960504662643993,0.11901537398562712
Drosophila,AA,0.27588219203063735,0.22868605817452356,0.15691223187558664
Drosophila,AA,0.2852922286448298,0.33236994219653176,0.10838697169986387
Drosophila,AA,0.48024469460473623,0.5494276795005203,0.15134064012440077
Drosophila,AA,0.5390552228875582,0.5778443113772455,0.12756125856419964
Drosophila,AA,0.4911094224924012,0.5090425531914894,0.1845501307436091
Drosophila,AA,0.4631705662936589,0.5391658189216684,0.17585901869091214
Drosophila,AA,0.3081046908585156,0.34075104311543813,0.119162251963688
Drosophila,AA,0.39653891859774215,0.41711229946524064,0.21995993066430908
Drosophila,AA,0.350801082974996,0.38461538461538464,0.09102926258180769
Drosophila,AA,0.28792018156125554,0.30664154498351387,0.08958282491836449
Drosophila,AA,0.3156258234519104,0.28405797101449276,0.1796509804495098
Drosophila,AA,0.1630685761150716,0.13462873004857737,0.12627572135044232
Drosophila,AA,0.3379179246337918,0.3819188191881919,0.13246320899227765
Drosophila,AA,0.30183927747379524,0.35170413343002177,0.12393282758218947
Drosophila,AA,0.4908326634861977,0.5677867902665121,0.19508262487679578
Drosophila,AA,0.38738281013730114,0.4231536926147705,0.11320506253529378
Drosophila,AA,0.2258025802580258,0.24392439243924394,0.08334278530133779
Drosophila,AA,0.31505147319843807,0.31309904153354634,0.1056351329488246
Drosophila,AA,0.5201097871200964,0.5618556701030928,0.14768963950483097
Drosophila,AA,0.3843826256710591,0.4407027818448023,0.15913562692977218
Drosophila,AA,0.4703104382248767,0.371900826446281,0.23659167509063453
Drosophila,AA,0.33738662131519276,0.35841836734693877,0.1121604104617027
Drosophila,AA,0.42613281670433756,0.4494672263480788,0.07087742725780652
Drosophila,AA,0.2324696237739716,0.16908212560386474,0.16464873176063913
Drosophila,AA,0.38244085746007345,0.42813220599538815,0.14498429056026854
Drosophila,AA,0.4163678985107557,0.4423262548262548,0.10786211514113313
Drosophila,AA,0.2927480672161523,0.32604945370902816,0.1310206587433372
Drosophila,AA,0.44585046248715315,0.42805755395683454,0.16814763017241405
Drosophila,AA,0.47642151855635,0.5417335473515248,0.14077926911883623
Drosophila,AA,0.27481994836254925,0.36278026905829597,0.1391123671374492
Drosophila,AA,0.49347051073393783,0.5939897698209718,0.17747639577217564
Drosophila,AA,0.4732429877087929,0.654690618762475,0.2623216732189586
Drosophila,AA,0.31055482359830183,0.33172302737520126,0.10859384737940596
Drosophila,AA,0.35858585858585856,0.4201977401129944,0.1383365721477879
Drosophila,AA,0.3810152703260421,0.4304581097812629,0.15358191499359286
Drosophila,AA,0.21930012580960812,0.22091235263967196,0.11402734192838192
Drosophila,AA,0.3805741360089186,0.3612040133779264,0.15087431629737547
Drosophila,AA,0.24093047122209868,0.29068673565381,0.09172295840065162
Drosophila,AA,0.5360935848740727,0.5441441441441441,0.14720257802115927
Drosophila,AA,0.28887831191496116,0.29842931937172773,0.15647113804951285
Drosophila,AA,0.2598982785602504,0.30809859154929575,0.10907441534682953
Drosophila,AA,0.31625781625781624,0.3233766233766234,0.06967579539782078
Drosophila,AA,0.4092073323359742,0.585419734904271,0.21591574117807688
Drosophila,AA,0.3618579887545405,0.3793103448275862,0.11206284066012379
Drosophila,AA,0.26901308807923596,0.2908560311284047,0.09539097901244405
Drosophila,AA,0.4271855010660981,0.46119402985074626,0.1791769510376547
Drosophila,AA,0.248735782669176,0.2232223222322232,0.15893579965045876
Drosophila,AA,0.5174763376472861,0.6502994011976048,0.2297833326396762
Drosophila,AA,0.3322876447876448,0.33204633204633205,0.09814162785374501
Drosophila,AA,0.23962474715770385,0.2507846829880728,0.057155090942509354
Drosophila,AA,0.5372367419436691,0.5781527531083481,0.20861719644053517
Drosophila,AA,0.335817878619435,0.3782657031684269,0.13422090922432142
Drosophila,AA,0.2127652933832709,0.2422752808988764,0.08156263004185534
Drosophila,AA,0.1901639344262295,0.12983606557377048,0.12837380630785591
Drosophila,AA,0.24659291325957994,0.2564534231200898,0.05169408295264623
Drosophila,AA,0.13116253854233728,0.11964219157659337,0.07031838969557262
Drosophila,AA,0.4350877426688691,0.4621409921671018,0.14376683695875594
Drosophila,AA,0.1678258840004668,0.19576379974326058,0.06994304191302524
Drosophila,AA,0.3455628242725017,0.4163771712158809,0.13499468404230794
Drosophila,AA,0.24597034171502258,0.309328968903437,0.11376014113128285
Drosophila,AA,0.25239525691699605,0.28,0.10159495657156932
Drosophila,AA,0.24187134502923976,0.26842105263157895,0.07919992442486291
Drosophila,AA,0.23096774193548386,0.2709677419354839,0.10935288125827171
Drosophila,AA,0.4349762176962922,0.4743828598043782,0.13133079522169225
Drosophila,AA,0.274965034965035,0.3021978021978022,0.1387444846444816
Drosophila,AA,0.24345029575604432,0.2912192040429564,0.09856824412826022
Drosophila,AA,0.2118156353450471,0.22563025210084034,0.0819567370902156
Drosophila,AA,0.3637605563835072,0.44672131147540983,0.15056518419668116
Drosophila,AA,0.2775396377765244,0.25831923293852227,0.1530586942998513
Drosophila,AA,0.17865126676602086,0.19057377049180327,0.07030484225196908
Drosophila,AA,0.5390494336826506,0.5928866306764052,0.16304162558474944
Drosophila,AA,0.24660628019323672,0.2717391304347826,0.08716136242389125
Drosophila,AA,0.30858505818886167,0.35684099313259376,0.12555147995829571
Drosophila,AA,0.2879608146429492,0.31554524361948955,0.08274526400535803
Drosophila,AA,0.3624661329009155,0.3804195804195804,0.14528398639021373
Drosophila,AA,0.33492918412128464,0.3123877917414722,0.1487001080734423
Drosophila,AA,0.17529756770743488,0.19734345351043645,0.0765891343846911
Drosophila,AA,0.16562913670351687,0.19893742621015348,0.07744499530628025
Drosophila,AA,0.38330245770038285,0.3945905891070767,0.1074905920771096
Drosophila,AA,0.3446684894053315,0.4223057644110276,0.14717225132541256
Drosophila,AA,0.37617996224120825,0.40707497360084477,0.1523734624055657
Drosophila,AA,0.339640305493964,0.3556541019955654,0.07961630168854254
Drosophila,AA,0.5853557639271925,0.6438223938223938,0.1820212449059792
Drosophila,AA,0.48611358200399296,0.5391389432485323,0.1566229769933313
Drosophila,AA,0.17816835016835017,0.17777777777777778,0.08082512228338574
Drosophila,AA,0.28751326494517154,0.3649805447470817,0.1309506504550236
Drosophila,AA,0.1844527565457798,0.20274299344066785,0.08473899566905256
Drosophila,AA,0.3123473541383989,0.3837953091684435,0.14763159566826695
Drosophila,AA,0.38050381635907954,0.4379699248120301,0.15215380507331575
Drosophila,AA,0.4112160852713178,0.42078488372093026,0.10352113163881808
Drosophila,AA,0.3659425271552317,0.4290182868142445,0.2001446907230882
Drosophila,AA,0.47910379515317786,0.5329218106995884,0.14747370300003543
Drosophila,AA,0.23172011822877822,0.26390154968094803,0.10163908965274607
Drosophila,AA,0.28746817771208016,0.3265582655826558,0.11715063217676978
Drosophila,AA,0.46978760294755095,0.5240572171651495,0.16576749360164827
Drosophila,AA,0.2653629008788778,0.2713462545835516,0.08296877813947467
Drosophila,AA,0.3035422788116226,0.3330068560235064,0.12663747520773236
Drosophila,AA,0.3423974255832663,0.3868520859671302,0.14518059525192814
Drosophila,AA,0.32922374429223744,0.3184931506849315,0.06717196073326176
Drosophila,AA,0.3180131467345208,0.3171119592875318,0.08709477144127316
Drosophila,AA,0.2543097129201016,0.17723342939481268,0.22469955544829148
Drosophila,AA,0.3544785730347542,0.3226993865030675,0.13274471427394674
Drosophila,AA,0.23080529047379877,0.2839779005524862,0.10544889541297038
Drosophila,AA,0.3125716625716626,0.33783783783783783,0.12255297268304156
Drosophila,AA,0.3173310225303293,0.33665511265164644,0.14012348144828926
Drosophila,AA,0.25903410133145055,0.22019464720194648,0.12494594391985792
Drosophila,AA,0.3390853371051391,0.4073550212164074,0.2095517457130348
Drosophila,AA,0.3445029239766082,0.29210526315789476,0.22461095819857127
Drosophila,AA,0.25857925122029785,0.23793949304987735,0.14636812184272288
Drosophila,AA,0.18941818181818182,0.152,0.13840128062310145
Drosophila,AA,0.24952025954303858,0.2619589977220957,0.09108282934018096
Drosophila,AA,0.2601056061116728,0.2659251769464105,0.09379665556018191
Drosophila,AA,0.2746543778801843,0.28297491039426526,0.06476630823556252
Drosophila,AA,0.3014708488392699,0.33723196881091616,0.10041086728668357
Drosophila,AA,0.3110098627787307,0.38207547169811323,0.12183562971040518
Drosophila,AA,0.24633549000255875,0.28166465621230397,0.09618336508238906
Drosophila,AA,0.22828221832607085,0.20843183609141056,0.08930906347188808
Drosophila,AA,0.28592606224185174,0.3174763832658569,0.09836589923223633
Drosophila,AA,0.3580320751373383,0.4152046783625731,0.16646413987533235
Drosophila,AA,0.43360908106645013,0.5529841656516443,0.1950666952122565
Drosophila,AA,0.22348408372030418,0.20775287704421563,0.11378312885416965
Drosophila,AA,0.16462450592885375,0.10988142292490119,0.20931846520393282
Drosophila,AA,0.38178125906585436,0.46736292428198434,0.15536128976825517
Drosophila,AA,0.33460542456044706,0.315592203898051,0.16014047923991614
Drosophila,AA,0.31055193218781607,0.3185073501696193,0.10937338600994145
Drosophila,AA,0.355513468013468,0.4638888888888889,0.17641067058744941
Drosophila,AA,0.18867113415096726,0.22948539638386647,0.08688154957872835
Drosophila,AA,0.20509890737699066,0.18303220738413198,0.09023745147426397
Drosophila,AA,0.35349643221202853,0.39908256880733944,0.14487556361392423
Drosophila,AA,0.16710417242332135,0.19300911854103342,0.08006611773043085
Drosophila,AA,0.31221680527674217,0.34542586750788645,0.10176791845779479
Drosophila,AA,0.22399150743099788,0.28450106157112526,0.10526031879807504
Drosophila,AA,0.3978497583317736,0.5069637883008357,0.22983179369361417
Drosophila,AA,0.30663642179956957,0.3646833013435701,0.14088949922733862
Drosophila,AA,0.2931603368276336,0.34026465028355385,0.10156511662274455
Drosophila,AA,0.26394410712800465,0.3110704483074108,0.11374422790192888
Drosophila,AA,0.1998899610631454,0.2227653631284916,0.08160188155703357
Drosophila,AA,0.2776248697160903,0.26040554962646745,0.178913049817492
Drosophila,AA,0.31009550904287747,0.3498069498069498,0.13964710916958623
Drosophila,AA,0.3073153459386729,0.35882727852135116,0.12707760890476297
Drosophila,AA,0.24933138828106005,0.28774617067833697,0.07401981144062258
Drosophila,AA,0.3314711658345775,0.34239802224969096,0.19470201995897038
Drosophila,AA,0.3281710914454277,0.4117994100294985,0.1554819818588387
Drosophila,AA,0.3587120433203098,0.3772362739049969,0.13386708812165454
Drosophila,AA,0.34984341899235516,0.4551901998710509,0.1555162256206615
Drosophila,AA,0.25697293360844764,0.2676902536715621,0.09757172473051216
Drosophila,AA,0.22157258064516128,0.23790322580645162,0.07481325952611013
Drosophila,AA,0.2030163599182004,0.07246932515337423,0.2794633718859805
Drosophila,AA,0.22438117766325927,0.23113964686998395,0.09431754041657854
Drosophila,AA,0.13930312589618582,0.16482649842271294,0.06464355726281111
Drosophila,AA,0.26494343825098177,0.32108317214700194,0.12640326337215388
Drosophila,AA,0.24362906170135085,0.27710843373493976,0.10874191920001369
Drosophila,AA,0.16495771670190273,0.17877906976744187,0.05705931698396313
Drosophila,AA,0.4217075070000166,0.43739748496446146,0.16361809176243652
Drosophila,AA,0.36857772221229984,0.43713163064833005,0.13792935902419895
Drosophila,AA,0.42144700277888053,0.39956331877729256,0.17480881261725267
Drosophila,AA,0.27616935909618834,0.2857142857142857,0.14960398428276103
Drosophila,AA,0.12542239635835695,0.06692406692406692,0.2063940499170653
Drosophila,AA,0.45615162222936073,0.5441696113074205,0.16346056326956154
Drosophila,AA,0.25761431104942556,0.2591178965224767,0.0981579886882253
Drosophila,AA,0.4778640647816275,0.5412186379928315,0.23964627394358168
Drosophila,AA,0.3206976691712358,0.38942665673864485,0.12696955071835672
Drosophila,AA,0.34444354346253964,0.3774597495527728,0.10652202696318676
Drosophila,AA,0.413753232922562,0.5,0.14751579999452985
Drosophila,AA,0.30503746213932725,0.3601147776183644,0.11820867985712104
Drosophila,AA,0.23633997136535206,0.2756735650136665,0.09916733830676114
Drosophila,AA,0.5170940170940171,0.5913461538461539,0.20544862064366634
Drosophila,AA,0.2749960336347771,0.32094240837696336,0.10658316387861598
Drosophila,AA,0.23216464991209018,0.26621160409556316,0.07581969487491548
Drosophila,AA,0.2612690371204303,0.22703818369453044,0.1366756870521266
Drosophila,AA,0.24599703294454675,0.2953499079189687,0.0867209900456621
Drosophila,AA,0.3078753638075672,0.3465160075329567,0.10939099480705367
Drosophila,AA,0.40226980226980225,0.46589446589446587,0.15807695893274548
Drosophila,AA,0.3076369175379076,0.2536176694592536,0.15855904439068283
Drosophila,AA,0.28994472539103844,0.31953428201811124,0.10014717249511024
Drosophila,AA,0.3041462474533341,0.33070866141732286,0.11280425878816004
Drosophila,AA,0.4625890238793465,0.5253456221198156,0.1588219177108862
Drosophila,AA,0.2909062693978895,0.30307262569832405,0.09219926737735705
Drosophila,AA,0.5488707444014707,0.638733705772812,0.21273414846255706
Drosophila,AA,0.3830665024630542,0.38685344827586204,0.1940474767370234
Drosophila,AA,0.3610617452722716,0.4398496240601504,0.16484577608676537
Drosophila,AA,0.45720978789499145,0.5965166908563135,0.18277243570487506
Drosophila,AA,0.3243990052500691,0.37537993920972645,0.11633791936089878
Drosophila,AA,0.329746392041474,0.3455233291298865,0.10576351691326528
Drosophila,AA,0.31699604743083004,0.3717391304347826,0.15511257941387754
Drosophila,AA,0.4,0.4297153024911032,0.11194972335346809
Drosophila,AA,0.3127120259195731,0.360377358490566,0.11299617503882312
Drosophila,AA,0.32980230992701765,0.37957911145752143,0.11156776736052765
Drosophila,AA,0.43372727272727274,0.4275,0.15135412908332693
Drosophila,AA,0.2195689177420632,0.1591520861372813,0.2501150172238064
Drosophila,AA,0.29523403044529806,0.3516431924882629,0.1293878641339258
Drosophila,AA,0.25394605394605396,0.31868131868131866,0.12873686567634615
Drosophila,AA,0.31536416634010084,0.3080906148867314,0.08412817846107568
Drosophila,AA,0.30849252343135153,0.3715389568576948,0.1505254272298303
Drosophila,AA,0.34545454545454546,0.3772455089820359,0.1434897466125566
Drosophila,AA,0.2636013128126693,0.3306567249784915,0.13568576478110067
Drosophila,AA,0.4714285714285714,0.49363636363636365,0.1661312664993818
Drosophila,AA,0.48077133001484584,0.4697406340057637,0.19928434529319525
Drosophila,AA,0.36710473826514783,0.45563139931740615,0.15009110950575616
Drosophila,AA,0.2841683366733467,0.21042084168336672,0.18562582552943074
Drosophila,AA,0.45107315947380566,0.4531502423263328,0.13288288996836883
Drosophila,AA,0.36625859857759124,0.3743441762854145,0.10592156802054248
Drosophila,AA,0.19976520019772614,0.2104959630911188,0.06589540985771487
Drosophila,AA,0.2227143227143227,0.2606837606837607,0.08522185215391137
Drosophila,AA,0.30461513238790067,0.34715960324616774,0.1128979686683525
Drosophila,AA,0.27498212616179946,0.32667876588021777,0.12941100291741545
Drosophila,AA,0.21454496735847217,0.2737138263665595,0.11128108490737404
Drosophila,AA,0.18690088132319208,0.20717131474103587,0.0637271088517226
Drosophila,AA,0.2016260162601626,0.23658536585365852,0.09958807147867502
Drosophila,AA,0.3012387868432294,0.3233660828705681,0.10518938892682266
Drosophila,AA,0.23276417110922248,0.24770146024878312,0.055408183968108225
Drosophila,AA,0.33293925805136565,0.3744394618834081,0.12780393820379612
Drosophila,AA,0.33396419326067567,0.3768844221105528,0.135702874939239
Drosophila,AA,0.2523784812316208,0.1621691748832382,0.1580602747115077
Drosophila,AA,0.39223994894703257,0.2992980216975112,0.23963896096862847
Drosophila,AA,0.20622241835834068,0.2354368932038835,0.07809568942894586
Drosophila,AA,0.3865710872162485,0.3903225806451613,0.17663198345140257
Drosophila,AA,0.43774384753901563,0.5637755102040817,0.21441893302480305
Drosophila,AA,0.4319013466042155,0.46943306010928965,0.14869293763640026
Drosophila,AA,0.21159815793962136,0.2373358348968105,0.07585937187216442
Drosophila,AA,0.26420404573438877,0.2955145118733509,0.1015910567494315
Drosophila,AA,0.24273699868413526,0.24795468848332283,0.08310348090617374
Drosophila,AA,0.4163390379278446,0.4574468085106383,0.16710183582619542
Drosophila,AA,0.431456043956044,0.46291208791208793,0.13647174978950743
Drosophila,AA,0.22335512660855128,0.26797945205479456,0.10353622095584719
Drosophila,AA,0.5256269722637436,0.6233183856502242,0.19911203365426317
Drosophila,AA,0.34337717406928275,0.36966364812419145,0.09774770907927685
Drosophila,AA,0.44970737417089346,0.5092989985693849,0.14906392579246333
Drosophila,AA,0.21687101881512574,0.24544349939246657,0.09290106739868506
Drosophila,AA,0.17136150234741784,0.19190140845070422,0.07896202375399536
Drosophila,AA,0.17306865596156276,0.19610570236439498,0.07642099573417399
Drosophila,AA,0.5030700483091788,0.5625,0.16609594757916893
Drosophila,AA,0.18510737628384688,0.18872549019607843,0.03992630544100831
Drosophila,AA,0.3198817258037648,0.31634182908545727,0.13459664186245374
Drosophila,AA,0.32123015873015875,0.33541666666666664,0.151031779917253
Drosophila,AA,0.32386006962278147,0.3300376647834275,0.12840798617028384
Drosophila,AA,0.26758743423088827,0.3304317548746518,0.11388863522218952
Drosophila,AA,0.22281748223425016,0.23147023086269744,0.08990604411308367
Drosophila,AA,0.2606721419805532,0.29127725856697817,0.08862073197590183
Drosophila,AA,0.4093388030888031,0.4175675675675676,0.1709123174687551
Drosophila,AA,0.4167464114832536,0.44633642930856554,0.16327318272068558
Drosophila,AA,0.2498810090433127,0.2905759162303665,0.0909407860535168
Drosophila,AA,0.3010999417249417,0.3373579545454546,0.14072567487199478
Drosophila,AA,0.3230278293135436,0.3093877551020408,0.16192615363756918
Drosophila,AA,0.4300037504688086,0.5320665083135392,0.18673302082825183
Drosophila,AA,0.43478260869565216,0.45217391304347826,0.22461546067158886
Drosophila,AA,0.3046800382043935,0.3020534861509074,0.07272394714073323
Drosophila,AA,0.4538885527996236,0.5160919540229885,0.1478562144170636
Drosophila,AA,0.16452651746769395,0.1359300476947536,0.10602716590153857
Drosophila,AA,0.1911090695656612,0.2246210381258613,0.07311811601654575
Drosophila,AA,0.1832402634593356,0.09342783505154639,0.18183991533666902
Drosophila,AA,0.5409127625201938,0.5121163166397416,0.20091361348880107
Drosophila,AA,0.43490703961160765,0.4044811320754717,0.21526210291675069
Drosophila,AA,0.3153660498793242,0.39626352015732547,0.14943852205157004
Drosophila,AA,0.40987171124157423,0.4667318982387475,0.17857731123046233
Drosophila,AA,0.39329464861379754,0.4093211752786221,0.09225033709573938
Drosophila,AA,0.46536707972878183,0.48936170212765956,0.1305270318242675
Drosophila,AA,0.28608115048793015,0.26440677966101694,0.16462944517983868
Drosophila,AA,0.27619301519594774,0.2649071358748778,0.1312468662913646
Drosophila,AA,0.12161392934873598,0.13259668508287292,0.05017574626626125
Drosophila,AA,0.20436858860983376,0.2529182879377432,0.09659047807323326
Drosophila,AA,0.25899530679645405,0.30630975143403444,0.10250197402101602
Drosophila,AA,0.280316069472696,0.3300344234079174,0.10656825913119522
Drosophila,AA,0.2619190825614499,0.31793576326236017,0.12663995126270527
Drosophila,AA,0.4690217019237352,0.5206407886629698,0.13568885765914565
Drosophila,AA,0.1679076479076479,0.19134199134199134,0.06035857717958295
Drosophila,AA,0.2070096331215413,0.18149210903873744,0.07314076631228562
Drosophila,AA,0.2611055611055611,0.2824175824175824,0.11565935632672233
Drosophila,AA,0.23839468801874816,0.29108485499462944,0.10435796380498293
Drosophila,AA,0.4294249914065083,0.440658929239985,0.15252233704581694
Drosophila,AA,0.23000209951711106,0.2736720554272517,0.1042544130256665
Drosophila,AA,0.28230169998848764,0.3762135922330097,0.1350123536691429
Drosophila,AA,0.4262546570238878,0.3826429980276134,0.16363493107079524
Drosophila,AA,0.35714943799520915,0.3955223880597015,0.1159569813997534
Drosophila,AA,0.27076144467448815,0.3140096618357488,0.11325189841291597
Drosophila,AA,0.35697399527186763,0.3877068557919622,0.14403750226279372
Drosophila,AA,0.15523297491039426,0.17225806451612902,0.060604609989351604
Drosophila,AA,0.41919682259488084,0.4878640776699029,0.1819625111046833
Drosophila,AA,0.28977438136826783,0.3136826783114993,0.12362019397893956
Drosophila,AA,0.2993370495263001,0.3538985616956851,0.12589999140626038
Drosophila,AA,0.24507450745074508,0.2706270627062706,0.12366781270943178
Drosophila,AA,0.3320173470913713,0.3815612382234186,0.1093750310441544
Drosophila,AA,0.39227534307215584,0.4292828685258964,0.13429553501775243
Drosophila,AA,0.34145001506371064,0.2646073688128024,0.18304938581917413
Drosophila,AA,0.3814052268302755,0.42569759896171316,0.1306140338073785
Drosophila,AA,0.2282326369282891,0.2653061224489796,0.09966787832151486
Drosophila,AA,0.23792150359314537,0.2208955223880597,0.0859984391067509
Drosophila,AA,0.20078967642526965,0.21716101694915255,0.08110069842062406
Drosophila,AA,0.43905437352245863,0.5070921985815603,0.14185359412880177
Drosophila,AA,0.3536927718745901,0.3774104683195592,0.14398944998984065
Drosophila,AA,0.31594860166288735,0.28334812185743863,0.13530813946360684
Drosophila,AA,0.4278044053324952,0.44122731201382887,0.16212906900730464
Drosophila,AA,0.25381128264483444,0.2595019659239843,0.11416870735483191
Drosophila,AA,0.3573383636632638,0.3881491344873502,0.12093654579283099
Drosophila,AA,0.3623299974339235,0.3279445727482679,0.14468966876187062
Drosophila,AA,0.25062430965759014,0.26069730586370843,0.09476771537927701
Drosophila,AA,0.24139744552967693,0.2743801652892562,0.07814022153886635
Drosophila,AA,0.5103479202626324,0.5033167495854063,0.160229458568489
Drosophila,AA,0.3513190642110503,0.4444997511199602,0.1584761955023855
Drosophila,AA,0.42139639639639637,0.3304054054054054,0.23879644041771725
Drosophila,AA,0.37712585034013607,0.43223443223443225,0.1731799980002411
Drosophila,AA,0.22256107171000789,0.21560283687943263,0.08380422019521834
Drosophila,AA,0.1930282048976411,0.23194856577645895,0.09692180949969402
Drosophila,AA,0.335722718839602,0.39332096474953615,0.1533568532342813
Drosophila,AA,0.23671601744046764,0.24514877102199223,0.1018004152233763
Drosophila,AA,0.2767396184062851,0.32037037037037036,0.10343173983913012
Drosophila,AA,0.4667929292929293,0.5125,0.12972365654204113
Drosophila,AA,0.30239234449760766,0.369377990430622,0.13282757799096498
Drosophila,AA,0.4401941492850584,0.5223665223665224,0.17132609160472664
Drosophila,AA,0.4056258608815427,0.3423295454545454,0.1554111958956661
Drosophila,AA,0.3794439935064935,0.46986607142857145,0.16279864076511297
Drosophila,AA,0.2000561167227834,0.2264957264957265,0.08876022847683877
Drosophila,AA,0.27701107460143604,0.31994645247657294,0.09192030777376288
Drosophila,AA,0.34937274445781064,0.3383742911153119,0.20946816457367634
Drosophila,AA,0.4305737490175531,0.4899135446685879,0.1654343721600122
Drosophila,AA,0.2267421844633239,0.18640679660169915,0.1426766763838024
Drosophila,AA,0.27174832020647,0.2679215058069684,0.08663018382524242
Drosophila,AA,0.18716409376786736,0.2018867924528302,0.07577025106793644
Drosophila,AA,0.3431243091446838,0.40453499835688467,0.1492364489683282
Drosophila,AA,0.19802090076759457,0.21770091556459817,0.09271818594821783
Drosophila,AA,0.18731729906515007,0.21203438395415472,0.06996294582140196
Drosophila,AA,0.3736646332391013,0.4386252045826514,0.1582453425855639
Drosophila,AA,0.4399552600509538,0.4613807245386193,0.20262491579912972
Drosophila,AA,0.2604361370716511,0.29345794392523367,0.11843341223581609
Drosophila,AA,0.35429255956342337,0.34553440702781846,0.14431182968908973
Drosophila,AA,0.2314730822323013,0.23752711496746204,0.07806367711338517
Drosophila,AA,0.2298338717120443,0.2703045685279188,0.09338369233661482
Drosophila,AA,0.18686868686868688,0.21666666666666667,0.08370432524808735
Drosophila,AA,0.2950380089555347,0.33676975945017185,0.11018546505958837
Drosophila,AA,0.27293256724694853,0.25975473801560756,0.15752535297456843
Drosophila,AA,0.22173659673659674,0.2264957264957265,0.10502860016211188
Drosophila,AA,0.5552129359781893,0.5961737331954499,0.1506209707602257
Drosophila,AA,0.26914525691699603,0.28532608695652173,0.10956195520632604
Drosophila,AA,0.3669619103237947,0.430406852248394,0.13908544052071214
Drosophila,AA,0.12318483204559154,0.08408679927667269,0.09126297616480955
Drosophila,AA,0.2693127654042811,0.2526215443279314,0.10474292545229064
Drosophila,AA,0.1465246067985794,0.16539827498731607,0.06237556202236693
Drosophila,AA,0.46533275606135577,0.5132978723404256,0.1663886176326694
Drosophila,AA,0.5377379703192925,0.661594963273872,0.2275088441135626
Drosophila,AA,0.3599518459069021,0.4044943820224719,0.11768051335391544
Drosophila,AA,0.4480888429752066,0.4943181818181818,0.18226144967396013
Drosophila,AA,0.44805112629713995,0.4627942293090357,0.15722714994784934
Drosophila,AA,0.21973844282238442,0.2595802919708029,0.08359386251970086
Drosophila,AA,0.30811970229481084,0.3657742402315485,0.11702241181020785
Drosophila,AA,0.3457529385673098,0.3772455089820359,0.11064054027533107
Drosophila,AA,0.510906641037238,0.5970149253731343,0.1635005259727692
Drosophila,AA,0.4131200963462799,0.48027469316189364,0.148115518656747
Drosophila,AA,0.2412285618204237,0.25030826140567203,0.15018868443668357
Drosophila,AA,0.3045651318378591,0.35844155844155845,0.1404441091179724
Drosophila,AA,0.42116032116032115,0.4202279202279202,0.13037458937003663
Drosophila,AA,0.2733559130680214,0.3099068585944115,0.11309978659973921
Drosophila,AA,0.3312607746236065,0.3723135271807838,0.1431718893013039
Drosophila,AA,0.47870957256622787,0.3046075085324232,0.29256738287444733
Drosophila,AA,0.1548456491341293,0.15392061955469508,0.04743059516851317
Drosophila,AA,0.263825591002372,0.30255057167985927,0.1216878287376863
Drosophila,AA,0.2568394024276377,0.3021008403361345,0.153106536040905
Drosophila,AA,0.22253258845437615,0.20670391061452514,0.1009555327849229
Drosophila,AA,0.41684085979096824,0.4229934924078091,0.16701412038938374
Drosophila,AA,0.23761230394396224,0.2663316582914573,0.09312616228399273
Drosophila,AA,0.32267462267462266,0.37142857142857144,0.1384646400303318
Drosophila,AA,0.18601999375195252,0.22835051546391752,0.0830397204720206
Drosophila,AA,0.20410228108903605,0.2804635761589404,0.11523720552348111
Drosophila,AA,0.39529411764705885,0.43058823529411766,0.14841646803687725
Drosophila,AA,0.22124379685355294,0.25203252032520324,0.12227379875940803
Drosophila,AA,0.22107687246408597,0.24607961399276237,0.07385730191465745
Drosophila,AA,0.4835120435120435,0.558974358974359,0.1984513811974863
Drosophila,AA,0.4381426202321725,0.4859038142620232,0.1611519141156157
Drosophila,AA,0.3614814197633728,0.43909348441926344,0.23174820242843078
Drosophila,AA,0.21186837702175126,0.23190184049079754,0.07261786092525169
Drosophila,AA,0.29169981437284537,0.3341288782816229,0.08633948465091723
Drosophila,AA,0.23999111839857895,0.2458153993304639,0.07089362021938438
Drosophila,AA,0.28562019758507134,0.31284302963776073,0.09061983890437211
Drosophila,AA,0.321402145763966,0.45782463928967815,0.20506651262118084
Drosophila,AA,0.20230849947534102,0.2465897166841553,0.09882917163333545
Drosophila,AA,0.20066583437369953,0.22659176029962547,0.06861909251783915
Drosophila,AA,0.34130523804436846,0.3918918918918919,0.1844562611754286
Drosophila,AA,0.3463940431153546,0.3333333333333333,0.16201974015911094
Drosophila,AA,0.19471288001174916,0.2407108239095315,0.09653324841250913
Drosophila,AA,0.38259934337144796,0.37858032378580325,0.1573540148313094
Drosophila,AA,0.40517779164067375,0.33842794759825323,0.21530228603012017
Drosophila,AA,0.5546730542948395,0.6210287443267776,0.24346606392804737
Drosophila,AA,0.2895426224865477,0.34579439252336447,0.11770358598822679
Drosophila,AA,0.2757732643037303,0.31242532855436084,0.09127896828566395
Drosophila,AA,0.22597636176772867,0.2302158273381295,0.061990164706663915
Drosophila,AA,0.5360978203083466,0.6354775828460039,0.2114988922186913
Drosophila,AA,0.4585128941788084,0.5112866817155757,0.16983374413578306
Drosophila,AA,0.19189624997541935,0.1765087605451006,0.13311867930350982
Drosophila,AA,0.32427807486631016,0.3673202614379085,0.1092004994425088
Drosophila,AA,0.25495228318314894,0.26474278544542035,0.11286923376895604
Drosophila,AA,0.4078078078078078,0.4582582582582583,0.1273790981435065
Drosophila,AA,0.35858369098712445,0.40450643776824036,0.12177211332810406
Drosophila,AA,0.33137825358526285,0.34007832898172324,0.0878830207724855
Drosophila,AA,0.4016306792622582,0.42574786324786323,0.13543654819660225
Drosophila,AA,0.3866822429906542,0.4030373831775701,0.07509601679860596
Drosophila,AA,0.4422799422799423,0.4741328630217519,0.13967934055460277
Drosophila,AA,0.37283792440743113,0.39846252402306215,0.11695313239678098
Drosophila,AA,0.30554415486695397,0.33747178329571104,0.11013142421314544
Drosophila,AA,0.3926823176823177,0.45604395604395603,0.1314291482767536
Drosophila,AA,0.3566430631648023,0.4411196911196911,0.1647108596295663
Drosophila,AA,0.44262877442273535,0.4866785079928952,0.14277022193153183
Drosophila,AA,0.26992886926661763,0.29028697571743933,0.12839963440516888
Drosophila,AA,0.5402483258928571,0.6318359375,0.2043734028661865
Drosophila,AA,0.29560568086883876,0.318796992481203,0.1034742136201637
Drosophila,AA,0.3358244721928931,0.3125845737483085,0.10684732248285643
Drosophila,AA,0.20854975048375599,0.21830125267338832,0.06844803022035977
Drosophila,AA,0.2073890608875129,0.24396284829721362,0.0857291342213104
Drosophila,AA,0.20323196943161917,0.23380035026269702,0.08405599223739453
Drosophila,AA,0.43571367766924174,0.5814977973568282,0.2263458316406364
Drosophila,AA,0.3075015893197711,0.32051282051282054,0.10772692977867407
Drosophila,AA,0.3216768916155419,0.3024539877300614,0.17255720551672354
Drosophila,AA,0.20608712950069624,0.22465353756382203,0.07463462502774136
Drosophila,AA,0.42086404586404585,0.49436936936936937,0.16836841984359033
Drosophila,AA,0.15263015915834907,0.13550939663699307,0.1095244424959345
Drosophila,AA,0.45705486483403673,0.5282308657465495,0.17170485645831432
Drosophila,AA,0.39974565493853326,0.37473505722763883,0.18953271737765315
Drosophila,AA,0.32839407952530125,0.3815987933634992,0.16298064105375035
Drosophila,AA,0.3667800453514739,0.35557299843014134,0.11301677036210586
Drosophila,AA,0.15686379735966513,0.18240850059031877,0.07087665424885715
Drosophila,AA,0.3940038157536113,0.43172526573998365,0.12913388271388831
Drosophila,AA,0.2012955643390426,0.23043478260869565,0.08423160047394904
Drosophila,AA,0.21522556390977443,0.24295112781954886,0.10132486967468694
Drosophila,AA,0.33717895893421235,0.3658838071693449,0.1104005245634702
Drosophila,AA,0.4923010004349717,0.5550239234449761,0.19613912214364915
Drosophila,AA,0.23934770237587139,0.2863849765258216,0.10765812643329796
Drosophila,AA,0.22085446742099102,0.25,0.0723232694065874
Drosophila,AA,0.24846011131725418,0.28244897959183674,0.11169805529240741
Drosophila,AA,0.21920714990678802,0.2605548854041013,0.09354990871865661
Drosophila,AA,0.3690346083788707,0.3825136612021858,0.16061460574509254
Drosophila,AA,0.14981368995967537,0.16760247052217853,0.05984706224237583
Drosophila,AA,0.6009110495537089,0.72,0.2191054428542734
Drosophila,AA,0.466322497378398,0.6482593037214885,0.2679672199504977
Drosophila,AA,0.1511296594261196,0.16758849557522126,0.05623888220155717
Drosophila,AA,0.12388031255955784,0.13836477987421383,0.059009586010411945
Drosophila,AA,0.2788000854466111,0.29204431017119836,0.09564909489247302
Drosophila,AA,0.3287601918981133,0.34232558139534885,0.10710523250265483
Drosophila,AA,0.3435185185185185,0.42045454545454547,0.16106840264486055
Drosophila,AA,0.38703100367840254,0.41271676300578036,0.12470547909644628
Drosophila,AA,0.4915761113255586,0.5189669087974172,0.11245315226254926
Drosophila,AA,0.49481566820276496,0.6088709677419355,0.24582402799244724
Drosophila,AA,0.47869131313131313,0.498,0.10550086481424585
Drosophila,AA,0.3148067104303428,0.37892049598832966,0.12281847866422163
Drosophila,AA,0.32007615421227986,0.39267015706806285,0.13939016842179258
Drosophila,AA,0.30582251082251083,0.3339285714285714,0.10368600939825667
Drosophila,AA,0.3068607999089907,0.31129900076863953,0.10490064176119025
Drosophila,AA,0.2996632996632997,0.35279805352798055,0.12537713130850475
Drosophila,AA,0.3681131155533886,0.3007679180887372,0.22268346658059315
Drosophila,AA,0.182593653066094,0.19938132733408326,0.08101159494251155
Drosophila,AA,0.20484061393152303,0.23579545454545456,0.07383441271649889
Drosophila,AA,0.33273694106586754,0.3333333333333333,0.0861933012993745
Drosophila,AA,0.39631317652803777,0.4717994628469114,0.15799130931987682
Drosophila,AA,0.4366191275167785,0.5763422818791947,0.23078708518112928
Drosophila,AA,0.3469554835408494,0.4208880550343965,0.13521785209810866
Drosophila,AA,0.39325667837839456,0.3888213851761847,0.12632079019836548
Drosophila,AA,0.4487894434882387,0.5325301204819277,0.17667220186434168
Drosophila,AA,0.48578535891968727,0.5447761194029851,0.13886302777907292
Drosophila,AA,0.3023678907299597,0.30603448275862066,0.13380011748720194
Drosophila,AA,0.20911693791440628,0.22025316455696203,0.0978924797221545
Drosophila,AA,0.3231554940922435,0.35948759007205766,0.11487402724594917
Drosophila,AA,0.38023402340234025,0.45676567656765676,0.14590447476666676
Drosophila,AA,0.33227075954348684,0.35844155844155845,0.1275745656124621
Drosophila,AA,0.37026143790849675,0.40040106951871657,0.12415760474220833
Drosophila,AA,0.3652573319639393,0.384251968503937,0.1539491273514138
Drosophila,AA,0.5332503113325031,0.5876712328767124,0.18390489672654578
Drosophila,AA,0.36394067445521583,0.42654735272184935,0.1597291600900812
Drosophila,AA,0.4497601279317697,0.45242537313432835,0.18311829394852175
Drosophila,AA,0.18561368209255533,0.1724137931034483,0.06738098243203071
Drosophila,AA,0.2887785905027284,0.3486590038314176,0.10636547356111281
Drosophila,AA,0.3318275926971579,0.36076604554865427,0.12613272373119677
Drosophila,AA,0.2884992784992785,0.35309523809523813,0.12991242719653837
Drosophila,AA,0.317374129138835,0.3150326797385621,0.1499778737953788
Drosophila,AA,0.3542410015649452,0.3084507042253521,0.17999452516881947
Drosophila,AA,0.27892690173460916,0.32520644907589463,0.12326936550248832
Drosophila,AA,0.18304195804195805,0.22355769230769232,0.0827436635806019
Drosophila,AA,0.3365114560236511,0.39902439024390246,0.1489050563909219
Drosophila,AA,0.30746862565044386,0.3222222222222222,0.136678720706365
Drosophila,AA,0.2398235058162856,0.23104693140794225,0.11134211169863846
Drosophila,AA,0.27354847470374105,0.2591671845866998,0.1691888060689633
Drosophila,AA,0.41127469196522903,0.49168797953964194,0.17317315601266306
Drosophila,AA,0.2983409610983982,0.28351449275362317,0.15176788810723277
Drosophila,AA,0.28053029191726564,0.2605985037406484,0.14711072016437868
Drosophila,AA,0.38581200353045014,0.47451456310679613,0.16756790923990433
Drosophila,AA,0.42053673319780227,0.5325047801147228,0.19792208022425475
Drosophila,AA,0.34880370195088606,0.38618078561287267,0.10168698380508591
Drosophila,AA,0.2969412684452262,0.3465259454705365,0.17510004604409757
Drosophila,AA,0.36077168648172614,0.43147291941875826,0.15384996563075617
Drosophila,AA,0.3161013116236997,0.3154228855721393,0.16000089097802705
Drosophila,AA,0.29914953348195855,0.3155808768887788,0.1318522034932468
Drosophila,AA,0.30361923118106865,0.3392226148409894,0.14922636543762696
Drosophila,AA,0.39656604818609803,0.5503184713375796,0.19367186710841858
Drosophila,AA,0.34659303950642534,0.40269966254218226,0.13505759463459382
Drosophila,AA,0.46578209025017536,0.5835866261398176,0.19159103593918705
Drosophila,AA,0.18370800775715282,0.16939078751857356,0.0779108340010576
Drosophila,AA,0.27616875712656785,0.17217787913340935,0.28063433061132903
Drosophila,AA,0.27235841081994927,0.256508875739645,0.10479052619939178
Drosophila,AA,0.26503210741389377,0.30560420315236425,0.10920591646036429
Drosophila,AA,0.39077365796089275,0.39902676399026765,0.1201995205835206
Drosophila,AA,0.3126040061633282,0.29491525423728815,0.147059190318407
Drosophila,AA,0.32558748102789553,0.3635578583765112,0.1254890004753004
Drosophila,AA,0.3733146343863793,0.39193976970770594,0.11545767843801955
Drosophila,AA,0.21727511333810545,0.24173228346456693,0.09457132207879401
Drosophila,AA,0.18662454451241936,0.18709256844850064,0.12898709783091092
Drosophila,AA,0.4826264690853347,0.5889967637540453,0.21877340168047313
Drosophila,AA,0.280245224704869,0.31965344277245783,0.1440943713332346
Drosophila,AA,0.46265664160401004,0.49122807017543857,0.11611575675069594
Drosophila,AA,0.5176075625055216,0.5733722060252673,0.1538424823443183
Drosophila,AA,0.15355485893416929,0.16275862068965516,0.04726625705890272
Drosophila,AA,0.2471923997837337,0.2982158028887001,0.10945793710255317
Drosophila,AA,0.23024615803073575,0.22725418196654426,0.0976609313987392
Drosophila,AA,0.36330548353020264,0.43820224719101125,0.14389714194724357
Drosophila,AA,0.19886700836255733,0.21810089020771514,0.07504172955487672
Drosophila,AA,0.3753122138603991,0.45619524405506884,0.1767756295072487
Drosophila,AA,0.3833370019810698,0.4761171032357473,0.20409605433377678
Drosophila,AA,0.25349508099711515,0.2803091944670464,0.12330251617150237
Drosophila,AA,0.15632110579479,0.1521531100478469,0.06883580361526027
Drosophila,AA,0.17914951989026062,0.19400352733686066,0.0532337233827019
Drosophila,AA,0.30733688753490734,0.3434881949733435,0.09921030108163248
Drosophila,AA,0.20808164012447372,0.20593080724876442,0.08152524627580125
Drosophila,AA,0.24886907710087502,0.27786032689450224,0.09547449047070977
Drosophila,AA,0.25554355507553633,0.29173166926677063,0.1110152612210573
Drosophila,AA,0.21331738437001593,0.18201754385964913,0.16861089864405598
Drosophila,AA,0.4772186147186147,0.6737012987012987,0.26367673935068314
Drosophila,AA,0.3421228623292252,0.37833190025795355,0.09946947202537162
Drosophila,AA,0.3247911547911548,0.35405405405405405,0.117044681394332
Drosophila,AA,0.2102499094530967,0.1974957313602732,0.09448196761575872
Drosophila,AA,0.2449678128434605,0.30915371329879104,0.12241365480397304
Drosophila,AA,0.2230138535482047,0.25572519083969464,0.0757551850120832
Drosophila,AA,0.2790628609140406,0.323956442831216,0.1127065520683537
Drosophila,AA,0.25214305214305216,0.2972972972972973,0.10746441715287139
Drosophila,AA,0.21006786184543705,0.13992707383773928,0.17947853538528508
Drosophila,AA,0.17845454545454545,0.21,0.06622760864361404
Drosophila,AA,0.29564315352697096,0.326417704011065,0.08663989178307695
Drosophila,AA,0.30911512729694546,0.3748251748251748,0.15690949275195948
Drosophila,AA,0.2613117476131175,0.30185909980430525,0.09180257762407287
Drosophila,AA,0.3435127978817299,0.3818770226537217,0.11924745848852202
Drosophila,AA,0.43,0.4881889763779528,0.13824945184286255
Drosophila,AA,0.37492132655531346,0.40413943355119825,0.15037276891301318
Drosophila,AA,0.17654448816180024,0.20956719817767655,0.06742264160659273
Drosophila,AA,0.3482572039763433,0.39637599093997733,0.1557955171902438
Drosophila,AA,0.250498310078863,0.2554814108674929,0.12904650489616498
Drosophila,AA,0.438047138047138,0.5181818181818182,0.15053683604462847
Drosophila,AA,0.37973054798667877,0.4945504087193461,0.2114153997409774
Drosophila,AA,0.36379321692853045,0.3333333333333333,0.12143512568266557
Drosophila,AA,0.300426272292301,0.3320574162679426,0.14054894175133123
Drosophila,AA,0.2667013910306054,0.22020272631946872,0.1889249034359662
Drosophila,AA,0.22484173761187515,0.2357563850687623,0.10124296820786666
Drosophila,AA,0.2632661456190868,0.16839043309631546,0.2054827027900028
Drosophila,AA,0.2932277985160606,0.3110742430526752,0.1113416751102421
Drosophila,AA,0.34237437707641194,0.38408430232558144,0.1276590346203249
Drosophila,AA,0.258765962525361,0.2916219119226638,0.09984199958960954
Drosophila,AA,0.36176885130373504,0.41860465116279066,0.1483736793606792
Drosophila,AA,0.3792005420054201,0.42073170731707316,0.15740294961716125
Drosophila,AA,0.23940644838477657,0.24819401444788441,0.10342509088338529
Drosophila,AA,0.29126156175336504,0.3329430132708821,0.12470433526997833
Drosophila,AA,0.18092900839379714,0.14084507042253522,0.13567607163148737
Drosophila,AA,0.49336451330020464,0.5691318327974276,0.17449091310047987
Drosophila,AA,0.5122186495176849,0.5482315112540193,0.16910398699965742
Drosophila,AA,0.2929815910585141,0.3180473372781065,0.08869111673236443
Drosophila,AA,0.25689297782321036,0.29367918902802626,0.08648723166765103
Drosophila,AA,0.453146315016265,0.5210176991150443,0.2021364722179305
Drosophila,AA,0.16342742225095166,0.18034906270200388,0.05051938457486274
Drosophila,AA,0.45804872495446264,0.4702868852459017,0.2020718537087511
Drosophila,AA,0.3812768836692282,0.38596491228070173,0.15460433023771952
Drosophila,AA,0.22381491261159311,0.26556016597510373,0.10423222637476041
Drosophila,AA,0.5026868686868687,0.5255555555555556,0.12502595814769615
Drosophila,AA,0.42007422841515824,0.4717411121239745,0.1449062494597119
Drosophila,AA,0.32202863550112126,0.36622390891840606,0.1403731330928136
Drosophila,AA,0.474715182515694,0.6256684491978609,0.21622972594997067
Drosophila,AA,0.11405281595257342,0.13352196173538128,0.049591710466326024
Drosophila,AA,0.34518336908775155,0.38645418326693226,0.15121386672809364
Drosophila,AA,0.3386472379295346,0.36363636363636365,0.1061738853167074
Drosophila,AA,0.43318937311870176,0.5044169611307421,0.15228394522917027
Drosophila,AA,0.2477292680980126,0.31167690956979804,0.11477534525389461
Drosophila,AA,0.2599982679483849,0.2759158222915043,0.09453254498038043
Drosophila,AA,0.3875905734194504,0.44805194805194803,0.13490793361523307
Drosophila,AA,0.3553562459639808,0.4088397790055249,0.15226349256344537
Drosophila,AA,0.4545771756978653,0.489367816091954,0.17450564986342737
Drosophila,AA,0.3180409951494289,0.3614457831325301,0.12384486510650707
Drosophila,AA,0.24725386812290118,0.08751529987760098,0.27881221906981263
Drosophila,AA,0.3189441585668001,0.34067085953878407,0.12580564698626986
Drosophila,AA,0.33850676072898295,0.36507936507936506,0.10197898082846231
Drosophila,AA,0.38252806246949733,0.4480234260614934,0.18233719411256194
Drosophila,AA,0.2476790745958772,0.27161500815660683,0.0853280563715976
Drosophila,AA,0.18635502754820937,0.09232954545454546,0.16678079184859157
Drosophila,AA,0.4032270759543487,0.4357142857142857,0.13183198353443476
Drosophila,AA,0.22477184977184977,0.277992277992278,0.10238576969072624
Drosophila,AA,0.39064231493794327,0.41796875,0.1594005558065437
Drosophila,AA,0.2786779524385328,0.2998790810157195,0.09327827562199233
Drosophila,AA,0.2693305292674378,0.17287066246056781,0.17710497862065502
Drosophila,AA,0.16878007543243595,0.16684549356223177,0.07757922704265328
Drosophila,AA,0.2598278126368014,0.25842696629213485,0.12055001486020539
Drosophila,AA,0.35684249906472126,0.411522633744856,0.11905612750840121
Drosophila,AA,0.4254409245373101,0.46686746987951805,0.12071063533378075
Drosophila,AA,0.24232644294691866,0.18200620475698034,0.22782414855151975
Drosophila,AA,0.2841504695348329,0.2437759336099585,0.17340550736516205
Drosophila,AA,0.5418154961729555,0.5723781388478582,0.15136011061552157
Drosophila,AA,0.39529731275014296,0.4386792452830189,0.1776477963769395
Drosophila,AA,0.45992170042802955,0.5738396624472574,0.17687156248586194
Drosophila,AA,0.34925864909390447,0.4091158704008786,0.12161667232603096
Drosophila,AA,0.1822735811464678,0.19348778960551033,0.06022328599101984
Drosophila,AA,0.40421221007731273,0.436950146627566,0.11605590614470815
Drosophila,AA,0.3854731662661632,0.4196704428424305,0.14061189709630129
Drosophila,AA,0.3603106441297396,0.3879396984924623,0.10678307620161964
Drosophila,AA,0.4229050279329609,0.5353817504655494,0.20666055593629762
Drosophila,AA,0.2513294504937959,0.3022284122562674,0.11826807393684276
Drosophila,AA,0.28526211671612267,0.3330860534124629,0.1231653668961647
Drosophila,AA,0.5120432741375791,0.6232394366197183,0.1955199254823124
Drosophila,AA,0.40464418152922477,0.4381953028430161,0.19381017943717124
Drosophila,AA,0.27239010989010987,0.3092307692307692,0.13999034738423538
Drosophila,AA,0.4316292481019428,0.41808415398388543,0.21670378930198203
Drosophila,AA,0.3577159772532523,0.41880891173950296,0.1266135674045405
Drosophila,AA,0.4543374946800965,0.5335153922542204,0.17895626317112784
Drosophila,AA,0.48598522167487684,0.6090517241379311,0.18920680469346488
Drosophila,AA,0.23633800334831262,0.2616970658207772,0.11441359203202481
Drosophila,AA,0.43223059743160247,0.45226130653266333,0.14236974410726308
Drosophila,AA,0.44212311730027226,0.4673952641165756,0.1310522253898755
Drosophila,AA,0.1979525593008739,0.2157303370786517,0.06132902790409265
Drosophila,AA,0.2476896625832796,0.2641843971631206,0.09558844909195036
Drosophila,AA,0.25756157076381797,0.30337078651685395,0.10467546447831626
Drosophila,AA,0.31516349263384835,0.33201581027667987,0.09794586574671588
Drosophila,AA,0.31791932802519907,0.287776708373436,0.1293578091283863
Drosophila,AA,0.26085496424479476,0.26629726205997395,0.10181251172125784
Drosophila,AA,0.2341414954045686,0.2942477876106195,0.10720158006006823
Drosophila,AA,0.5207537361923327,0.5760233918128655,0.15745812703432294
Drosophila,AA,0.46028377395100656,0.5292020373514431,0.2434669525130194
Drosophila,AA,0.2919777224789667,0.33060789193032347,0.10105305835751817
Drosophila,AA,0.4822852366255144,0.5361689814814815,0.13800817391014333
Drosophila,AA,0.4148104981438315,0.42803030303030304,0.15001772424413154
Drosophila,AA,0.38454106280193234,0.4140786749482402,0.15802479412372888
Drosophila,AA,0.22177806433125583,0.1875492513790386,0.15118449423476032
Drosophila,AA,0.25284629591627333,0.2943566591422122,0.09071839718674816
Drosophila,AA,0.22221795118201038,0.23255813953488372,0.08454669792451429
Drosophila,AA,0.4874318521734935,0.49066435084672166,0.14642860484236034
Drosophila,AA,0.20289389067524116,0.22936763129689175,0.08090678587170948
Drosophila,AA,0.26124027561680374,0.29926650366748164,0.09726836496364115
Drosophila,AA,0.2675894749968824,0.29218106995884774,0.10020773892803841
Drosophila,AA,0.24352494552642812,0.30429948109710897,0.12427481122990383
Drosophila,AA,0.2070960864930714,0.2657035175879397,0.10031007921119493
Drosophila,AA,0.1953763883175648,0.21809954751131222,0.06794804503846509
Drosophila,AA,0.23421642282852248,0.2556346381969158,0.09252992509497261
Drosophila,AA,0.5375308641975308,0.6166666666666667,0.18448196639229075
Drosophila,AA,0.25385120555399193,0.2956656346749226,0.1260154997640421
Drosophila,AA,0.30587858563386927,0.371523915461624,0.12281772990885123
Drosophila,AA,0.39818362423726406,0.3780332056194125,0.11239711899164576
Drosophila,AA,0.23003108003108003,0.28012820512820513,0.09352367520366649
Drosophila,AA,0.2290938316254772,0.2839662447257384,0.13661757098035687
Drosophila,AA,0.32566262075798863,0.3637602179836512,0.1280227697597896
Drosophila,AA,0.17172155393413527,0.1898047722342733,0.06662187648499181
Drosophila,AA,0.18281616853861285,0.19988577955454026,0.05892164166537207
Drosophila,AA,0.48473084886128365,0.5370680044593088,0.16891388807313448
Drosophila,AA,0.27343238478972554,0.3337950138504155,0.12128019735573203
Drosophila,AA,0.33322623828647924,0.3373493975903614,0.12979516168236993
Drosophila,AA,0.3946577766802486,0.44569288389513106,0.13805465443453227
Drosophila,AA,0.3486892732612727,0.3770491803278688,0.12331101335414642
Drosophila,AA,0.42947032669630775,0.6786197564276049,0.279602895864768
Drosophila,AA,0.24230866807610993,0.19162790697674417,0.18715488027533683
Drosophila,AA,0.4888888888888889,0.5792792792792792,0.17833742363593102
Drosophila,AA,0.2303560076287349,0.28496503496503495,0.099232553626786
Drosophila,AA,0.46920389777532634,0.49613899613899615,0.1614628762886549
Drosophila,AA,0.2599235163132927,0.3019169329073482,0.10254766657017662
Drosophila,AA,0.1803646934460888,0.2063953488372093,0.08388325271383133
Drosophila,AA,0.16818775995246585,0.19137254901960785,0.07142088149025765
Drosophila,AA,0.3538720538720539,0.39281705948372614,0.15542294231856543
Drosophila,AA,0.17794184981684982,0.06919642857142858,0.28073431853784053
Drosophila,AA,0.17849997325201947,0.15920398009950248,0.14419907122382108
Drosophila,AA,0.4728007841215388,0.5161725067385444,0.1491157976337658
Drosophila,AA,0.3073958980733375,0.33374766935985084,0.16093935257618822
Drosophila,AA,0.23212121212121212,0.2816,0.10635712194901378
Drosophila,AA,0.43252504903779887,0.46106133700895935,0.12644462215835067
Drosophila,AA,0.355006105006105,0.2838827838827839,0.17144964693984577
Drosophila,AA,0.39588681090331257,0.39933993399339934,0.16717745901200987
Drosophila,AA,0.3432147562582345,0.40307971014492755,0.12324820332809161
Drosophila,AA,0.46375143843498273,0.5232067510548524,0.1555914607450518
Drosophila,AA,0.235249906050357,0.28410372040586246,0.09162738982136266
Drosophila,AA,0.22053387732329044,0.13032220943613348,0.16089883546570344
Drosophila,AA,0.28594341438378135,0.32533521524347214,0.08836027491171725
Drosophila,AA,0.36932576769025366,0.28154205607476634,0.26478370907440085
Drosophila,AA,0.18152568152568152,0.22651222651222652,0.08135810098554767
Drosophila,AA,0.4087719298245614,0.5016111707841031,0.238014633485576
Drosophila,AA,0.3396939693969397,0.3781416603198781,0.12133472778452463
Drosophila,AA,0.3899046670461013,0.4128486055776892,0.10910386367277303
Drosophila,AA,0.316210975373279,0.40663176265270506,0.14593718073123105
Drosophila,AA,0.2900346797225622,0.33965728274173806,0.10836243178313212
Drosophila,AA,0.44695618828491995,0.4857635893011217,0.1492936391811973
Drosophila,AA,0.33417387127761766,0.3753602305475504,0.10471981413226054
Drosophila,AA,0.26591243245307516,0.24703557312252963,0.13162848737811617
Drosophila,AA,0.22724285572040226,0.2732749178532311,0.1024889734251469
Drosophila,AA,0.1951688037266484,0.17591125198098256,0.0851174558811492
Drosophila,AA,0.4013578274760383,0.4406283280085197,0.13565237789534534
Drosophila,AA,0.4623645479540676,0.5400291120815138,0.18748372501423854
Drosophila,AA,0.47304505731472024,0.5487742594484167,0.14312751828996664
Drosophila,AA,0.4418300653594771,0.47058823529411764,0.1228459506385547
Drosophila,AA,0.26830760145110943,0.30296127562642367,0.10867107859081422
Drosophila,AA,0.38132206010665043,0.39911634756995584,0.11388316252676085
Drosophila,AA,0.31251242691216086,0.29037800687285226,0.13266639469629793
Drosophila,AA,0.3963860830527497,0.44320987654320987,0.15280939700336382
Drosophila,AA,0.20567706713658823,0.23090079817559864,0.10114140586338101
Drosophila,AA,0.23836553945249597,0.14915458937198067,0.18365140277146855
Drosophila,AA,0.3511549925484352,0.3709016393442623,0.11635861874263859
Drosophila,AA,0.5420894283639381,0.588477366255144,0.1669622889067361
Drosophila,AA,0.27016410349743686,0.3173173173173173,0.1404849105528198
Drosophila,AA,0.4341655816803247,0.44439764111204716,0.14962523228310365
Drosophila,AA,0.34487654320987654,0.39444444444444443,0.11528455553209392
Drosophila,AA,0.16040976567292356,0.16936572199730093,0.0688126327258822
Drosophila,AA,0.24016161616161616,0.28555555555555556,0.09731075761398757
Drosophila,AA,0.34970181818181817,0.3168,0.18287573142651034
Drosophila,AA,0.22426200616830666,0.2596930533117932,0.10062814353684672
Drosophila,AA,0.4244334462099505,0.501432664756447,0.17863282419445237
Drosophila,AA,0.2663304514889529,0.27185398655139287,0.07139153927806673
Drosophila,AA,0.364634414111103,0.4015223596574691,0.15891281587453845
Drosophila,AA,0.35787885782115536,0.35818385650224216,0.13255597507501876
Drosophila,AA,0.49268672199170127,0.6358921161825726,0.21558418073892446
Drosophila,AA,0.3686826705918855,0.3895274584929757,0.12289964416346888
Drosophila,AA,0.23668463611859838,0.2460377358490566,0.11668153774103043
Drosophila,AA,0.48731083237931294,0.5052854122621564,0.18289726726469324
Drosophila,AA,0.17706358520658422,0.2358490566037736,0.09015387077538818
Drosophila,AA,0.3693719806763285,0.4369565217391304,0.17669332855456946
Drosophila,AA,0.4087183922246932,0.5352112676056338,0.19490038839205678
Drosophila,AA,0.3206892693297527,0.2678751258811682,0.20556800783662332
Drosophila,AA,0.5461175570572485,0.632258064516129,0.19962333909587274
Drosophila,AA,0.24281667664073409,0.2614003590664273,0.07000239018657983
Drosophila,AA,0.2240035206840186,0.2600276625172891,0.0940921140663669
Drosophila,AA,0.214478607450789,0.24011713030746706,0.07611717834696957
Drosophila,AA,0.451589789520824,0.479064039408867,0.18906824819185722
Drosophila,AA,0.4819397575303087,0.48031496062992124,0.14608313106858323
Drosophila,AA,0.34206168031869655,0.40792712949286064,0.12338806348643251
Drosophila,AA,0.23376529877609792,0.24154067674586033,0.11118122592635928
Drosophila,AA,0.3082261208576998,0.3425438596491228,0.13340591531655568
Drosophila,AA,0.1789484507814642,0.19625719769673705,0.06249093725788175
Drosophila,AA,0.22234985231375123,0.24368231046931407,0.10245031280015096
Drosophila,AA,0.2172,0.184,0.16300129515504538
Drosophila,AA,0.31335738099141935,0.32439744220364,0.08026285933440973
Drosophila,AA,0.37936117936117936,0.37065637065637064,0.15138041950741155
Drosophila,AA,0.26911636045494314,0.3165354330708661,0.09010121706072405
Drosophila,AA,0.4243674367436744,0.44925742574257427,0.1485919701288692
Drosophila,AA,0.12357368700859006,0.13450292397660818,0.041722976800999505
Drosophila,AA,0.296563966020033,0.34309623430962344,0.12597657940313992
Drosophila,AA,0.5301097393689986,0.5617283950617284,0.12695342129429996
Drosophila,AA,0.2820133963750985,0.30921985815602837,0.08550886807064463
Drosophila,AA,0.19626679539785985,0.2273714699493121,0.08776700914556923
Drosophila,AA,0.138971372011573,0.15389447236180903,0.06048073045603709
Drosophila,AA,0.3011926192619262,0.2685643564356436,0.14360709860074367
Drosophila,AA,0.2521974025974026,0.30057142857142854,0.09491323758499404
Drosophila,AA,0.5527299925205684,0.6335078534031413,0.2170510000833705
Drosophila,AA,0.40676532769556023,0.4232558139534884,0.2005702028994908
Drosophila,AA,0.30342473546478554,0.25406758448060074,0.17367270407111465
Drosophila,AA,0.24852552369330894,0.2785234899328859,0.0950390980944859
Drosophila,AA,0.37073863636363635,0.3181818181818182,0.2609452853345364
Drosophila,AA,0.29066026837287834,0.26295210166177907,0.16997216835491982
Drosophila,AA,0.2857637286571297,0.3020304568527919,0.09874528460536935
Drosophila,AA,0.2641181041181041,0.28888888888888886,0.09159451716527993
Drosophila,AA,0.3750418088166433,0.45916114790286977,0.15710286587781147
Drosophila,AA,0.19476330121491411,0.21889400921658986,0.07508946329610756
Drosophila,AA,0.4458921462178791,0.4820846905537459,0.19983698539617165
Drosophila,AA,0.2555006774644676,0.22841444270015698,0.13965045149038643
Drosophila,AA,0.22451770121166995,0.23976172747580043,0.08179263806256659
Drosophila,AA,0.30071915913700903,0.19878296146044624,0.2929786369560448
Drosophila,AA,0.2883744388964543,0.32319564230594644,0.09522987470073674
Drosophila,AA,0.23593724729095908,0.2445414847161572,0.1059941320239132
Drosophila,AA,0.42765425601894486,0.48191027496382055,0.1417409205099614
Drosophila,AA,0.20697167755991286,0.19084967320261437,0.16124347706984926
Drosophila,AA,0.2894095729435368,0.3314703353396389,0.12299632267938425
Drosophila,AA,0.3166435805091267,0.2676147382029735,0.138644965871863
Drosophila,AA,0.28362573099415206,0.3182957393483709,0.11581144211089746
Drosophila,AA,0.2567483344079089,0.28820116054158607,0.08822364588940818
Drosophila,AA,0.42025827280064565,0.39322033898305087,0.21313296570842336
Drosophila,AA,0.3117948717948718,0.24307692307692308,0.270154336172115
Drosophila,AA,0.27085692714231785,0.32446206115515286,0.11220770711768545
Drosophila,AA,0.3221602024631312,0.3285302593659942,0.07757480659717636
Drosophila,AA,0.25888910244089947,0.2959830866807611,0.12016059661969393
Drosophila,AA,0.3352297039716809,0.3998716302952503,0.15200002855563657
Drosophila,AA,0.304353831703409,0.3334162108403779,0.11869349724353039
Drosophila,AA,0.3701108647450111,0.43902439024390244,0.19132669540317582
Drosophila,AA,0.314955281331371,0.34869240348692404,0.1218438666122072
Drosophila,AA,0.2966183574879227,0.3435635123614663,0.12506100917070712
Drosophila,AA,0.3832852332852333,0.373015873015873,0.12121805914300526
Drosophila,AA,0.35719861715177875,0.3325526932084309,0.16775946983164583
Drosophila,AA,0.4103864734299517,0.47608695652173916,0.17036212730046396
Drosophila,AA,0.2789115646258503,0.3074141048824593,0.09109402987881081
Drosophila,AA,0.23509383939161377,0.13468917881811204,0.24404919528171787
Drosophila,AA,0.289728453364817,0.3605805958747135,0.1314014039201617
Drosophila,AA,0.27049376432769145,0.21161048689138576,0.156225700139924
Drosophila,AA,0.41816271963330787,0.4642857142857143,0.1325343929210903
Drosophila,AA,0.2105303802551509,0.2415902140672783,0.10454091111061815
Drosophila,AA,0.193140589569161,0.22066326530612246,0.07691543289723807
Drosophila,AA,0.3409440632148056,0.33973799126637555,0.1342047155652262
Drosophila,AA,0.2897154268597104,0.2508736894658013,0.13700840286306462
Drosophila,AA,0.48240895864562205,0.501454898157129,0.13343874703686073
Drosophila,AA,0.19222706517227064,0.2454337899543379,0.09668718721158313
Drosophila,AA,0.39027842407321234,0.4576547231270358,0.14797523908999868
Drosophila,AA,0.37797132170533704,0.38777908343125733,0.17059288660127453
Drosophila,AA,0.48509485094850946,0.5487804878048781,0.15614011649788767
Drosophila,AA,0.3607935329538893,0.3882702301410542,0.10330239208926066
Drosophila,AA,0.6518918918918919,0.668918918918919,0.0890308059014259
Drosophila,AA,0.24506512006512007,0.2710622710622711,0.08515323705166944
Drosophila,AA,0.42289156626506025,0.44136546184738956,0.12529706732212995
Drosophila,AA,0.44363025723227234,0.5075566750629723,0.17940968988145234
Drosophila,AA,0.42942164626829854,0.4924406047516199,0.19067435837269583
Drosophila,AA,0.3273208273208273,0.3994708994708995,0.14315119607152915
Drosophila,AA,0.26860441146155434,0.21768707482993196,0.13004380065667356
Drosophila,AA,0.3136153198653199,0.3534722222222222,0.11371370195540745
Drosophila,AA,0.14629882269718558,0.07867212369258754,0.14312878467257867
Drosophila,AA,0.24408676589361947,0.27414330218068533,0.15965831265629593
Drosophila,AA,0.47537249572133294,0.5406976744186047,0.1395384198455651
Drosophila,AA,0.476280834914611,0.48007590132827327,0.1574245764201527
Drosophila,AA,0.34390695215437483,0.3295003965107058,0.0753301271431898
Drosophila,AA,0.2307488853623517,0.2768079800498753,0.09743152990209424
Drosophila,AA,0.2479657105176393,0.19584569732937684,0.1719336397789685
Drosophila,AA,0.44702763614867363,0.5320605187319885,0.1869299088592403
Drosophila,AA,0.15564500294521894,0.1511879049676026,0.07369307575682421
Drosophila,AA,0.23396398866648388,0.2840690978886756,0.14474636684925712
Drosophila,AA,0.5020387359836901,0.5611620795107033,0.1743301532178944
Drosophila,AA,0.28903521193240816,0.3021806853582555,0.13985806378765048
Drosophila,AA,0.3848034785936786,0.43141153081510936,0.12174728341557839
Drosophila,AA,0.3687065558130026,0.3808095952023988,0.20190231914098977
Drosophila,AA,0.1718377088305489,0.17899761336515513,0.06520759603363872
Drosophila,AA,0.249244215201662,0.28289992119779356,0.10981687146597552
Drosophila,AA,0.1805243445692884,0.20112359550561798,0.07036818848149347
Drosophila,AA,0.386116791638264,0.4284253578732106,0.11903984847465081
Drosophila,AA,0.4678908288179811,0.5033112582781457,0.15597762549611704
Drosophila,AA,0.2027659069325736,0.21435185185185185,0.08198205556578832
Drosophila,AA,0.2984868035190616,0.32,0.10541234248562743
Drosophila,AA,0.25247560798019514,0.3027522935779816,0.1134720363064107
Drosophila,AA,0.24042457208789875,0.251503006012024,0.13881247802478125
Drosophila,AA,0.4037914691943128,0.471563981042654,0.17210504340443233
Drosophila,AA,0.42265060240963853,0.43132530120481927,0.1650851429477209
Drosophila,AA,0.2204173638222718,0.26150306748466257,0.09779188960591327
Drosophila,AA,0.33398799781778504,0.3404255319148936,0.12747555589371182
Drosophila,AA,0.41353135313531353,0.3603960396039604,0.16647030506008664
Drosophila,AA,0.335302520151005,0.3484848484848485,0.1729240285521493
Drosophila,AA,0.3942499846747992,0.41807147673634526,0.12868140752935406
Drosophila,AA,0.1559708584098828,0.17247386759581881,0.05348707858677808
Drosophila,AA,0.2495859495859496,0.3178178178178178,0.1120211714338584
Drosophila,AA,0.2865079365079365,0.25,0.11832417091861543
Drosophila,AA,0.26346999405822935,0.32450980392156864,0.1330578353990774
Drosophila,AA,0.22276778479987036,0.26684491978609626,0.08799476386828387
Drosophila,AA,0.1760628795998571,0.19356913183279745,0.057409036330821214
Drosophila,AA,0.198670465337132,0.21407407407407408,0.08669164705165133
Drosophila,AA,0.31348201727948566,0.27124773960216997,0.16880970643767018
Drosophila,AA,0.30797970929665397,0.3845478489903424,0.1337102209623355
Drosophila,AA,0.4920022062879206,0.583011583011583,0.20424631154966122
Drosophila,AA,0.26523917370118727,0.31068560840024706,0.10275978202357926
Drosophila,AA,0.2741041567128524,0.28152173913043477,0.0784389066899762
Drosophila,AA,0.18287186586678972,0.21903553299492384,0.07520513200787336
Drosophila,AA,0.19174873017518398,0.23261117445838084,0.08658978974729131
Drosophila,AA,0.3623535851122058,0.37155555555555553,0.1355404386219233
Drosophila,AA,0.3776690946930281,0.3690322580645161,0.1332333168767694
Drosophila,AA,0.4424626210454208,0.5126118795768918,0.14163512838098055
Drosophila,AA,0.18879349992334815,0.20741989881956155,0.09758673181199279
Drosophila,AA,0.4407357709940736,0.4884686346863468,0.17870184295831892
Drosophila,AA,0.2015587854713972,0.21549155908639522,0.0796311995746971