id,dataset,nseq,nsites
EMGT00050000000002,Drosophila,12,796
EMGT00050000000018,Drosophila,10,346
EMGT00050000000026,Drosophila,23,435
EMGT00050000000031,Drosophila,24,374
EMGT00050000000040,Drosophila,22,998
EMGT00050000000052,Drosophila,17,392
EMGT00050000000053,Drosophila,10,1642
EMGT00050000000054,Drosophila,11,717
EMGT00050000000058,Drosophila,11,1376
EMGT00050000000059,Drosophila,11,725
EMGT00050000000076,Drosophila,11,877
EMGT00050000000079,Drosophila,22,906
EMGT00050000000081,Drosophila,18,851
EMGT00050000000087,Drosophila,10,673
EMGT00050000000089,Drosophila,19,937
EMGT00050000000090,Drosophila,11,2445
EMGT00050000000095,Drosophila,12,539
EMGT00050000000109,Drosophila,10,2199
EMGT00050000000136,Drosophila,10,3884
EMGT00050000000145,Drosophila,11,1596
EMGT00050000000146,Drosophila,11,1932
EMGT00050000000148,Drosophila,21,537
EMGT00050000000150,Drosophila,20,842
EMGT00050000000152,Drosophila,11,600
EMGT00050000000156,Drosophila,58,981
EMGT00050000000160,Drosophila,22,824
EMGT00050000000162,Drosophila,11,1998
EMGT00050000000164,Drosophila,11,1221
EMGT00050000000169,Drosophila,11,1752
EMGT00050000000170,Drosophila,40,368
EMGT00050000000171,Drosophila,11,812
EMGT00050000000172,Drosophila,9,2511
EMGT00050000000173,Drosophila,102,702
EMGT00050000000182,Drosophila,11,651
EMGT00050000000184,Drosophila,48,256
EMGT00050000000185,Drosophila,13,767
EMGT00050000000186,Drosophila,58,394
EMGT00050000000196,Drosophila,15,2320
EMGT00050000000197,Drosophila,10,1381
EMGT00050000000209,Drosophila,31,1846
EMGT00050000000214,Drosophila,6,3097
EMGT00050000000254,Drosophila,11,986
EMGT00050000000265,Drosophila,11,1377
EMGT00050000000269,Drosophila,10,2694
EMGT00050000000270,Drosophila,11,1093
EMGT00050000000271,Drosophila,11,1317
EMGT00050000000273,Drosophila,9,1437
EMGT00050000000274,Drosophila,9,3028
EMGT00050000000289,Drosophila,9,2355
EMGT00050000000300,Drosophila,12,1533
EMGT00050000000301,Drosophila,12,1084
EMGT00050000000302,Drosophila,10,1674
EMGT00050000000303,Drosophila,10,2280
EMGT00050000000307,Drosophila,12,969
EMGT00050000000315,Drosophila,11,2626
EMGT00050000000320,Drosophila,11,2615
EMGT00050000000324,Drosophila,12,2031
EMGT00050000000331,Drosophila,12,1284
EMGT00050000000332,Drosophila,11,3316
EMGT00050000000354,Drosophila,12,1420
EMGT00050000000356,Drosophila,9,1927
EMGT00050000000360,Drosophila,9,2634
EMGT00050000000361,Drosophila,31,402
EMGT00050000000362,Drosophila,11,3043
EMGT00050000000363,Drosophila,12,658
EMGT00050000000364,Drosophila,12,479
EMGT00050000000365,Drosophila,22,711
EMGT00050000000366,Drosophila,11,1109
EMGT00050000000367,Drosophila,12,3422
EMGT00050000000368,Drosophila,17,353
EMGT00050000000370,Drosophila,10,2204
EMGT00050000000371,Drosophila,11,3060
EMGT00050000000374,Drosophila,15,762
EMGT00050000000375,Drosophila,12,780
EMGT00050000000376,Drosophila,12,1272
EMGT00050000000378,Drosophila,12,1137
EMGT00050000000380,Drosophila,10,759
EMGT00050000000383,Drosophila,10,2281
EMGT00050000000389,Drosophila,8,1740
EMGT00050000000391,Drosophila,9,425
EMGT00050000000394,Drosophila,12,788
EMGT00050000000395,Drosophila,47,1274
EMGT00050000000401,Drosophila,22,1598
EMGT00050000000403,Drosophila,7,1172
EMGT00050000000406,Drosophila,12,538
EMGT00050000000410,Drosophila,12,1007
EMGT00050000000415,Drosophila,11,1267
EMGT00050000000423,Drosophila,12,1857
EMGT00050000000449,Drosophila,11,1680
EMGT00050000000459,Drosophila,10,3812
EMGT00050000000478,Drosophila,9,2175
EMGT00050000000486,Drosophila,11,349
EMGT00050000000487,Drosophila,10,1710
EMGT00050000000490,Drosophila,8,1300
EMGT00050000000499,Drosophila,9,488
EMGT00050000000500,Drosophila,10,1283
EMGT00050000000505,Drosophila,18,847
EMGT00050000000506,Drosophila,27,1564
EMGT00050000000508,Drosophila,7,2051
EMGT00050000000509,Drosophila,14,920
EMGT00050000000514,Drosophila,9,909
EMGT00050000000515,Drosophila,25,508
EMGT00050000000522,Drosophila,23,833
EMGT00050000000523,Drosophila,55,2653
EMGT00050000000528,Drosophila,12,993
EMGT00050000000537,Drosophila,10,1045
EMGT00050000000556,Drosophila,8,1004
EMGT00050000000557,Drosophila,10,399
EMGT00050000000568,Drosophila,12,483
EMGT00050000000570,Drosophila,18,2861
EMGT00050000000572,Drosophila,10,614
EMGT00050000000580,Drosophila,11,865
EMGT00050000000581,Drosophila,11,3136
EMGT00050000000583,Drosophila,12,1821
EMGT00050000000584,Drosophila,11,1210
EMGT00050000000586,Drosophila,11,933
EMGT00050000000587,Drosophila,11,672
EMGT00050000000588,Drosophila,7,1849
EMGT00050000000589,Drosophila,12,1049
EMGT00050000000602,Drosophila,10,1348
EMGT00050000000607,Drosophila,11,910
EMGT00050000000618,Drosophila,12,899
EMGT00050000000619,Drosophila,11,1220
EMGT00050000000626,Drosophila,11,529
EMGT00050000000627,Drosophila,12,1062
EMGT00050000000630,Drosophila,10,1782
EMGT00050000000631,Drosophila,11,1215
EMGT00050000000632,Drosophila,10,1313
EMGT00050000000634,Drosophila,9,1737
EMGT00050000000636,Drosophila,11,1483
EMGT00050000000638,Drosophila,11,911
EMGT00050000000639,Drosophila,10,2814
EMGT00050000000640,Drosophila,9,2145
EMGT00050000000643,Drosophila,11,1561
EMGT00050000000644,Drosophila,8,2072
EMGT00050000000649,Drosophila,10,1856
EMGT00050000000652,Drosophila,11,1926
EMGT00050000000657,Drosophila,10,1150
EMGT00050000000658,Drosophila,12,603
EMGT00050000000659,Drosophila,8,2960
EMGT00050000000660,Drosophila,11,632
EMGT00050000000663,Drosophila,11,799
EMGT00050000000664,Drosophila,6,3149
EMGT00050000000667,Drosophila,11,932
EMGT00050000000677,Drosophila,8,3056
EMGT00050000000680,Drosophila,8,2928
EMGT00050000000681,Drosophila,11,2123
EMGT00050000000683,Drosophila,12,627
EMGT00050000000685,Drosophila,41,2429
EMGT00050000000687,Drosophila,12,1701
EMGT00050000000689,Drosophila,10,1737
EMGT00050000000692,Drosophila,11,1017
EMGT00050000000694,Drosophila,11,2742
EMGT00050000000706,Drosophila,12,612
EMGT00050000000711,Drosophila,12,1068
EMGT00050000000715,Drosophila,6,740
EMGT00050000000717,Drosophila,10,2543
EMGT00050000000718,Drosophila,11,1832
EMGT00050000000719,Drosophila,13,1388
EMGT00050000000744,Drosophila,12,847
EMGT00050000000745,Drosophila,10,769
EMGT00050000000759,Drosophila,14,967
EMGT00050000000760,Drosophila,10,2193
EMGT00050000000761,Drosophila,12,1249
EMGT00050000000763,Drosophila,10,4556
EMGT00050000000785,Drosophila,23,310
EMGT00050000000797,Drosophila,11,1934
EMGT00050000000806,Drosophila,10,1760
EMGT00050000000807,Drosophila,10,1751
EMGT00050000000845,Drosophila,12,365
EMGT00050000000847,Drosophila,12,430
EMGT00050000000848,Drosophila,10,798
EMGT00050000000850,Drosophila,11,400
EMGT00050000000853,Drosophila,11,1343
EMGT00050000000855,Drosophila,9,1911
EMGT00050000000857,Drosophila,12,1778
EMGT00050000000858,Drosophila,12,1482
EMGT00050000000860,Drosophila,12,955
EMGT00050000000873,Drosophila,20,1002
EMGT00050000000877,Drosophila,11,1541
EMGT00050000000880,Drosophila,12,886
EMGT00050000000887,Drosophila,9,1092
EMGT00050000000891,Drosophila,12,934
EMGT00050000000898,Drosophila,10,1005
EMGT00050000000902,Drosophila,11,1273
EMGT00050000000904,Drosophila,12,1238
EMGT00050000000907,Drosophila,12,829
EMGT00050000000909,Drosophila,9,2033
EMGT00050000000917,Drosophila,11,1028
EMGT00050000000919,Drosophila,12,1534
EMGT00050000000970,Drosophila,11,807
EMGT00050000000986,Drosophila,10,811
EMGT00050000001013,Drosophila,12,1229
EMGT00050000001014,Drosophila,8,1097
EMGT00050000001018,Drosophila,11,1026
EMGT00050000001020,Drosophila,9,1317
EMGT00050000001021,Drosophila,12,1246
EMGT00050000001026,Drosophila,11,2907
EMGT00050000001030,Drosophila,12,2100
EMGT00050000001031,Drosophila,11,1066
EMGT00050000001032,Drosophila,12,1076
EMGT00050000001033,Drosophila,10,2576
EMGT00050000001038,Drosophila,14,1129
EMGT00050000001040,Drosophila,9,1695
EMGT00050000001041,Drosophila,12,904
EMGT00050000001042,Drosophila,11,2374
EMGT00050000001047,Drosophila,12,702
EMGT00050000001048,Drosophila,12,2864
EMGT00050000001051,Drosophila,27,1065
EMGT00050000001052,Drosophila,12,558
EMGT00050000001055,Drosophila,13,896
EMGT00050000001058,Drosophila,35,1609
EMGT00050000001060,Drosophila,8,4718
EMGT00050000001062,Drosophila,8,528
EMGT00050000001063,Drosophila,7,1712
EMGT00050000001065,Drosophila,9,3273
EMGT00050000001074,Drosophila,9,1510
EMGT00050000001082,Drosophila,19,284
EMGT00050000001111,Drosophila,19,848
EMGT00050000001129,Drosophila,12,564
EMGT00050000001130,Drosophila,12,1255
EMGT00050000001177,Drosophila,12,732
EMGT00050000001200,Drosophila,12,557
EMGT00050000001229,Drosophila,38,822
EMGT00050000001304,Drosophila,9,3284
EMGT00050000001308,Drosophila,10,1685
EMGT00050000001309,Drosophila,10,3487
EMGT00050000001310,Drosophila,10,3017
EMGT00050000001311,Drosophila,11,2230
EMGT00050000001312,Drosophila,19,963
EMGT00050000001313,Drosophila,9,557
EMGT00050000001315,Drosophila,11,434
EMGT00050000001317,Drosophila,11,788
EMGT00050000001323,Drosophila,11,579
EMGT00050000001330,Drosophila,9,843
EMGT00050000001335,Drosophila,10,1146
EMGT00050000001339,Drosophila,11,789
EMGT00050000001341,Drosophila,13,1923
EMGT00050000001342,Drosophila,25,1525
EMGT00050000001352,Drosophila,9,968
EMGT00050000001359,Drosophila,9,1698
EMGT00050000001362,Drosophila,12,1104
EMGT00050000001364,Drosophila,11,694
EMGT00050000001365,Drosophila,11,1086
EMGT00050000001366,Drosophila,8,623
EMGT00050000001368,Drosophila,10,1173
EMGT00050000001373,Drosophila,9,740
EMGT00050000001375,Drosophila,9,1163
EMGT00050000001376,Drosophila,19,3026
EMGT00050000001378,Drosophila,20,1928
EMGT00050000001382,Drosophila,11,995
EMGT00050000001383,Drosophila,11,885
EMGT00050000001384,Drosophila,8,1325
EMGT00050000001385,Drosophila,11,710
EMGT00050000001386,Drosophila,9,1572
EMGT00050000001387,Drosophila,10,1733
EMGT00050000001390,Drosophila,10,1866
EMGT00050000001391,Drosophila,7,2451
EMGT00050000001392,Drosophila,12,3186
EMGT00050000001406,Drosophila,10,1137
EMGT00050000001410,Drosophila,12,2486
EMGT00050000001412,Drosophila,10,1170
EMGT00050000001418,Drosophila,8,3380
EMGT00050000001420,Drosophila,8,2790
EMGT00050000001426,Drosophila,10,1424
EMGT00050000001432,Drosophila,9,2411
EMGT00050000001433,Drosophila,9,723
EMGT00050000001434,Drosophila,10,989
EMGT00050000001435,Drosophila,8,1376
EMGT00050000001437,Drosophila,12,1554
EMGT00050000001440,Drosophila,7,3354
EMGT00050000001442,Drosophila,12,1281
EMGT00050000001448,Drosophila,12,981
EMGT00050000001450,Drosophila,12,823
EMGT00050000001452,Drosophila,12,741
EMGT00050000001453,Drosophila,11,1086
EMGT00050000001454,Drosophila,12,889
EMGT00050000001456,Drosophila,12,1615
EMGT00050000001457,Drosophila,11,2778
EMGT00050000001458,Drosophila,12,1142
EMGT00050000001460,Drosophila,11,1105
EMGT00050000001467,Drosophila,9,635
EMGT00050000001468,Drosophila,11,2015
EMGT00050000001471,Drosophila,12,424
EMGT00050000001472,Drosophila,9,1821
EMGT00050000001473,Drosophila,10,1410
EMGT00050000001475,Drosophila,10,2009
EMGT00050000001478,Drosophila,11,1058
EMGT00050000001482,Drosophila,9,1410
EMGT00050000001484,Drosophila,11,1269
EMGT00050000001485,Drosophila,11,674
EMGT00050000001486,Drosophila,9,2317
EMGT00050000001487,Drosophila,12,852
EMGT00050000001488,Drosophila,10,1862
EMGT00050000001489,Drosophila,10,683
EMGT00050000001492,Drosophila,10,509
EMGT00050000001493,Drosophila,10,890
EMGT00050000001495,Drosophila,8,1842
EMGT00050000001498,Drosophila,10,1385
EMGT00050000001501,Drosophila,11,619
EMGT00050000001502,Drosophila,11,832
EMGT00050000001503,Drosophila,24,635
EMGT00050000001505,Drosophila,12,1011
EMGT00050000001507,Drosophila,12,530
EMGT00050000001508,Drosophila,12,900
EMGT00050000001512,Drosophila,9,2140
EMGT00050000001513,Drosophila,12,2334
EMGT00050000001515,Drosophila,11,718
EMGT00050000001518,Drosophila,6,998
EMGT00050000001522,Drosophila,11,1379
EMGT00050000001524,Drosophila,10,1243
EMGT00050000001525,Drosophila,12,847
EMGT00050000001528,Drosophila,10,1165
EMGT00050000001531,Drosophila,11,722
EMGT00050000001533,Drosophila,12,1065
EMGT00050000001536,Drosophila,10,1615
EMGT00050000001537,Drosophila,10,2310
EMGT00050000001538,Drosophila,11,913
EMGT00050000001539,Drosophila,23,1358
EMGT00050000001540,Drosophila,11,836
EMGT00050000001542,Drosophila,10,1394
EMGT00050000001543,Drosophila,12,667
EMGT00050000001545,Drosophila,11,861
EMGT00050000001546,Drosophila,9,1634
EMGT00050000001547,Drosophila,11,1102
EMGT00050000001548,Drosophila,11,888
EMGT00050000001549,Drosophila,12,1096
EMGT00050000001551,Drosophila,11,527
EMGT00050000001552,Drosophila,11,1498
EMGT00050000001556,Drosophila,11,1468
EMGT00050000001557,Drosophila,8,1237
EMGT00050000001558,Drosophila,6,1995
EMGT00050000001560,Drosophila,11,2326
EMGT00050000001563,Drosophila,12,796
EMGT00050000001564,Drosophila,11,858
EMGT00050000001565,Drosophila,9,1555
EMGT00050000001566,Drosophila,11,460
EMGT00050000001572,Drosophila,10,4037
EMGT00050000001574,Drosophila,12,1225
EMGT00050000001575,Drosophila,9,507
EMGT00050000001576,Drosophila,10,2177
EMGT00050000001577,Drosophila,13,1096
EMGT00050000001579,Drosophila,8,1734
EMGT00050000001583,Drosophila,12,410
EMGT00050000001588,Drosophila,29,1125
EMGT00050000001589,Drosophila,12,999
EMGT00050000001590,Drosophila,11,1313
EMGT00050000001592,Drosophila,9,1546
EMGT00050000001593,Drosophila,10,1149
EMGT00050000001594,Drosophila,10,2308
EMGT00050000001597,Drosophila,23,412
EMGT00050000001601,Drosophila,11,1583
EMGT00050000001604,Drosophila,8,649
EMGT00050000001605,Drosophila,11,765
EMGT00050000001606,Drosophila,11,2073
EMGT00050000001611,Drosophila,11,1609
EMGT00050000001618,Drosophila,10,683
EMGT00050000001620,Drosophila,12,947
EMGT00050000001623,Drosophila,9,1129
EMGT00050000001624,Drosophila,10,716
EMGT00050000001625,Drosophila,9,367
EMGT00050000001626,Drosophila,8,536
EMGT00050000001630,Drosophila,22,715
EMGT00050000001631,Drosophila,10,1674
EMGT00050000001632,Drosophila,10,1553
EMGT00050000001634,Drosophila,11,513
EMGT00050000001635,Drosophila,12,1223
EMGT00050000001637,Drosophila,10,946
EMGT00050000001638,Drosophila,9,667
EMGT00050000001641,Drosophila,8,953
EMGT00050000001643,Drosophila,8,2078
EMGT00050000001645,Drosophila,11,469
EMGT00050000001647,Drosophila,9,2011
EMGT00050000001648,Drosophila,10,1862
EMGT00050000001650,Drosophila,14,317
EMGT00050000001651,Drosophila,12,720
EMGT00050000001657,Drosophila,11,1269
EMGT00050000001658,Drosophila,10,932
EMGT00050000001660,Drosophila,12,1485
EMGT00050000001663,Drosophila,12,625
EMGT00050000001665,Drosophila,11,1665
EMGT00050000001666,Drosophila,11,1677
EMGT00050000001670,Drosophila,9,868
EMGT00050000001671,Drosophila,11,667
EMGT00050000001672,Drosophila,10,2061
EMGT00050000001676,Drosophila,12,555
EMGT00050000001681,Drosophila,11,623
EMGT00050000001683,Drosophila,12,803
EMGT00050000001684,Drosophila,11,1358
EMGT00050000001686,Drosophila,9,2813
EMGT00050000001688,Drosophila,11,944
EMGT00050000001690,Drosophila,11,1063
EMGT00050000001692,Drosophila,12,303
EMGT00050000001693,Drosophila,9,1350
EMGT00050000001695,Drosophila,9,779
EMGT00050000001699,Drosophila,11,987
EMGT00050000001700,Drosophila,12,1737
EMGT00050000001703,Drosophila,7,765
EMGT00050000001704,Drosophila,10,2699
EMGT00050000001710,Drosophila,9,3050
EMGT00050000001711,Drosophila,11,2464
EMGT00050000001712,Drosophila,12,1244
EMGT00050000001714,Drosophila,10,1341
EMGT00050000001715,Drosophila,10,890
EMGT00050000001717,Drosophila,11,1589
EMGT00050000001725,Drosophila,9,3123
EMGT00050000001731,Drosophila,8,2091
EMGT00050000001733,Drosophila,12,1007
EMGT00050000001736,Drosophila,7,1224
EMGT00050000001740,Drosophila,12,1233
EMGT00050000001748,Drosophila,11,682
EMGT00050000001749,Drosophila,11,634
EMGT00050000001753,Drosophila,22,763
EMGT00050000001775,Drosophila,11,1011
EMGT00050000001787,Drosophila,47,1075
EMGT00050000001799,Drosophila,11,777
EMGT00050000001820,Drosophila,7,1460
EMGT00050000001843,Drosophila,12,1393
EMGT00050000001844,Drosophila,11,983
EMGT00050000001845,Drosophila,21,1848
EMGT00050000001852,Drosophila,12,961
EMGT00050000001873,Drosophila,10,1124
EMGT00050000001884,Drosophila,37,863
EMGT00050000001888,Drosophila,11,740
EMGT00050000001893,Drosophila,8,563
EMGT00050000001911,Drosophila,10,1596
EMGT00050000001912,Drosophila,13,1072
EMGT00050000001923,Drosophila,11,1170
EMGT00050000001924,Drosophila,11,693
EMGT00050000001946,Drosophila,7,1106
EMGT00050000001948,Drosophila,9,674
EMGT00050000001949,Drosophila,10,2068
EMGT00050000001950,Drosophila,8,1878
EMGT00050000001951,Drosophila,10,793
EMGT00050000001956,Drosophila,9,511
EMGT00050000001970,Drosophila,12,1028
EMGT00050000001986,Drosophila,9,763
EMGT00050000001987,Drosophila,10,2194
EMGT00050000002006,Drosophila,10,1111
EMGT00050000002008,Drosophila,12,932
EMGT00050000002009,Drosophila,11,1285
EMGT00050000002010,Drosophila,10,535
EMGT00050000002011,Drosophila,11,621
EMGT00050000002022,Drosophila,11,838
EMGT00050000002039,Drosophila,12,1541
EMGT00050000002042,Drosophila,11,668
EMGT00050000002045,Drosophila,11,954
EMGT00050000002046,Drosophila,11,1503
EMGT00050000002055,Drosophila,12,708
EMGT00050000002058,Drosophila,22,581
EMGT00050000002059,Drosophila,11,926
EMGT00050000002061,Drosophila,11,1309
EMGT00050000002062,Drosophila,21,626
EMGT00050000002064,Drosophila,8,2091
EMGT00050000002065,Drosophila,12,802
EMGT00050000002066,Drosophila,10,1159
EMGT00050000002067,Drosophila,11,702
EMGT00050000002073,Drosophila,12,1558
EMGT00050000002077,Drosophila,12,1190
EMGT00050000002079,Drosophila,11,773
EMGT00050000002080,Drosophila,10,2399
EMGT00050000002081,Drosophila,11,625
EMGT00050000002085,Drosophila,12,1283
EMGT00050000002086,Drosophila,11,683
EMGT00050000002087,Drosophila,11,808
EMGT00050000002088,Drosophila,10,626
EMGT00050000002089,Drosophila,11,554
EMGT00050000002090,Drosophila,11,798
EMGT00050000002091,Drosophila,11,829
EMGT00050000002108,Drosophila,10,918
EMGT00050000002109,Drosophila,9,1301
EMGT00050000002114,Drosophila,10,830
EMGT00050000002117,Drosophila,11,931
EMGT00050000002118,Drosophila,12,2147
EMGT00050000002124,Drosophila,9,1651
EMGT00050000002125,Drosophila,10,1520
EMGT00050000002130,Drosophila,30,444
EMGT00050000002131,Drosophila,12,1036
EMGT00050000002135,Drosophila,12,1262
EMGT00050000002136,Drosophila,12,852
EMGT00050000002137,Drosophila,10,2771
EMGT00050000002140,Drosophila,10,1496
EMGT00050000002145,Drosophila,11,1826
EMGT00050000002146,Drosophila,11,1558
EMGT00050000002148,Drosophila,12,1760
EMGT00050000002151,Drosophila,7,2370
EMGT00050000002153,Drosophila,10,784
EMGT00050000002154,Drosophila,12,455
EMGT00050000002156,Drosophila,11,345
EMGT00050000002157,Drosophila,9,983
EMGT00050000002158,Drosophila,9,398
EMGT00050000002159,Drosophila,8,727
EMGT00050000002162,Drosophila,9,1593
EMGT00050000002176,Drosophila,10,1656
EMGT00050000002180,Drosophila,24,681
EMGT00050000002184,Drosophila,11,898
EMGT00050000002185,Drosophila,11,1146
EMGT00050000002187,Drosophila,11,1062
EMGT00050000002189,Drosophila,11,2097
EMGT00050000002190,Drosophila,9,2255
EMGT00050000002192,Drosophila,11,900
EMGT00050000002193,Drosophila,11,473
EMGT00050000002195,Drosophila,12,2585
EMGT00050000002196,Drosophila,11,2423
EMGT00050000002197,Drosophila,9,775
EMGT00050000002222,Drosophila,8,922
EMGT00050000002226,Drosophila,7,621
EMGT00050000002227,Drosophila,21,1073
EMGT00050000002230,Drosophila,9,667
EMGT00050000002233,Drosophila,11,861
EMGT00050000002240,Drosophila,43,1041
EMGT00050000002241,Drosophila,29,823
EMGT00050000002242,Drosophila,6,2490
EMGT00050000002244,Drosophila,12,584
EMGT00050000002246,Drosophila,9,2300
EMGT00050000002247,Drosophila,10,784
EMGT00050000002248,Drosophila,8,990
EMGT00050000002250,Drosophila,11,1354
EMGT00050000002251,Drosophila,34,308
EMGT00050000002253,Drosophila,9,688
EMGT00050000002255,Drosophila,9,1021
EMGT00050000002256,Drosophila,13,502
EMGT00050000002263,Drosophila,12,709
EMGT00050000002264,Drosophila,10,1004
EMGT00050000002268,Drosophila,9,1190
EMGT00050000002282,Drosophila,6,2322
EMGT00050000002291,Drosophila,10,1956
EMGT00050000002293,Drosophila,12,780
EMGT00050000002294,Drosophila,11,788
EMGT00050000002295,Drosophila,9,607
EMGT00050000002296,Drosophila,10,2303
EMGT00050000002298,Drosophila,11,856
EMGT00050000002299,Drosophila,12,476
EMGT00050000002300,Drosophila,10,1569
EMGT00050000002301,Drosophila,12,2128
EMGT00050000002302,Drosophila,12,1097
EMGT00050000002306,Drosophila,7,2344
EMGT00050000002308,Drosophila,11,1045
EMGT00050000002310,Drosophila,11,1045
EMGT00050000002312,Drosophila,13,1335
EMGT00050000002313,Drosophila,11,922
EMGT00050000002315,Drosophila,8,555
EMGT00050000002318,Drosophila,11,1696
EMGT00050000002324,Drosophila,74,815
EMGT00050000002326,Drosophila,11,658
EMGT00050000002332,Drosophila,11,2215
EMGT00050000002333,Drosophila,8,945
EMGT00050000002337,Drosophila,10,483
EMGT00050000002340,Drosophila,12,444
EMGT00050000002341,Drosophila,11,1049
EMGT00050000002350,Drosophila,6,1010
EMGT00050000002353,Drosophila,9,1766
EMGT00050000002359,Drosophila,10,878
EMGT00050000002362,Drosophila,10,1566
EMGT00050000002371,Drosophila,11,723
EMGT00050000002374,Drosophila,12,1157
EMGT00050000002383,Drosophila,10,334
EMGT00050000002389,Drosophila,23,946
EMGT00050000002394,Drosophila,8,550
EMGT00050000002418,Drosophila,33,347
EMGT00050000002419,Drosophila,10,897
EMGT00050000002422,Drosophila,12,1644
EMGT00050000002425,Drosophila,19,613
EMGT00050000002450,Drosophila,12,1738
EMGT00050000002452,Drosophila,11,719
EMGT00050000002462,Drosophila,23,904
EMGT00050000002469,Drosophila,9,546
EMGT00050000002471,Drosophila,9,2172
EMGT00050000002472,Drosophila,11,666
EMGT00050000002473,Drosophila,9,1014
EMGT00050000002474,Drosophila,10,3170
EMGT00050000002475,Drosophila,12,1006
EMGT00050000002476,Drosophila,10,460
EMGT00050000002495,Drosophila,45,1015
EMGT00050000002505,Drosophila,12,443
EMGT00050000002506,Drosophila,32,775
EMGT00050000002508,Drosophila,44,376
EMGT00050000002524,Drosophila,22,283
EMGT00050000002548,Drosophila,39,897
EMGT00050000002566,Drosophila,47,740
EMGT00050000002577,Drosophila,10,3546
EMGT00050000002592,Drosophila,9,571
EMGT00050000002598,Drosophila,11,810
EMGT00050000002599,Drosophila,8,1551
EMGT00050000002600,Drosophila,11,1599
EMGT00050000002601,Drosophila,10,1486
EMGT00050000002605,Drosophila,8,1794
EMGT00050000002608,Drosophila,26,1567
EMGT00050000002610,Drosophila,10,1163
EMGT00050000002611,Drosophila,11,1029
EMGT00050000002612,Drosophila,12,1047
EMGT00050000002617,Drosophila,10,501
EMGT00050000002624,Drosophila,10,433
EMGT00050000002626,Drosophila,11,506
EMGT00050000002647,Drosophila,12,1117
EMGT00050000002660,Drosophila,10,1261
EMGT00050000002672,Drosophila,12,1440
EMGT00050000002673,Drosophila,8,940
EMGT00050000002674,Drosophila,10,2785
EMGT00050000002686,Drosophila,8,891
EMGT00050000002687,Drosophila,87,739
EMGT00050000002693,Drosophila,11,2479
EMGT00050000002706,Drosophila,12,1823
EMGT00050000002722,Drosophila,21,1478
EMGT00050000002723,Drosophila,12,1115
EMGT00050000002737,Drosophila,12,626
EMGT00050000002753,Drosophila,20,1295
EMGT00050000002781,Drosophila,38,1159
EMGT00050000002783,Drosophila,55,519
EMGT00050000002832,Drosophila,10,1007
EMGT00050000002900,Drosophila,11,719
EMGT00050000002923,Drosophila,11,611
EMGT00050000002924,Drosophila,10,568
EMGT00050000002926,Drosophila,11,410
EMGT00050000002930,Drosophila,10,380
EMGT00050000002955,Drosophila,42,1068
EMGT00050000002959,Drosophila,11,1111
EMGT00050000002962,Drosophila,12,1343
EMGT00050000002970,Drosophila,11,1441
EMGT00050000002980,Drosophila,12,447
EMGT00050000002984,Drosophila,13,704
EMGT00050000002995,Drosophila,11,573
EMGT00050000002999,Drosophila,12,1829
EMGT00050000003000,Drosophila,15,427
EMGT00050000003016,Drosophila,12,690
EMGT00050000003017,Drosophila,23,1229
EMGT00050000003018,Drosophila,10,883
EMGT00050000003020,Drosophila,15,777
EMGT00050000003022,Drosophila,12,540
EMGT00050000003023,Drosophila,10,1090
EMGT00050000003026,Drosophila,11,879
EMGT00050000003028,Drosophila,9,1621
EMGT00050000003035,Drosophila,10,832
EMGT00050000003036,Drosophila,11,803
EMGT00050000003040,Drosophila,11,1226
EMGT00050000003076,Drosophila,11,742
EMGT00050000003077,Drosophila,12,797
EMGT00050000003079,Drosophila,10,324
EMGT00050000003081,Drosophila,8,2014
EMGT00050000003082,Drosophila,11,621
EMGT00050000003083,Drosophila,11,361
EMGT00050000003086,Drosophila,87,1545
EMGT00050000003091,Drosophila,12,906
EMGT00050000003107,Drosophila,27,264
EMGT00050000003108,Drosophila,20,552
EMGT00050000003145,Drosophila,11,885
EMGT00050000003169,Drosophila,49,383
EMGT00050000003179,Drosophila,23,1046
EMGT00050000003183,Drosophila,10,360
EMGT00050000003185,Drosophila,11,581
EMGT00050000003192,Drosophila,12,1107
EMGT00050000003193,Drosophila,11,946
EMGT00050000003239,Drosophila,8,556
EMGT00050000003256,Drosophila,17,401
EMGT00050000003258,Drosophila,13,1080
EMGT00050000003262,Drosophila,46,1239
EMGT00050000003279,Drosophila,12,579
EMGT00050000003368,Drosophila,10,687
EMGT00050000003369,Drosophila,33,315
EMGT00050000003374,Drosophila,12,582
EMGT00050000003379,Drosophila,17,1486
EMGT00050000003382,Drosophila,12,1349
EMGT00050000003393,Drosophila,10,1033
EMGT00050000003394,Drosophila,12,1893
EMGT00050000003402,Drosophila,10,2131
EMGT00050000003447,Drosophila,13,300
EMGT00050000003449,Drosophila,24,1265
EMGT00050000003459,Drosophila,14,1051
EMGT00050000003460,Drosophila,6,563
EMGT00050000003463,Drosophila,20,2003
EMGT00050000003464,Drosophila,27,642
EMGT00050000003478,Drosophila,14,1098
EMGT00050000003482,Drosophila,10,2820
EMGT00050000003486,Drosophila,9,451
EMGT00050000003487,Drosophila,10,2341
EMGT00050000003492,Drosophila,11,574
EMGT00050000003510,Drosophila,12,433
EMGT00050000003517,Drosophila,35,243
EMGT00050000003538,Drosophila,10,953
EMGT00050000003542,Drosophila,11,469
EMGT00050000003545,Drosophila,9,726
EMGT00050000003547,Drosophila,11,955
EMGT00050000003561,Drosophila,9,460
EMGT00050000003565,Drosophila,12,3094
EMGT00050000003575,Drosophila,12,770
EMGT00050000003580,Drosophila,11,1417
EMGT00050000003585,Drosophila,10,2608
EMGT00050000003725,Drosophila,12,1799
EMGT00050000003729,Drosophila,11,1194
EMGT00050000003730,Drosophila,10,1488
EMGT00050000003731,Drosophila,11,992
EMGT00050000003734,Drosophila,10,1619
EMGT00050000003810,Drosophila,13,650
EMGT00050000003817,Drosophila,8,619
EMGT00050000003818,Drosophila,10,844
EMGT00050000003861,Drosophila,20,964
EMGT00050000003867,Drosophila,17,892
EMGT00050000003869,Drosophila,8,556
EMGT00050000003874,Drosophila,9,879
EMGT00050000003884,Drosophila,8,1145
EMGT00050000003885,Drosophila,15,1547
EMGT00050000003886,Drosophila,7,1180
EMGT00050000003917,Drosophila,9,2319
EMGT00050000003920,Drosophila,7,2687
EMGT00050000003930,Drosophila,10,2872
EMGT00050000003932,Drosophila,6,2522
EMGT00050000003935,Drosophila,12,935
EMGT00050000003939,Drosophila,9,1181
EMGT00050000003941,Drosophila,12,1106
EMGT00050000003944,Drosophila,11,2150
EMGT00050000003950,Drosophila,32,835
EMGT00050000003957,Drosophila,8,2945
EMGT00050000003958,Drosophila,11,2683
EMGT00050000003959,Drosophila,7,480
EMGT00050000003963,Drosophila,12,1023
EMGT00050000003965,Drosophila,7,1036
EMGT00050000003966,Drosophila,11,2324
EMGT00050000003972,Drosophila,13,1634
EMGT00050000003982,Drosophila,11,1456
EMGT00050000003983,Drosophila,11,1256
EMGT00050000003986,Drosophila,11,474
EMGT00050000003992,Drosophila,8,428
EMGT00050000004022,Drosophila,10,1318
EMGT00050000004042,Drosophila,11,922
EMGT00050000004066,Drosophila,10,809
EMGT00050000004102,Drosophila,12,1275
EMGT00050000004103,Drosophila,11,1317
EMGT00050000004106,Drosophila,6,549
EMGT00050000004122,Drosophila,12,509
EMGT00050000004132,Drosophila,10,4853
EMGT00050000004134,Drosophila,11,1938
EMGT00050000004135,Drosophila,11,912
EMGT00050000004136,Drosophila,8,4221
EMGT00050000004155,Drosophila,46,400
EMGT00050000004157,Drosophila,12,366
EMGT00050000004160,Drosophila,46,715
EMGT00050000004165,Drosophila,11,797
EMGT00050000004170,Drosophila,10,707
EMGT00050000004192,Drosophila,12,815
EMGT00050000004214,Drosophila,8,1042
EMGT00050000004223,Drosophila,11,1597
EMGT00050000004240,Drosophila,22,809
EMGT00050000004245,Drosophila,9,838
EMGT00050000004249,Drosophila,6,887
EMGT00050000004254,Drosophila,11,2606
EMGT00050000004256,Drosophila,9,3456
EMGT00050000004258,Drosophila,10,784
EMGT00050000004259,Drosophila,10,3381
EMGT00050000004261,Drosophila,9,603
EMGT00050000004263,Drosophila,12,611
EMGT00050000004265,Drosophila,7,1145
EMGT00050000004280,Drosophila,10,993
EMGT00050000004295,Drosophila,11,896
EMGT00050000004303,Drosophila,11,1085
EMGT00050000004304,Drosophila,11,2340
EMGT00050000004307,Drosophila,12,795
EMGT00050000004316,Drosophila,10,2136
EMGT00050000004320,Drosophila,9,901
EMGT00050000004328,Drosophila,12,723
EMGT00050000004329,Drosophila,15,518
EMGT00050000004395,Drosophila,63,582
EMGT00050000004397,Drosophila,12,1022
EMGT00050000004398,Drosophila,10,1110
EMGT00050000004403,Drosophila,12,905
EMGT00050000004419,Drosophila,11,1463
EMGT00050000004461,Drosophila,12,635
EMGT00050000004587,Drosophila,12,1858
EMGT00050000004589,Drosophila,13,850
EMGT00050000004594,Drosophila,23,1036
EMGT00050000004595,Drosophila,10,378
EMGT00050000004622,Drosophila,10,669
EMGT00050000004647,Drosophila,9,2497
EMGT00050000004649,Drosophila,12,1064
EMGT00050000004652,Drosophila,8,1382
EMGT00050000004654,Drosophila,12,736
EMGT00050000004655,Drosophila,8,732
EMGT00050000004658,Drosophila,11,1582
EMGT00050000004659,Drosophila,11,1951
EMGT00050000004661,Drosophila,10,2982
EMGT00050000004685,Drosophila,12,659
EMGT00050000004687,Drosophila,12,844
EMGT00050000004688,Drosophila,11,922
EMGT00050000004697,Drosophila,16,596
EMGT00050000004698,Drosophila,9,404
EMGT00050000004701,Drosophila,9,1502
EMGT00050000004708,Drosophila,11,1279
EMGT00050000004726,Drosophila,23,438
EMGT00050000004730,Drosophila,21,699
EMGT00050000004737,Drosophila,12,1536
EMGT00050000004750,Drosophila,37,385
EMGT00050000004751,Drosophila,79,1301
EMGT00050000004760,Drosophila,9,1958
EMGT00050000004762,Drosophila,12,970
EMGT00050000004763,Drosophila,10,2561
EMGT00050000004764,Drosophila,11,2045
EMGT00050000004766,Drosophila,11,1127
EMGT00050000004767,Drosophila,10,1739
EMGT00050000004768,Drosophila,20,325
EMGT00050000004770,Drosophila,9,694
EMGT00050000004772,Drosophila,12,495
EMGT00050000004783,Drosophila,10,2001
EMGT00050000004784,Drosophila,11,1023
EMGT00050000004791,Drosophila,13,537
EMGT00050000004793,Drosophila,21,415
EMGT00050000004796,Drosophila,11,412
EMGT00050000004801,Drosophila,11,791
EMGT00050000004805,Drosophila,15,928
EMGT00050000004962,Drosophila,9,1552
EMGT00050000004966,Drosophila,11,775
EMGT00050000004968,Drosophila,10,2203
EMGT00050000004977,Drosophila,16,619
EMGT00050000004978,Drosophila,9,838
EMGT00050000004999,Drosophila,11,728
EMGT00050000005137,Drosophila,11,500
EMGT00050000005142,Drosophila,12,369
EMGT00050000005151,Drosophila,10,716
EMGT00050000005156,Drosophila,12,522
EMGT00050000005162,Drosophila,10,2113
EMGT00050000005167,Drosophila,11,1515
EMGT00050000005175,Drosophila,14,663
EMGT00050000005178,Drosophila,11,1177
EMGT00050000005225,Drosophila,11,1540
EMGT00050000005229,Drosophila,10,1623
EMGT00050000005230,Drosophila,11,995
EMGT00050000005231,Drosophila,18,1235
EMGT00050000005339,Drosophila,12,542
EMGT00050000005341,Drosophila,11,422
EMGT00050000005346,Drosophila,12,1268
EMGT00050000005349,Drosophila,11,603
EMGT00050000005351,Drosophila,11,719
EMGT00050000005401,Drosophila,14,376
EMGT00050000005405,Drosophila,10,1223
EMGT00050000005420,Drosophila,20,309
EMGT00050000005470,Drosophila,12,1970
EMGT00050000005502,Drosophila,11,1000
EMGT00050000005504,Drosophila,12,652
EMGT00050000005505,Drosophila,12,294
EMGT00050000005506,Drosophila,11,259
EMGT00050000005508,Drosophila,10,328
EMGT00050000005509,Drosophila,11,430
EMGT00050000006711,Drosophila,10,527
EMGT00050000006764,Drosophila,11,702
EMGT00050000006774,Drosophila,10,710
EMGT00050000006883,Drosophila,70,585
EMGT00050000006885,Drosophila,9,748
EMGT00050000006888,Drosophila,13,614
EMGT00050000006940,Drosophila,9,742
EMGT00050000006951,Drosophila,22,1409
EMGT00050000006955,Drosophila,16,687
EMGT00050000006968,Drosophila,10,1134
EMGT00050000006995,Drosophila,10,553
EMGT00050000007024,Drosophila,11,527
EMGT00050000007026,Drosophila,12,797
EMGT00050000007028,Drosophila,12,810
EMGT00050000007029,Drosophila,11,1971
EMGT00050000007036,Drosophila,11,824
EMGT00050000007101,Drosophila,20,623
EMGT00050000007121,Drosophila,11,488
EMGT00050000007127,Drosophila,12,684
EMGT00050000007133,Drosophila,12,1179
EMGT00050000007134,Drosophila,12,593
EMGT00050000007135,Drosophila,12,849
EMGT00050000007136,Drosophila,12,385
EMGT00050000007138,Drosophila,12,877
EMGT00050000007233,Drosophila,19,689
EMGT00050000007235,Drosophila,82,1532
EMGT00050000007236,Drosophila,9,661
EMGT00050000007237,Drosophila,131,2538
EMGT00050000007244,Drosophila,10,930
EMGT00050000007248,Drosophila,39,679
EMGT00050000007291,Drosophila,26,1451
EMGT00050000007296,Drosophila,100,500
EMGT00050000007309,Drosophila,11,1307
EMGT00050000007332,Drosophila,11,1139
EMGT00050000007377,Drosophila,29,777
EMGT00050000007389,Drosophila,11,1651
EMGT00050000007391,Drosophila,12,1781
EMGT00050000007396,Drosophila,12,1025
EMGT00050000007447,Drosophila,10,846
EMGT00050000007518,Drosophila,12,428
EMGT00050000007522,Drosophila,12,963
EMGT00050000007524,Drosophila,12,415
EMGT00050000007525,Drosophila,12,551
EMGT00050000007526,Drosophila,11,427
EMGT00050000007528,Drosophila,12,378
EMGT00050000007530,Drosophila,24,284
EMGT00050000007537,Drosophila,31,2745
EMGT00050000007540,Drosophila,8,1276
EMGT00050000007543,Drosophila,12,1359
EMGT00050000007582,Drosophila,11,1350
EMGT00050000007616,Drosophila,21,521
EMGT00050000007628,Drosophila,11,209
EMGT00050000007630,Drosophila,44,1039
EMGT00050000007649,Drosophila,10,1547
EMGT00050000007652,Drosophila,8,1092
EMGT00050000007668,Drosophila,11,900
EMGT00050000007699,Drosophila,8,1036
EMGT00050000007710,Drosophila,12,510
EMGT00050000007713,Drosophila,21,350
EMGT00050000007715,Drosophila,43,411
EMGT00050000007733,Drosophila,11,747
EMGT00050000007735,Drosophila,11,1031
EMGT00050000007757,Drosophila,11,3249
EMGT00050000007761,Drosophila,12,441
EMGT00050000007765,Drosophila,12,468
EMGT00050000007775,Drosophila,14,765
EMGT00050000007796,Drosophila,21,363
EMGT00050000007798,Drosophila,12,716
EMGT00050000007804,Drosophila,12,662
EMGT00050000007805,Drosophila,12,688
EMGT00050000007829,Drosophila,12,1204
EMGT00050000007842,Drosophila,12,397
EMGT00050000007843,Drosophila,36,374
EMGT00050000007845,Drosophila,40,329
EMGT00050000007935,Drosophila,8,1030
EMGT00050000007946,Drosophila,10,876
EMGT00050000007960,Drosophila,12,1321
EMGT00050000007968,Drosophila,12,952
EMGT00050000007969,Drosophila,11,1371
EMGT00050000007976,Drosophila,24,188
EMGT00050000007988,Drosophila,23,718
EMGT00050000007999,Drosophila,11,572
EMGT00050000008071,Drosophila,12,521
EMGT00050000008074,Drosophila,12,327
EMGT00050000008143,Drosophila,8,809
EMGT00050000008144,Drosophila,62,360
EMGT00050000008151,Drosophila,9,2094
EMGT00050000008152,Drosophila,28,950
EMGT00050000008170,Drosophila,11,364
EMGT00050000008175,Drosophila,11,997
EMGT00050000008216,Drosophila,17,1428
EMGT00050000008241,Drosophila,19,562
EMGT00050000008242,Drosophila,10,926
EMGT00050000008253,Drosophila,135,673
EMGT00050000008262,Drosophila,46,506
EMGT00050000008271,Drosophila,86,470
EMGT00050000008273,Drosophila,12,1281
EMGT00050000008282,Drosophila,8,382
EMGT00050000008328,Drosophila,11,1150
EMGT00050000008348,Drosophila,10,486
EMGT00050000008352,Drosophila,12,1760
EMGT00050000008363,Drosophila,11,744
EMGT00050000008436,Drosophila,10,611
EMGT00050000008452,Drosophila,9,3711
EMGT00050000008492,Drosophila,25,983
EMGT00050000008502,Drosophila,8,512
EMGT00050000008510,Drosophila,14,267
EMGT00050000008521,Drosophila,47,559
EMGT00050000008524,Drosophila,15,622
EMGT00050000008531,Drosophila,11,927
EMGT00050000008570,Drosophila,10,1155
EMGT00050000008576,Drosophila,11,875
EMGT00050000008577,Drosophila,12,770
EMGT00050000008616,Drosophila,10,683
EMGT00050000008675,Drosophila,11,516
EMGT00050000008676,Drosophila,12,469
EMGT00050000008683,Drosophila,11,811
EMGT00050000008685,Drosophila,8,335
EMGT00050000008718,Drosophila,10,786
EMGT00050000008800,Drosophila,12,1005
EMGT00050000008803,Drosophila,16,299
EMGT00050000008873,Drosophila,33,782
EMGT00050000008879,Drosophila,12,823
EMGT00050000008886,Drosophila,11,1171
EMGT00050000008913,Drosophila,33,402
EMGT00050000008916,Drosophila,12,704
EMGT00050000008921,Drosophila,49,395
EMGT00050000008958,Drosophila,11,354
EMGT00050000008962,Drosophila,22,1172
EMGT00050000008969,Drosophila,10,415
EMGT00050000008988,Drosophila,19,870
EMGT00050000008995,Drosophila,10,1828
EMGT00050000009016,Drosophila,10,1218
EMGT00050000009037,Drosophila,12,1757
EMGT00050000009072,Drosophila,10,379
EMGT00050000009077,Drosophila,8,2059
EMGT00050000009083,Drosophila,10,1056
EMGT00050000009099,Drosophila,10,827
EMGT00050000009153,Drosophila,20,936
EMGT00050000009190,Drosophila,34,503
EMGT00050000009216,Drosophila,19,2671
EMGT00050000009225,Drosophila,23,785
EMGT00050000009254,Drosophila,11,1225
EMGT00050000009269,Drosophila,13,1258
EMGT00050000009320,Drosophila,66,664
EMGT00050000009322,Drosophila,60,783
EMGT00050000009338,Drosophila,22,1117
EMGT00050000009355,Drosophila,19,475
EMGT00050000009358,Drosophila,20,518
EMGT00050000009366,Drosophila,42,555
EMGT00050000009375,Drosophila,23,888
EMGT00050000009408,Drosophila,11,877
EMGT00050000009415,Drosophila,10,1909
EMGT00050000009417,Drosophila,8,353
EMGT00050000009419,Drosophila,13,675
EMGT00050000009424,Drosophila,11,729
EMGT00050000009431,Drosophila,14,285
EMGT00050000009432,Drosophila,11,683
EMGT00050000009440,Drosophila,12,1262
EMGT00050000009444,Drosophila,11,1095
ENSGT00390000000002,Euteleostomi,24,816
ENSGT00390000000003,Euteleostomi,29,1516
ENSGT00390000000018,Euteleostomi,36,1126
ENSGT00390000000050,Euteleostomi,32,605
ENSGT00390000000051,Euteleostomi,43,486
ENSGT00390000000060,Euteleostomi,31,601
ENSGT00390000000068,Euteleostomi,33,924
ENSGT00390000000083,Euteleostomi,24,714
ENSGT00390000000087,Euteleostomi,31,258
ENSGT00390000000096,Euteleostomi,31,3364
ENSGT00390000000118,Euteleostomi,33,571
ENSGT00390000000167,Euteleostomi,30,366
ENSGT00390000000182,Euteleostomi,35,505
ENSGT00390000000190,Euteleostomi,26,298
ENSGT00390000000220,Euteleostomi,32,222
ENSGT00390000000236,Euteleostomi,45,657
ENSGT00390000000259,Euteleostomi,37,714
ENSGT00390000000288,Euteleostomi,38,671
ENSGT00390000000292,Euteleostomi,46,1143
ENSGT00390000000306,Euteleostomi,32,393
ENSGT00390000000311,Euteleostomi,16,1504
ENSGT00390000000337,Euteleostomi,36,352
ENSGT00390000000358,Euteleostomi,45,451
ENSGT00390000000367,Euteleostomi,41,412
ENSGT00390000000376,Euteleostomi,42,199
ENSGT00390000000377,Euteleostomi,33,902
ENSGT00390000000403,Euteleostomi,36,438
ENSGT00390000000406,Euteleostomi,17,402
ENSGT00390000000411,Euteleostomi,40,632
ENSGT00390000000412,Euteleostomi,12,551
ENSGT00390000000417,Euteleostomi,33,763
ENSGT00390000000420,Euteleostomi,34,1322
ENSGT00390000000427,Euteleostomi,35,264
ENSGT00390000000444,Euteleostomi,24,621
ENSGT00390000000447,Euteleostomi,40,672
ENSGT00390000000451,Euteleostomi,40,225
ENSGT00390000000453,Euteleostomi,32,1331
ENSGT00390000000455,Euteleostomi,50,1014
ENSGT00390000000459,Euteleostomi,27,686
ENSGT00390000000463,Euteleostomi,47,1333
ENSGT00390000000464,Euteleostomi,29,385
ENSGT00390000000472,Euteleostomi,7,756
ENSGT00390000000491,Euteleostomi,34,1475
ENSGT00390000000510,Euteleostomi,28,274
ENSGT00390000000523,Euteleostomi,37,1208
ENSGT00390000000531,Euteleostomi,24,416
ENSGT00390000000537,Euteleostomi,44,418
ENSGT00390000000543,Euteleostomi,21,220
ENSGT00390000000546,Euteleostomi,29,1013
ENSGT00390000000549,Euteleostomi,22,852
ENSGT00390000000568,Euteleostomi,7,1551
ENSGT00390000000571,Euteleostomi,37,320
ENSGT00390000000583,Euteleostomi,33,1058
ENSGT00390000000603,Euteleostomi,42,295
ENSGT00390000000616,Euteleostomi,40,479
ENSGT00390000000617,Euteleostomi,9,1580
ENSGT00390000000636,Euteleostomi,37,708
ENSGT00390000000645,Euteleostomi,26,825
ENSGT00390000000656,Euteleostomi,17,483
ENSGT00390000000668,Euteleostomi,25,276
ENSGT00390000000687,Euteleostomi,36,253
ENSGT00390000000696,Euteleostomi,37,363
ENSGT00390000000705,Euteleostomi,28,633
ENSGT00390000000709,Euteleostomi,34,933
ENSGT00390000000715,Euteleostomi,42,334
ENSGT00390000000724,Euteleostomi,59,390
ENSGT00390000000732,Euteleostomi,30,731
ENSGT00390000000747,Euteleostomi,40,569
ENSGT00390000000756,Euteleostomi,40,210
ENSGT00390000000787,Euteleostomi,18,329
ENSGT00390000000805,Euteleostomi,38,313
ENSGT00390000000819,Euteleostomi,36,243
ENSGT00390000000847,Euteleostomi,31,236
ENSGT00390000000862,Euteleostomi,30,501
ENSGT00390000000878,Euteleostomi,35,289
ENSGT00390000000885,Euteleostomi,29,204
ENSGT00390000000909,Euteleostomi,41,447
ENSGT00390000000915,Euteleostomi,26,309
ENSGT00390000000916,Euteleostomi,33,1277
ENSGT00390000000917,Euteleostomi,34,703
ENSGT00390000000924,Euteleostomi,36,386
ENSGT00390000000932,Euteleostomi,21,249
ENSGT00390000000938,Euteleostomi,40,219
ENSGT00390000000954,Euteleostomi,37,364
ENSGT00390000000972,Euteleostomi,31,1495
ENSGT00390000000973,Euteleostomi,28,1656
ENSGT00390000000980,Euteleostomi,27,369
ENSGT00390000000987,Euteleostomi,41,622
ENSGT00390000000993,Euteleostomi,36,259
ENSGT00390000001008,Euteleostomi,22,1060
ENSGT00390000001016,Euteleostomi,29,1373
ENSGT00390000001038,Euteleostomi,18,1667
ENSGT00390000001041,Euteleostomi,22,436
ENSGT00390000001046,Euteleostomi,22,535
ENSGT00390000001053,Euteleostomi,36,247
ENSGT00390000001055,Euteleostomi,47,223
ENSGT00390000001062,Euteleostomi,38,616
ENSGT00390000001063,Euteleostomi,19,607
ENSGT00390000001083,Euteleostomi,41,353
ENSGT00390000001101,Euteleostomi,36,497
ENSGT00390000001132,Euteleostomi,60,574
ENSGT00390000001134,Euteleostomi,61,909
ENSGT00390000001146,Euteleostomi,33,824
ENSGT00390000001159,Euteleostomi,37,260
ENSGT00390000001170,Euteleostomi,35,328
ENSGT00390000001195,Euteleostomi,26,441
ENSGT00390000001205,Euteleostomi,46,573
ENSGT00390000001206,Euteleostomi,38,633
ENSGT00390000001251,Euteleostomi,36,183
ENSGT00390000001254,Euteleostomi,20,980
ENSGT00390000001263,Euteleostomi,41,434
ENSGT00390000001277,Euteleostomi,19,864
ENSGT00390000001278,Euteleostomi,39,487
ENSGT00390000001285,Euteleostomi,41,647
ENSGT00390000001296,Euteleostomi,37,188
ENSGT00390000001301,Euteleostomi,35,1071
ENSGT00390000001322,Euteleostomi,32,1748
ENSGT00390000001332,Euteleostomi,43,346
ENSGT00390000001347,Euteleostomi,44,475
ENSGT00390000001360,Euteleostomi,26,1055
ENSGT00390000001374,Euteleostomi,33,319
ENSGT00390000001390,Euteleostomi,53,387
ENSGT00390000001391,Euteleostomi,33,1178
ENSGT00390000001437,Euteleostomi,35,313
ENSGT00390000001442,Euteleostomi,39,503
ENSGT00390000001443,Euteleostomi,35,601
ENSGT00390000001446,Euteleostomi,23,1738
ENSGT00390000001466,Euteleostomi,37,1530
ENSGT00390000001474,Euteleostomi,31,732
ENSGT00390000001482,Euteleostomi,32,962
ENSGT00390000001485,Euteleostomi,30,1059
ENSGT00390000001488,Euteleostomi,33,716
ENSGT00390000001491,Euteleostomi,32,733
ENSGT00390000001500,Euteleostomi,42,250
ENSGT00390000001504,Euteleostomi,34,934
ENSGT00390000001509,Euteleostomi,36,535
ENSGT00390000001517,Euteleostomi,40,423
ENSGT00390000001536,Euteleostomi,36,722
ENSGT00390000001545,Euteleostomi,22,713
ENSGT00390000001546,Euteleostomi,28,968
ENSGT00390000001557,Euteleostomi,31,563
ENSGT00390000001559,Euteleostomi,21,358
ENSGT00390000001561,Euteleostomi,35,863
ENSGT00390000001566,Euteleostomi,37,828
ENSGT00390000001577,Euteleostomi,35,1222
ENSGT00390000001586,Euteleostomi,60,527
ENSGT00390000001588,Euteleostomi,38,485
ENSGT00390000001607,Euteleostomi,38,427
ENSGT00390000001610,Euteleostomi,27,737
ENSGT00390000001619,Euteleostomi,35,789
ENSGT00390000001626,Euteleostomi,57,344
ENSGT00390000001627,Euteleostomi,42,196
ENSGT00390000001654,Euteleostomi,41,341
ENSGT00390000001660,Euteleostomi,48,832
ENSGT00390000001667,Euteleostomi,28,1094
ENSGT00390000001695,Euteleostomi,32,856
ENSGT00390000001709,Euteleostomi,35,447
ENSGT00390000001731,Euteleostomi,34,1067
ENSGT00390000001737,Euteleostomi,33,306
ENSGT00390000001738,Euteleostomi,32,892
ENSGT00390000001742,Euteleostomi,31,466
ENSGT00390000001752,Euteleostomi,35,842
ENSGT00390000001758,Euteleostomi,28,1328
ENSGT00390000001762,Euteleostomi,35,1712
ENSGT00390000001775,Euteleostomi,41,417
ENSGT00390000001777,Euteleostomi,24,1495
ENSGT00390000001790,Euteleostomi,29,864
ENSGT00390000001798,Euteleostomi,28,1151
ENSGT00390000001799,Euteleostomi,37,628
ENSGT00390000001801,Euteleostomi,33,508
ENSGT00390000001803,Euteleostomi,35,354
ENSGT00390000001805,Euteleostomi,24,1161
ENSGT00390000001830,Euteleostomi,37,481
ENSGT00390000001847,Euteleostomi,17,197
ENSGT00390000001859,Euteleostomi,40,549
ENSGT00390000001867,Euteleostomi,31,324
ENSGT00390000001905,Euteleostomi,41,326
ENSGT00390000001907,Euteleostomi,23,335
ENSGT00390000001927,Euteleostomi,44,544
ENSGT00390000001951,Euteleostomi,39,656
ENSGT00390000001960,Euteleostomi,43,313
ENSGT00390000001962,Euteleostomi,25,743
ENSGT00390000001979,Euteleostomi,36,394
ENSGT00390000001986,Euteleostomi,19,779
ENSGT00390000002016,Euteleostomi,38,349
ENSGT00390000002024,Euteleostomi,38,283
ENSGT00390000002030,Euteleostomi,30,1248
ENSGT00390000002031,Euteleostomi,28,1008
ENSGT00390000002033,Euteleostomi,40,1067
ENSGT00390000002034,Euteleostomi,21,287
ENSGT00390000002038,Euteleostomi,46,277
ENSGT00390000002042,Euteleostomi,21,626
ENSGT00390000002061,Euteleostomi,31,541
ENSGT00390000002062,Euteleostomi,46,395
ENSGT00390000002069,Euteleostomi,26,753
ENSGT00390000002077,Euteleostomi,26,1441
ENSGT00390000002089,Euteleostomi,62,358
ENSGT00390000002096,Euteleostomi,34,1900
ENSGT00390000002105,Euteleostomi,30,299
ENSGT00390000002109,Euteleostomi,37,412
ENSGT00390000002110,Euteleostomi,42,259
ENSGT00390000002112,Euteleostomi,39,822
ENSGT00390000002142,Euteleostomi,35,441
ENSGT00390000002143,Euteleostomi,60,1000
ENSGT00390000002149,Euteleostomi,59,1035
ENSGT00390000002155,Euteleostomi,49,307
ENSGT00390000002164,Euteleostomi,11,371
ENSGT00390000002174,Euteleostomi,57,573
ENSGT00390000002201,Euteleostomi,32,639
ENSGT00390000002211,Euteleostomi,39,692
ENSGT00390000002215,Euteleostomi,44,196
ENSGT00390000002216,Euteleostomi,24,683
ENSGT00390000002222,Euteleostomi,37,425
ENSGT00390000002223,Euteleostomi,34,434
ENSGT00390000002226,Euteleostomi,35,796
ENSGT00390000002231,Euteleostomi,38,509
ENSGT00390000002232,Euteleostomi,41,624
ENSGT00390000002234,Euteleostomi,19,529
ENSGT00390000002236,Euteleostomi,31,921
ENSGT00390000002245,Euteleostomi,36,331
ENSGT00390000002259,Euteleostomi,18,798
ENSGT00390000002288,Euteleostomi,35,569
ENSGT00390000002292,Euteleostomi,41,673
ENSGT00390000002308,Euteleostomi,35,325
ENSGT00390000002313,Euteleostomi,34,842
ENSGT00390000002316,Euteleostomi,28,1262
ENSGT00390000002349,Euteleostomi,34,703
ENSGT00390000002365,Euteleostomi,43,506
ENSGT00390000002368,Euteleostomi,37,554
ENSGT00390000002373,Euteleostomi,32,588
ENSGT00390000002393,Euteleostomi,26,1802
ENSGT00390000002414,Euteleostomi,45,457
ENSGT00390000002417,Euteleostomi,30,841
ENSGT00390000002422,Euteleostomi,37,293
ENSGT00390000002428,Euteleostomi,46,887
ENSGT00390000002443,Euteleostomi,19,391
ENSGT00390000002448,Euteleostomi,31,882
ENSGT00390000002461,Euteleostomi,37,1050
ENSGT00390000002485,Euteleostomi,27,347
ENSGT00390000002505,Euteleostomi,26,849
ENSGT00390000002509,Euteleostomi,20,388
ENSGT00390000002528,Euteleostomi,42,290
ENSGT00390000002533,Euteleostomi,28,1566
ENSGT00390000002579,Euteleostomi,36,282
ENSGT00390000002596,Euteleostomi,46,369
ENSGT00390000002615,Euteleostomi,18,201
ENSGT00390000002626,Euteleostomi,35,664
ENSGT00390000002635,Euteleostomi,38,747
ENSGT00390000002637,Euteleostomi,33,975
ENSGT00390000002664,Euteleostomi,27,675
ENSGT00390000002672,Euteleostomi,23,1108
ENSGT00390000002675,Euteleostomi,38,325
ENSGT00390000002693,Euteleostomi,33,747
ENSGT00390000002713,Euteleostomi,34,731
ENSGT00390000002716,Euteleostomi,24,221
ENSGT00390000002721,Euteleostomi,37,582
ENSGT00390000002727,Euteleostomi,44,485
ENSGT00390000002731,Euteleostomi,37,325
ENSGT00390000002740,Euteleostomi,57,839
ENSGT00390000002751,Euteleostomi,17,1018
ENSGT00390000002757,Euteleostomi,36,688
ENSGT00390000002768,Euteleostomi,28,1475
ENSGT00390000002781,Euteleostomi,32,501
ENSGT00390000002821,Euteleostomi,24,611
ENSGT00390000002833,Euteleostomi,37,2091
ENSGT00390000002837,Euteleostomi,39,288
ENSGT00390000002845,Euteleostomi,37,384
ENSGT00390000002854,Euteleostomi,39,1288
ENSGT00390000002856,Euteleostomi,37,266
ENSGT00390000002865,Euteleostomi,34,474
ENSGT00390000002868,Euteleostomi,35,303
ENSGT00390000002869,Euteleostomi,42,295
ENSGT00390000002881,Euteleostomi,34,409
ENSGT00390000002886,Euteleostomi,58,416
ENSGT00390000002905,Euteleostomi,30,237
ENSGT00390000002913,Euteleostomi,35,535
ENSGT00390000002931,Euteleostomi,32,591
ENSGT00390000002970,Euteleostomi,42,448
ENSGT00390000002993,Euteleostomi,25,1059
ENSGT00390000002997,Euteleostomi,55,586
ENSGT00390000003020,Euteleostomi,22,274
ENSGT00390000003024,Euteleostomi,24,1075
ENSGT00390000003044,Euteleostomi,27,975
ENSGT00390000003047,Euteleostomi,31,734
ENSGT00390000003070,Euteleostomi,36,902
ENSGT00390000003100,Euteleostomi,34,988
ENSGT00390000003127,Euteleostomi,26,485
ENSGT00390000003132,Euteleostomi,15,761
ENSGT00390000003140,Euteleostomi,52,1520
ENSGT00390000003161,Euteleostomi,11,1241
ENSGT00390000003167,Euteleostomi,29,736
ENSGT00390000003175,Euteleostomi,34,1442
ENSGT00390000003182,Euteleostomi,34,551
ENSGT00390000003183,Euteleostomi,42,326
ENSGT00390000003188,Euteleostomi,37,750
ENSGT00390000003209,Euteleostomi,27,407
ENSGT00390000003210,Euteleostomi,33,1180
ENSGT00390000003213,Euteleostomi,30,204
ENSGT00390000003219,Euteleostomi,32,408
ENSGT00390000003223,Euteleostomi,32,322
ENSGT00390000003249,Euteleostomi,28,498
ENSGT00390000003281,Euteleostomi,31,1104
ENSGT00390000003282,Euteleostomi,39,362
ENSGT00390000003283,Euteleostomi,27,396
ENSGT00390000003288,Euteleostomi,46,245
ENSGT00390000003290,Euteleostomi,34,900
ENSGT00390000003292,Euteleostomi,35,425
ENSGT00390000003293,Euteleostomi,22,964
ENSGT00390000003295,Euteleostomi,30,1047
ENSGT00390000003298,Euteleostomi,23,564
ENSGT00390000003299,Euteleostomi,29,399
ENSGT00390000003303,Euteleostomi,38,802
ENSGT00390000003305,Euteleostomi,31,971
ENSGT00390000003337,Euteleostomi,28,1711
ENSGT00390000003344,Euteleostomi,44,581
ENSGT00390000003349,Euteleostomi,40,381
ENSGT00390000003354,Euteleostomi,30,371
ENSGT00390000003365,Euteleostomi,32,488
ENSGT00390000003367,Euteleostomi,31,546
ENSGT00390000003368,Euteleostomi,27,1092
ENSGT00390000003374,Euteleostomi,34,659
ENSGT00390000003403,Euteleostomi,9,210
ENSGT00390000003405,Euteleostomi,36,336
ENSGT00390000003414,Euteleostomi,34,445
ENSGT00390000003427,Euteleostomi,34,419
ENSGT00390000003443,Euteleostomi,35,361
ENSGT00390000003450,Euteleostomi,30,1216
ENSGT00390000003453,Euteleostomi,55,1597
ENSGT00390000003464,Euteleostomi,38,342
ENSGT00390000003466,Euteleostomi,35,354
ENSGT00390000003477,Euteleostomi,34,536
ENSGT00390000003480,Euteleostomi,38,311
ENSGT00390000003502,Euteleostomi,19,1906
ENSGT00390000003512,Euteleostomi,44,481
ENSGT00390000003526,Euteleostomi,36,487
ENSGT00390000003574,Euteleostomi,36,841
ENSGT00390000003581,Euteleostomi,29,666
ENSGT00390000003585,Euteleostomi,34,699
ENSGT00390000003587,Euteleostomi,34,383
ENSGT00390000003592,Euteleostomi,13,846
ENSGT00390000003602,Euteleostomi,25,3834
ENSGT00390000003618,Euteleostomi,20,871
ENSGT00390000003628,Euteleostomi,42,554
ENSGT00390000003643,Euteleostomi,29,199
ENSGT00390000003646,Euteleostomi,25,1021
ENSGT00390000003668,Euteleostomi,27,425
ENSGT00390000003677,Euteleostomi,40,205
ENSGT00390000003715,Euteleostomi,33,845
ENSGT00390000003745,Euteleostomi,19,1593
ENSGT00390000003748,Euteleostomi,25,274
ENSGT00390000003749,Euteleostomi,38,750
ENSGT00390000003751,Euteleostomi,47,399
ENSGT00390000003758,Euteleostomi,29,680
ENSGT00390000003759,Euteleostomi,35,404
ENSGT00390000003768,Euteleostomi,22,461
ENSGT00390000003774,Euteleostomi,53,538
ENSGT00390000003809,Euteleostomi,32,676
ENSGT00390000003812,Euteleostomi,42,430
ENSGT00390000003828,Euteleostomi,38,336
ENSGT00390000003836,Euteleostomi,25,594
ENSGT00390000003837,Euteleostomi,33,550
ENSGT00390000003851,Euteleostomi,36,535
ENSGT00390000003855,Euteleostomi,42,251
ENSGT00390000003858,Euteleostomi,28,471
ENSGT00390000003878,Euteleostomi,26,570
ENSGT00390000003901,Euteleostomi,31,659
ENSGT00390000003910,Euteleostomi,16,359
ENSGT00390000003912,Euteleostomi,26,412
ENSGT00390000003919,Euteleostomi,44,263
ENSGT00390000003924,Euteleostomi,33,393
ENSGT00390000003937,Euteleostomi,30,517
ENSGT00390000003939,Euteleostomi,32,1856
ENSGT00390000003947,Euteleostomi,28,531
ENSGT00390000003948,Euteleostomi,38,384
ENSGT00390000003967,Euteleostomi,28,966
ENSGT00390000003969,Euteleostomi,30,2175
ENSGT00390000003998,Euteleostomi,32,1219
ENSGT00390000004001,Euteleostomi,20,343
ENSGT00390000004010,Euteleostomi,53,1058
ENSGT00390000004026,Euteleostomi,23,222
ENSGT00390000004036,Euteleostomi,40,372
ENSGT00390000004040,Euteleostomi,41,319
ENSGT00390000004053,Euteleostomi,27,1493
ENSGT00390000004077,Euteleostomi,40,622
ENSGT00390000004096,Euteleostomi,32,838
ENSGT00390000004097,Euteleostomi,37,796
ENSGT00390000004106,Euteleostomi,25,779
ENSGT00390000004113,Euteleostomi,41,906
ENSGT00390000004114,Euteleostomi,34,1098
ENSGT00390000004118,Euteleostomi,32,293
ENSGT00390000004140,Euteleostomi,8,756
ENSGT00390000004141,Euteleostomi,21,346
ENSGT00390000004145,Euteleostomi,42,335
ENSGT00390000004149,Euteleostomi,39,849
ENSGT00390000004153,Euteleostomi,37,996
ENSGT00390000004169,Euteleostomi,34,392
ENSGT00390000004172,Euteleostomi,44,648
ENSGT00390000004175,Euteleostomi,43,445
ENSGT00390000004179,Euteleostomi,43,350
ENSGT00390000004190,Euteleostomi,38,520
ENSGT00390000004191,Euteleostomi,38,893
ENSGT00390000004207,Euteleostomi,39,366
ENSGT00390000004211,Euteleostomi,28,349
ENSGT00390000004214,Euteleostomi,34,984
ENSGT00390000004248,Euteleostomi,36,404
ENSGT00390000004254,Euteleostomi,35,802
ENSGT00390000004311,Euteleostomi,54,1312
ENSGT00390000004313,Euteleostomi,28,248
ENSGT00390000004343,Euteleostomi,24,661
ENSGT00390000004348,Euteleostomi,39,323
ENSGT00390000004352,Euteleostomi,39,329
ENSGT00390000004368,Euteleostomi,26,273
ENSGT00390000004377,Euteleostomi,8,598
ENSGT00390000004385,Euteleostomi,36,1358
ENSGT00390000004394,Euteleostomi,35,969
ENSGT00390000004396,Euteleostomi,34,472
ENSGT00390000004402,Euteleostomi,31,685
ENSGT00390000004409,Euteleostomi,39,303
ENSGT00390000004417,Euteleostomi,62,659
ENSGT00390000004420,Euteleostomi,31,718
ENSGT00390000004428,Euteleostomi,41,306
ENSGT00390000004454,Euteleostomi,34,690
ENSGT00390000004458,Euteleostomi,29,595
ENSGT00390000004493,Euteleostomi,35,333
ENSGT00390000004495,Euteleostomi,32,720
ENSGT00390000004496,Euteleostomi,38,407
ENSGT00390000004520,Euteleostomi,29,314
ENSGT00390000004541,Euteleostomi,40,494
ENSGT00390000004546,Euteleostomi,28,994
ENSGT00390000004550,Euteleostomi,18,1063
ENSGT00390000004581,Euteleostomi,24,470
ENSGT00390000004595,Euteleostomi,34,654
ENSGT00390000004599,Euteleostomi,37,420
ENSGT00390000004600,Euteleostomi,58,1694
ENSGT00390000004612,Euteleostomi,33,866
ENSGT00390000004643,Euteleostomi,27,523
ENSGT00390000004653,Euteleostomi,38,303
ENSGT00390000004668,Euteleostomi,19,927
ENSGT00390000004674,Euteleostomi,47,3307
ENSGT00390000004697,Euteleostomi,22,698
ENSGT00390000004708,Euteleostomi,27,821
ENSGT00390000004719,Euteleostomi,37,583
ENSGT00390000004731,Euteleostomi,32,899
ENSGT00390000004735,Euteleostomi,48,414
ENSGT00390000004746,Euteleostomi,37,327
ENSGT00390000004772,Euteleostomi,46,233
ENSGT00390000004786,Euteleostomi,35,192
ENSGT00390000004791,Euteleostomi,34,955
ENSGT00390000004796,Euteleostomi,43,409
ENSGT00390000004798,Euteleostomi,34,531
ENSGT00390000004808,Euteleostomi,38,416
ENSGT00390000004832,Euteleostomi,24,643
ENSGT00390000004836,Euteleostomi,35,834
ENSGT00390000004842,Euteleostomi,27,190
ENSGT00390000004850,Euteleostomi,24,298
ENSGT00390000004855,Euteleostomi,38,408
ENSGT00390000004860,Euteleostomi,29,1569
ENSGT00390000004872,Euteleostomi,33,258
ENSGT00390000004874,Euteleostomi,58,678
ENSGT00390000004877,Euteleostomi,23,799
ENSGT00390000004881,Euteleostomi,34,1050
ENSGT00390000004886,Euteleostomi,38,472
ENSGT00390000004888,Euteleostomi,28,430
ENSGT00390000004897,Euteleostomi,39,310
ENSGT00390000004902,Euteleostomi,38,497
ENSGT00390000004904,Euteleostomi,48,417
ENSGT00390000004913,Euteleostomi,29,937
ENSGT00390000004927,Euteleostomi,35,274
ENSGT00390000004928,Euteleostomi,39,375
ENSGT00390000004930,Euteleostomi,27,438
ENSGT00390000004933,Euteleostomi,51,365
ENSGT00390000004964,Euteleostomi,29,686
ENSGT00390000004976,Euteleostomi,39,981
ENSGT00390000004977,Euteleostomi,43,245
ENSGT00390000004986,Euteleostomi,24,594
ENSGT00390000004990,Euteleostomi,25,2289
ENSGT00390000004994,Euteleostomi,31,868
ENSGT00390000005003,Euteleostomi,39,271
ENSGT00390000005023,Euteleostomi,27,315
ENSGT00390000005029,Euteleostomi,34,578
ENSGT00390000005033,Euteleostomi,37,837
ENSGT00390000005037,Euteleostomi,34,624
ENSGT00390000005058,Euteleostomi,11,429
ENSGT00390000005063,Euteleostomi,20,686
ENSGT00390000005065,Euteleostomi,26,376
ENSGT00390000005075,Euteleostomi,26,922
ENSGT00390000005082,Euteleostomi,38,291
ENSGT00390000005089,Euteleostomi,38,887
ENSGT00390000005094,Euteleostomi,26,980
ENSGT00390000005097,Euteleostomi,35,1230
ENSGT00390000005100,Euteleostomi,25,1737
ENSGT00390000005114,Euteleostomi,27,1035
ENSGT00390000005125,Euteleostomi,34,273
ENSGT00390000005130,Euteleostomi,36,329
ENSGT00390000005131,Euteleostomi,35,439
ENSGT00390000005147,Euteleostomi,33,503
ENSGT00390000005159,Euteleostomi,40,511
ENSGT00390000005163,Euteleostomi,39,317
ENSGT00390000005182,Euteleostomi,41,806
ENSGT00390000005194,Euteleostomi,37,1220
ENSGT00390000005197,Euteleostomi,41,556
ENSGT00390000005213,Euteleostomi,30,413
ENSGT00390000005218,Euteleostomi,41,501
ENSGT00390000005222,Euteleostomi,23,2226
ENSGT00390000005227,Euteleostomi,14,391
ENSGT00390000005232,Euteleostomi,32,665
ENSGT00390000005250,Euteleostomi,32,210
ENSGT00390000005256,Euteleostomi,20,695
ENSGT00390000005261,Euteleostomi,36,508
ENSGT00390000005300,Euteleostomi,35,627
ENSGT00390000005306,Euteleostomi,43,579
ENSGT00390000005323,Euteleostomi,36,466
ENSGT00390000005330,Euteleostomi,39,499
ENSGT00390000005338,Euteleostomi,33,445
ENSGT00390000005342,Euteleostomi,34,600
ENSGT00390000005351,Euteleostomi,32,791
ENSGT00390000005362,Euteleostomi,19,438
ENSGT00390000005372,Euteleostomi,36,371
ENSGT00390000005396,Euteleostomi,29,186
ENSGT00390000005410,Euteleostomi,29,536
ENSGT00390000005412,Euteleostomi,29,1032
ENSGT00390000005434,Euteleostomi,56,473
ENSGT00390000005436,Euteleostomi,29,621
ENSGT00390000005481,Euteleostomi,37,530
ENSGT00390000005486,Euteleostomi,38,372
ENSGT00390000005488,Euteleostomi,34,541
ENSGT00390000005492,Euteleostomi,28,1039
ENSGT00390000005497,Euteleostomi,26,851
ENSGT00390000005498,Euteleostomi,29,768
ENSGT00390000005508,Euteleostomi,39,798
ENSGT00390000005524,Euteleostomi,29,1300
ENSGT00390000005530,Euteleostomi,29,673
ENSGT00390000005535,Euteleostomi,35,320
ENSGT00390000005536,Euteleostomi,36,490
ENSGT00390000005544,Euteleostomi,34,431
ENSGT00390000005550,Euteleostomi,43,428
ENSGT00390000005553,Euteleostomi,28,618
ENSGT00390000005554,Euteleostomi,26,1171
ENSGT00390000005563,Euteleostomi,31,769
ENSGT00390000005565,Euteleostomi,46,273
ENSGT00390000005575,Euteleostomi,19,810
ENSGT00390000005590,Euteleostomi,29,353
ENSGT00390000005599,Euteleostomi,28,307
ENSGT00390000005602,Euteleostomi,31,629
ENSGT00390000005605,Euteleostomi,28,882
ENSGT00390000005606,Euteleostomi,20,713
ENSGT00390000005623,Euteleostomi,27,429
ENSGT00390000005646,Euteleostomi,36,596
ENSGT00390000005650,Euteleostomi,27,591
ENSGT00390000005653,Euteleostomi,35,674
ENSGT00390000005655,Euteleostomi,58,651
ENSGT00390000005656,Euteleostomi,34,595
ENSGT00390000005665,Euteleostomi,27,451
ENSGT00390000005666,Euteleostomi,27,908
ENSGT00390000005669,Euteleostomi,29,575
ENSGT00390000005689,Euteleostomi,31,482
ENSGT00390000005700,Euteleostomi,43,243
ENSGT00390000005702,Euteleostomi,21,400
ENSGT00390000005703,Euteleostomi,62,1063
ENSGT00390000005708,Euteleostomi,33,610
ENSGT00390000005711,Euteleostomi,39,695
ENSGT00390000005712,Euteleostomi,37,790
ENSGT00390000005715,Euteleostomi,27,322
ENSGT00390000005717,Euteleostomi,54,308
ENSGT00390000005720,Euteleostomi,36,717
ENSGT00390000005728,Euteleostomi,11,460
ENSGT00390000005742,Euteleostomi,30,1822
ENSGT00390000005743,Euteleostomi,34,400
ENSGT00390000005744,Euteleostomi,28,691
ENSGT00390000005754,Euteleostomi,19,432
ENSGT00390000005764,Euteleostomi,34,419
ENSGT00390000005767,Euteleostomi,55,562
ENSGT00390000005772,Euteleostomi,39,347
ENSGT00390000005773,Euteleostomi,33,537
ENSGT00390000005787,Euteleostomi,46,562
ENSGT00390000005794,Euteleostomi,33,1611
ENSGT00390000005801,Euteleostomi,42,454
ENSGT00390000005811,Euteleostomi,36,255
ENSGT00390000005830,Euteleostomi,28,335
ENSGT00390000005844,Euteleostomi,37,1165
ENSGT00390000005845,Euteleostomi,33,335
ENSGT00390000005855,Euteleostomi,30,1418
ENSGT00390000005861,Euteleostomi,26,778
ENSGT00390000005869,Euteleostomi,36,384
ENSGT00390000005870,Euteleostomi,29,810
ENSGT00390000005874,Euteleostomi,31,1643
ENSGT00390000005889,Euteleostomi,37,256
ENSGT00390000005895,Euteleostomi,27,355
ENSGT00390000005900,Euteleostomi,35,794
ENSGT00390000005903,Euteleostomi,37,418
ENSGT00390000005911,Euteleostomi,37,915
ENSGT00390000005923,Euteleostomi,36,394
ENSGT00390000005935,Euteleostomi,33,438
ENSGT00390000005939,Euteleostomi,34,1039
ENSGT00390000005972,Euteleostomi,27,670
ENSGT00390000005996,Euteleostomi,40,285
ENSGT00390000006008,Euteleostomi,29,455
ENSGT00390000006040,Euteleostomi,27,835
ENSGT00390000006043,Euteleostomi,40,631
ENSGT00390000006044,Euteleostomi,30,925
ENSGT00390000006046,Euteleostomi,51,987
ENSGT00390000006078,Euteleostomi,39,468
ENSGT00390000006080,Euteleostomi,32,950
ENSGT00390000006086,Euteleostomi,38,580
ENSGT00390000006088,Euteleostomi,37,730
ENSGT00390000006095,Euteleostomi,34,403
ENSGT00390000006098,Euteleostomi,26,1944
ENSGT00390000006103,Euteleostomi,32,527
ENSGT00390000006124,Euteleostomi,20,492
ENSGT00390000006172,Euteleostomi,32,752
ENSGT00390000006173,Euteleostomi,33,290
ENSGT00390000006176,Euteleostomi,22,1132
ENSGT00390000006189,Euteleostomi,30,697
ENSGT00390000006207,Euteleostomi,24,932
ENSGT00390000006208,Euteleostomi,62,384
ENSGT00390000006211,Euteleostomi,20,1241
ENSGT00390000006215,Euteleostomi,22,637
ENSGT00390000006243,Euteleostomi,35,335
ENSGT00390000006244,Euteleostomi,17,361
ENSGT00390000006245,Euteleostomi,17,1450
ENSGT00390000006252,Euteleostomi,14,937
ENSGT00390000006260,Euteleostomi,22,3017
ENSGT00390000006265,Euteleostomi,29,742
ENSGT00390000006283,Euteleostomi,56,268
ENSGT00390000006285,Euteleostomi,30,1242
ENSGT00390000006290,Euteleostomi,33,1242
ENSGT00390000006297,Euteleostomi,21,774
ENSGT00390000006303,Euteleostomi,39,914
ENSGT00390000006305,Euteleostomi,38,307
ENSGT00390000006314,Euteleostomi,12,418
ENSGT00390000006320,Euteleostomi,38,546
ENSGT00390000006337,Euteleostomi,22,749
ENSGT00390000006338,Euteleostomi,31,1131
ENSGT00390000006344,Euteleostomi,36,373
ENSGT00390000006349,Euteleostomi,36,316
ENSGT00390000006356,Euteleostomi,37,546
ENSGT00390000006370,Euteleostomi,28,583
ENSGT00390000006393,Euteleostomi,33,1424
ENSGT00390000006395,Euteleostomi,39,1260
ENSGT00390000006399,Euteleostomi,17,469
ENSGT00390000006412,Euteleostomi,21,476
ENSGT00390000006413,Euteleostomi,40,710
ENSGT00390000006420,Euteleostomi,33,235
ENSGT00390000006425,Euteleostomi,37,1642
ENSGT00390000006426,Euteleostomi,41,992
ENSGT00390000006448,Euteleostomi,15,569
ENSGT00390000006451,Euteleostomi,42,1244
ENSGT00390000006459,Euteleostomi,26,701
ENSGT00390000006465,Euteleostomi,38,389
ENSGT00390000006469,Euteleostomi,35,279
ENSGT00390000006474,Euteleostomi,21,894
ENSGT00390000006478,Euteleostomi,31,917
ENSGT00390000006482,Euteleostomi,30,221
ENSGT00390000006485,Euteleostomi,45,311
ENSGT00390000006486,Euteleostomi,32,1286
ENSGT00390000006492,Euteleostomi,22,973
ENSGT00390000006493,Euteleostomi,36,289
ENSGT00390000006494,Euteleostomi,56,314
ENSGT00390000006522,Euteleostomi,28,1238
ENSGT00390000006525,Euteleostomi,28,2087
ENSGT00390000006526,Euteleostomi,31,594
ENSGT00390000006540,Euteleostomi,33,716
ENSGT00390000006544,Euteleostomi,22,1057
ENSGT00390000006546,Euteleostomi,33,301
ENSGT00390000006573,Euteleostomi,33,312
ENSGT00390000006574,Euteleostomi,41,305
ENSGT00390000006585,Euteleostomi,28,403
ENSGT00390000006595,Euteleostomi,23,258
ENSGT00390000006601,Euteleostomi,28,1953
ENSGT00390000006603,Euteleostomi,30,264
ENSGT00390000006620,Euteleostomi,18,402
ENSGT00390000006625,Euteleostomi,34,426
ENSGT00390000006631,Euteleostomi,29,500
ENSGT00390000006633,Euteleostomi,53,275
ENSGT00390000006634,Euteleostomi,13,295
ENSGT00390000006641,Euteleostomi,33,2528
ENSGT00390000006643,Euteleostomi,45,247
ENSGT00390000006647,Euteleostomi,54,1017
ENSGT00390000006648,Euteleostomi,39,476
ENSGT00390000006658,Euteleostomi,31,632
ENSGT00390000006663,Euteleostomi,10,415
ENSGT00390000006670,Euteleostomi,30,580
ENSGT00390000006698,Euteleostomi,30,938
ENSGT00390000006705,Euteleostomi,31,1064
ENSGT00390000006718,Euteleostomi,48,395
ENSGT00390000006729,Euteleostomi,27,535
ENSGT00390000006734,Euteleostomi,27,984
ENSGT00390000006744,Euteleostomi,22,260
ENSGT00390000006747,Euteleostomi,33,1338
ENSGT00390000006753,Euteleostomi,30,316
ENSGT00390000006760,Euteleostomi,36,707
ENSGT00390000006762,Euteleostomi,34,520
ENSGT00390000006768,Euteleostomi,36,936
ENSGT00390000006784,Euteleostomi,36,493
ENSGT00390000006788,Euteleostomi,62,855
ENSGT00390000006790,Euteleostomi,46,311
ENSGT00390000006791,Euteleostomi,35,229
ENSGT00390000006806,Euteleostomi,30,582
ENSGT00390000006809,Euteleostomi,8,286
ENSGT00390000006821,Euteleostomi,20,275
ENSGT00390000006826,Euteleostomi,24,677
ENSGT00390000006835,Euteleostomi,34,665
ENSGT00390000006843,Euteleostomi,21,999
ENSGT00390000006861,Euteleostomi,34,980
ENSGT00390000006862,Euteleostomi,37,452
ENSGT00390000006867,Euteleostomi,33,307
ENSGT00390000006874,Euteleostomi,40,576
ENSGT00390000006879,Euteleostomi,15,479
ENSGT00390000006883,Euteleostomi,27,1125
ENSGT00390000006896,Euteleostomi,36,297
ENSGT00390000006913,Euteleostomi,28,1315
ENSGT00390000006925,Euteleostomi,24,943
ENSGT00390000006930,Euteleostomi,30,921
ENSGT00390000006931,Euteleostomi,36,603
ENSGT00390000006935,Euteleostomi,32,203
ENSGT00390000006975,Euteleostomi,27,392
ENSGT00390000006976,Euteleostomi,30,622
ENSGT00390000006980,Euteleostomi,33,409
ENSGT00390000006983,Euteleostomi,33,1766
ENSGT00390000006985,Euteleostomi,36,583
ENSGT00390000007027,Euteleostomi,24,567
ENSGT00390000007055,Euteleostomi,38,604
ENSGT00390000007058,Euteleostomi,38,265
ENSGT00390000007069,Euteleostomi,37,439
ENSGT00390000007071,Euteleostomi,28,856
ENSGT00390000007074,Euteleostomi,34,1235
ENSGT00390000007075,Euteleostomi,35,675
ENSGT00390000007119,Euteleostomi,30,506
ENSGT00390000007125,Euteleostomi,32,826
ENSGT00390000007134,Euteleostomi,33,1010
ENSGT00390000007135,Euteleostomi,33,1858
ENSGT00390000007153,Euteleostomi,47,320
ENSGT00390000007158,Euteleostomi,42,529
ENSGT00390000007159,Euteleostomi,35,878
ENSGT00390000007170,Euteleostomi,29,339
ENSGT00390000007175,Euteleostomi,19,222
ENSGT00390000007183,Euteleostomi,32,676
ENSGT00390000007209,Euteleostomi,32,463
ENSGT00390000007214,Euteleostomi,48,590
ENSGT00390000007218,Euteleostomi,35,390
ENSGT00390000007219,Euteleostomi,16,495
ENSGT00390000007227,Euteleostomi,35,364
ENSGT00390000007235,Euteleostomi,27,290
ENSGT00390000007237,Euteleostomi,48,320
ENSGT00390000007239,Euteleostomi,38,1463
ENSGT00390000007246,Euteleostomi,37,454
ENSGT00390000007249,Euteleostomi,17,593
ENSGT00390000007252,Euteleostomi,59,534
ENSGT00390000007284,Euteleostomi,36,409
ENSGT00390000007293,Euteleostomi,26,408
ENSGT00390000007310,Euteleostomi,26,1448
ENSGT00390000007311,Euteleostomi,41,676
ENSGT00390000007336,Euteleostomi,43,546
ENSGT00390000007337,Euteleostomi,31,949
ENSGT00390000007341,Euteleostomi,35,507
ENSGT00390000007346,Euteleostomi,34,510
ENSGT00390000007347,Euteleostomi,27,359
ENSGT00390000007349,Euteleostomi,35,902
ENSGT00390000007352,Euteleostomi,31,386
ENSGT00390000007354,Euteleostomi,26,2760
ENSGT00390000007370,Euteleostomi,37,418
ENSGT00390000007371,Euteleostomi,48,294
ENSGT00390000007384,Euteleostomi,29,201
ENSGT00390000007395,Euteleostomi,21,1316
ENSGT00390000007438,Euteleostomi,42,222
ENSGT00390000007441,Euteleostomi,28,597
ENSGT00390000007443,Euteleostomi,62,481
ENSGT00390000007453,Euteleostomi,46,435
ENSGT00390000007463,Euteleostomi,19,521
ENSGT00390000007486,Euteleostomi,36,260
ENSGT00390000007488,Euteleostomi,36,269
ENSGT00390000007501,Euteleostomi,29,248
ENSGT00390000007512,Euteleostomi,40,323
ENSGT00390000007515,Euteleostomi,34,1546
ENSGT00390000007526,Euteleostomi,40,337
ENSGT00390000007529,Euteleostomi,38,580
ENSGT00390000007540,Euteleostomi,33,271
ENSGT00390000007547,Euteleostomi,37,218
ENSGT00390000007552,Euteleostomi,35,531
ENSGT00390000007578,Euteleostomi,31,541
ENSGT00390000007586,Euteleostomi,60,656
ENSGT00390000007594,Euteleostomi,27,1510
ENSGT00390000007605,Euteleostomi,32,732
ENSGT00390000007606,Euteleostomi,32,1114
ENSGT00390000007623,Euteleostomi,48,263
ENSGT00390000007627,Euteleostomi,22,870
ENSGT00390000007630,Euteleostomi,25,842
ENSGT00390000007632,Euteleostomi,31,422
ENSGT00390000007635,Euteleostomi,24,906
ENSGT00390000007636,Euteleostomi,36,1181
ENSGT00390000007637,Euteleostomi,41,571
ENSGT00390000007639,Euteleostomi,24,580
ENSGT00390000007643,Euteleostomi,38,786
ENSGT00390000007644,Euteleostomi,30,595
ENSGT00390000007652,Euteleostomi,42,316
ENSGT00390000007662,Euteleostomi,37,415
ENSGT00390000007688,Euteleostomi,48,669
ENSGT00390000007696,Euteleostomi,36,532
ENSGT00390000007697,Euteleostomi,35,433
ENSGT00390000007701,Euteleostomi,30,815
ENSGT00390000007712,Euteleostomi,31,393
ENSGT00390000007723,Euteleostomi,33,568
ENSGT00390000007726,Euteleostomi,40,1102
ENSGT00390000007731,Euteleostomi,25,562
ENSGT00390000007746,Euteleostomi,37,247
ENSGT00390000007747,Euteleostomi,38,274
ENSGT00390000007772,Euteleostomi,40,328
ENSGT00390000007792,Euteleostomi,37,426
ENSGT00390000007797,Euteleostomi,30,284
ENSGT00390000007799,Euteleostomi,34,403
ENSGT00390000007813,Euteleostomi,27,402
ENSGT00390000007816,Euteleostomi,19,1415
ENSGT00390000007817,Euteleostomi,25,310
ENSGT00390000007823,Euteleostomi,35,240
ENSGT00390000007830,Euteleostomi,25,280
ENSGT00390000007831,Euteleostomi,33,184
ENSGT00390000007832,Euteleostomi,34,296
ENSGT00390000007846,Euteleostomi,46,455
ENSGT00390000007852,Euteleostomi,26,1626
ENSGT00390000007870,Euteleostomi,39,432
ENSGT00390000007874,Euteleostomi,30,823
ENSGT00390000007883,Euteleostomi,31,2370
ENSGT00390000007885,Euteleostomi,32,1619
ENSGT00390000007888,Euteleostomi,50,415
ENSGT00390000007899,Euteleostomi,25,595
ENSGT00390000007919,Euteleostomi,34,212
ENSGT00390000007959,Euteleostomi,17,280
ENSGT00390000007968,Euteleostomi,39,245
ENSGT00390000007989,Euteleostomi,33,513
ENSGT00390000007991,Euteleostomi,29,241
ENSGT00390000007999,Euteleostomi,31,1251
ENSGT00390000008002,Euteleostomi,58,477
ENSGT00390000008006,Euteleostomi,33,1069
ENSGT00390000008021,Euteleostomi,27,414
ENSGT00390000008041,Euteleostomi,19,2126
ENSGT00390000008046,Euteleostomi,61,896
ENSGT00390000008048,Euteleostomi,40,782
ENSGT00390000008060,Euteleostomi,26,1539
ENSGT00390000008062,Euteleostomi,41,456
ENSGT00390000008072,Euteleostomi,28,619
ENSGT00390000008092,Euteleostomi,39,630
ENSGT00390000008117,Euteleostomi,43,421
ENSGT00390000008128,Euteleostomi,30,332
ENSGT00390000008142,Euteleostomi,41,964
ENSGT00390000008158,Euteleostomi,17,444
ENSGT00390000008160,Euteleostomi,23,2053
ENSGT00390000008162,Euteleostomi,52,289
ENSGT00390000008164,Euteleostomi,56,481
ENSGT00390000008173,Euteleostomi,24,252
ENSGT00390000008178,Euteleostomi,29,829
ENSGT00390000008187,Euteleostomi,21,1972
ENSGT00390000008190,Euteleostomi,34,912
ENSGT00390000008198,Euteleostomi,18,1197
ENSGT00390000008201,Euteleostomi,16,471
ENSGT00390000008202,Euteleostomi,23,656
ENSGT00390000008206,Euteleostomi,32,308
ENSGT00390000008208,Euteleostomi,43,560
ENSGT00390000008212,Euteleostomi,27,231
ENSGT00390000008217,Euteleostomi,37,436
ENSGT00390000008220,Euteleostomi,24,237
ENSGT00390000008221,Euteleostomi,29,627
ENSGT00390000008232,Euteleostomi,29,702
ENSGT00390000008250,Euteleostomi,24,1059
ENSGT00390000008264,Euteleostomi,47,317
ENSGT00390000008279,Euteleostomi,62,464
ENSGT00390000008281,Euteleostomi,35,338
ENSGT00390000008296,Euteleostomi,32,901
ENSGT00390000008314,Euteleostomi,37,272
ENSGT00390000008326,Euteleostomi,32,435
ENSGT00390000008327,Euteleostomi,42,559
ENSGT00390000008330,Euteleostomi,32,1155
ENSGT00390000008335,Euteleostomi,40,803
ENSGT00390000008341,Euteleostomi,24,923
ENSGT00390000008346,Euteleostomi,37,619
ENSGT00390000008356,Euteleostomi,40,1202
ENSGT00390000008360,Euteleostomi,19,421
ENSGT00390000008373,Euteleostomi,35,400
ENSGT00390000008374,Euteleostomi,33,1077
ENSGT00390000008389,Euteleostomi,35,653
ENSGT00390000008403,Euteleostomi,41,830
ENSGT00390000008408,Euteleostomi,31,487
ENSGT00390000008414,Euteleostomi,24,457
ENSGT00390000008429,Euteleostomi,45,968
ENSGT00390000008432,Euteleostomi,31,277
ENSGT00390000008438,Euteleostomi,19,453
ENSGT00390000008446,Euteleostomi,34,948
ENSGT00390000008453,Euteleostomi,34,305
ENSGT00390000008458,Euteleostomi,37,345
ENSGT00390000008459,Euteleostomi,20,1170
ENSGT00390000008527,Euteleostomi,57,307
ENSGT00390000008538,Euteleostomi,34,731
ENSGT00390000008540,Euteleostomi,34,842
ENSGT00390000008549,Euteleostomi,23,371
ENSGT00390000008557,Euteleostomi,33,272
ENSGT00390000008565,Euteleostomi,61,732
ENSGT00390000008566,Euteleostomi,40,452
ENSGT00390000008582,Euteleostomi,31,430
ENSGT00390000008611,Euteleostomi,33,556
ENSGT00390000008621,Euteleostomi,16,715
ENSGT00390000008642,Euteleostomi,31,229
ENSGT00390000008647,Euteleostomi,32,522
ENSGT00390000008649,Euteleostomi,44,787
ENSGT00390000008658,Euteleostomi,29,590
ENSGT00390000008678,Euteleostomi,22,570
ENSGT00390000008679,Euteleostomi,36,1111
ENSGT00390000008702,Euteleostomi,35,591
ENSGT00390000008711,Euteleostomi,38,427
ENSGT00390000008738,Euteleostomi,34,365
ENSGT00390000008748,Euteleostomi,28,1563
ENSGT00390000008756,Euteleostomi,24,244
ENSGT00390000008765,Euteleostomi,38,574
ENSGT00390000008766,Euteleostomi,37,546
ENSGT00390000008787,Euteleostomi,28,957
ENSGT00390000008797,Euteleostomi,29,695
ENSGT00390000008805,Euteleostomi,49,922
ENSGT00390000008812,Euteleostomi,43,389
ENSGT00390000008831,Euteleostomi,47,393
ENSGT00390000008837,Euteleostomi,32,447
ENSGT00390000008856,Euteleostomi,39,394
ENSGT00390000008859,Euteleostomi,49,686
ENSGT00390000008865,Euteleostomi,32,879
ENSGT00390000008873,Euteleostomi,41,534
ENSGT00390000008881,Euteleostomi,30,611
ENSGT00390000008902,Euteleostomi,50,443
ENSGT00390000008908,Euteleostomi,25,1174
ENSGT00390000008926,Euteleostomi,33,278
ENSGT00390000008931,Euteleostomi,31,875
ENSGT00390000008961,Euteleostomi,32,347
ENSGT00390000008983,Euteleostomi,35,528
ENSGT00390000008984,Euteleostomi,37,752
ENSGT00390000008991,Euteleostomi,63,294
ENSGT00390000008994,Euteleostomi,27,943
ENSGT00390000009001,Euteleostomi,38,243
ENSGT00390000009007,Euteleostomi,34,1934
ENSGT00390000009008,Euteleostomi,27,371
ENSGT00390000009019,Euteleostomi,28,573
ENSGT00390000009029,Euteleostomi,30,719
ENSGT00390000009036,Euteleostomi,37,479
ENSGT00390000009042,Euteleostomi,26,673
ENSGT00390000009045,Euteleostomi,40,265
ENSGT00390000009109,Euteleostomi,25,1114
ENSGT00390000009142,Euteleostomi,27,522
ENSGT00390000009150,Euteleostomi,23,1771
ENSGT00390000009163,Euteleostomi,20,814
ENSGT00390000009178,Euteleostomi,33,546
ENSGT00390000009194,Euteleostomi,36,563
ENSGT00390000009212,Euteleostomi,39,189
ENSGT00390000009222,Euteleostomi,56,673
ENSGT00390000009225,Euteleostomi,37,519
ENSGT00390000009230,Euteleostomi,19,1085
ENSGT00390000009232,Euteleostomi,32,455
ENSGT00390000009255,Euteleostomi,35,322
ENSGT00390000009258,Euteleostomi,7,1599
ENSGT00390000009262,Euteleostomi,15,584
ENSGT00390000009278,Euteleostomi,50,355
ENSGT00390000009298,Euteleostomi,33,505
ENSGT00390000009300,Euteleostomi,34,1450
ENSGT00390000009302,Euteleostomi,26,574
ENSGT00390000009310,Euteleostomi,36,420
ENSGT00390000009313,Euteleostomi,51,281
ENSGT00390000009327,Euteleostomi,24,851
ENSGT00390000009328,Euteleostomi,35,366
ENSGT00390000009329,Euteleostomi,32,438
ENSGT00390000009349,Euteleostomi,32,256
ENSGT00390000009358,Euteleostomi,24,884
ENSGT00390000009361,Euteleostomi,39,590
ENSGT00390000009371,Euteleostomi,32,406
ENSGT00390000009384,Euteleostomi,39,830
ENSGT00390000009387,Euteleostomi,34,515
ENSGT00390000009391,Euteleostomi,50,1363
ENSGT00390000009400,Euteleostomi,44,493
ENSGT00390000009415,Euteleostomi,47,329
ENSGT00390000009416,Euteleostomi,39,683
ENSGT00390000009426,Euteleostomi,35,425
ENSGT00390000009448,Euteleostomi,27,819
ENSGT00390000009466,Euteleostomi,37,243
ENSGT00390000009477,Euteleostomi,40,527
ENSGT00390000009481,Euteleostomi,39,298
ENSGT00390000009484,Euteleostomi,26,458
ENSGT00390000009488,Euteleostomi,30,476
ENSGT00390000009491,Euteleostomi,26,1982
ENSGT00390000009492,Euteleostomi,42,323
ENSGT00390000009532,Euteleostomi,62,605
ENSGT00390000009535,Euteleostomi,35,475
ENSGT00390000009546,Euteleostomi,46,586
ENSGT00390000009554,Euteleostomi,30,1517
ENSGT00390000009571,Euteleostomi,11,348
ENSGT00390000009578,Euteleostomi,31,336
ENSGT00390000009595,Euteleostomi,62,1676
ENSGT00390000009597,Euteleostomi,32,1048
ENSGT00390000009627,Euteleostomi,45,302
ENSGT00390000009628,Euteleostomi,31,968
ENSGT00390000009630,Euteleostomi,38,630
ENSGT00390000009631,Euteleostomi,30,1565
ENSGT00390000009662,Euteleostomi,34,773
ENSGT00390000009670,Euteleostomi,29,569
ENSGT00390000009688,Euteleostomi,30,429
ENSGT00390000009714,Euteleostomi,27,1078
ENSGT00390000009739,Euteleostomi,39,477
ENSGT00390000009741,Euteleostomi,31,1248
PF00001,PANDIT,64,305
PF00148,PANDIT,31,480
PF00162,PANDIT,25,434
PF00167,PANDIT,27,144
PF00229,PANDIT,52,151
PF00273,PANDIT,43,178
PF00278,PANDIT,55,220
PF00324,PANDIT,28,629
PF00326,PANDIT,72,261
PF00339,PANDIT,51,188
PF00425,PANDIT,27,281
PF00483,PANDIT,65,345
PF00487,PANDIT,109,357
PF00504,PANDIT,49,209
PF00529,PANDIT,49,527
PF00534,PANDIT,78,261
PF00555,PANDIT,38,331
PF00578,PANDIT,27,172
PF00588,PANDIT,143,190
PF00591,PANDIT,25,289
PF00637,PANDIT,63,187
PF00644,PANDIT,38,255
PF00654,PANDIT,27,483
PF00688,PANDIT,31,287
PF00697,PANDIT,25,249
PF00722,PANDIT,48,240
PF00771,PANDIT,25,711
PF00792,PANDIT,25,210
PF00793,PANDIT,29,353
PF00809,PANDIT,43,238
PF00863,PANDIT,39,240
PF00866,PANDIT,44,162
PF00875,PANDIT,25,199
PF00881,PANDIT,26,256
PF00891,PANDIT,30,269
PF00899,PANDIT,95,156
PF00909,PANDIT,25,532
PF00933,PANDIT,39,248
PF01019,PANDIT,54,587
PF01028,PANDIT,31,270
PF01032,PANDIT,29,315
PF01043,PANDIT,69,127
PF01051,PANDIT,45,404
PF01103,PANDIT,74,411
PF01136,PANDIT,45,305
PF01138,PANDIT,32,182
PF01139,PANDIT,32,510
PF01144,PANDIT,43,339
PF01163,PANDIT,29,218
PF01244,PANDIT,51,416
PF01263,PANDIT,73,391
PF01284,PANDIT,43,233
PF01298,PANDIT,34,974
PF01323,PANDIT,30,222
PF01392,PANDIT,32,155
PF01431,PANDIT,25,233
PF01432,PANDIT,30,520
PF01441,PANDIT,43,225
PF01446,PANDIT,25,264
PF01475,PANDIT,25,124
PF01493,PANDIT,29,315
PF01501,PANDIT,70,378
PF01522,PANDIT,110,171
PF01544,PANDIT,25,429
PF01553,PANDIT,59,183
PF01554,PANDIT,68,170
PF01562,PANDIT,37,143
PF01575,PANDIT,32,149
PF01577,PANDIT,26,322
PF01584,PANDIT,255,212
PF01602,PANDIT,33,731
PF01637,PANDIT,32,409
PF01676,PANDIT,28,130
PF01750,PANDIT,27,152
PF01756,PANDIT,44,194
PF01794,PANDIT,81,162
PF01796,PANDIT,54,168
PF01856,PANDIT,29,390
PF01904,PANDIT,44,323
PF01908,PANDIT,29,269
PF01925,PANDIT,32,307
PF01933,PANDIT,32,483
PF01943,PANDIT,31,313
PF01957,PANDIT,33,166
PF01968,PANDIT,62,421
PF01988,PANDIT,37,227
PF02018,PANDIT,47,184
PF02027,PANDIT,38,232
PF02136,PANDIT,47,165
PF02221,PANDIT,34,144
PF02310,PANDIT,64,193
PF02311,PANDIT,64,214
PF02371,PANDIT,31,130
PF02373,PANDIT,36,142
PF02386,PANDIT,28,454
PF02413,PANDIT,30,199
PF02421,PANDIT,60,218
PF02463,PANDIT,29,385
PF02466,PANDIT,34,153
PF02566,PANDIT,63,168
PF02585,PANDIT,96,168
PF02598,PANDIT,25,394
PF02618,PANDIT,39,346
PF02620,PANDIT,32,222
PF02653,PANDIT,52,374
PF02661,PANDIT,35,143
PF02687,PANDIT,166,213
PF02690,PANDIT,25,206
PF02698,PANDIT,126,202
PF02719,PANDIT,79,296
PF02734,PANDIT,92,181
PF02735,PANDIT,29,235
PF02737,PANDIT,77,191
PF02780,PANDIT,83,141
PF02847,PANDIT,31,117
PF02854,PANDIT,46,308
PF02878,PANDIT,90,144
PF02897,PANDIT,31,511
PF02900,PANDIT,48,368
PF02915,PANDIT,38,151
PF03011,PANDIT,41,190
PF03016,PANDIT,27,504
PF03067,PANDIT,26,269
PF03104,PANDIT,39,500
PF03105,PANDIT,27,402
PF03109,PANDIT,34,130
PF03140,PANDIT,26,565
PF03237,PANDIT,28,594
PF03357,PANDIT,38,204
PF03435,PANDIT,55,578
PF03441,PANDIT,25,321
PF03447,PANDIT,31,141
PF03453,PANDIT,58,192
PF03472,PANDIT,45,178
PF03479,PANDIT,37,143
PF03480,PANDIT,35,310
PF03486,PANDIT,49,419
PF03514,PANDIT,36,349
PF03547,PANDIT,27,525
PF03553,PANDIT,41,390
PF03559,PANDIT,27,222
PF03562,PANDIT,25,221
PF03600,PANDIT,31,504
PF03602,PANDIT,29,198
PF03610,PANDIT,36,129
PF03641,PANDIT,34,192
PF03704,PANDIT,67,152
PF03721,PANDIT,27,211
PF03734,PANDIT,42,154
PF03767,PANDIT,32,308
PF03787,PANDIT,78,469
PF03816,PANDIT,39,210
PF03853,PANDIT,33,196
PF03928,PANDIT,37,144
PF03936,PANDIT,87,349
PF03944,PANDIT,38,166
PF03945,PANDIT,38,265
PF03960,PANDIT,40,116
PF03965,PANDIT,50,116
PF04058,PANDIT,25,410
PF04069,PANDIT,39,450
PF04073,PANDIT,26,150
PF04138,PANDIT,34,158
PF04156,PANDIT,32,320
PF04198,PANDIT,31,265
PF04199,PANDIT,26,312
PF04264,PANDIT,30,181
PF04290,PANDIT,27,168
PF04321,PANDIT,38,309
PF04435,PANDIT,45,117
PF04464,PANDIT,25,228
PF04536,PANDIT,49,168
PF04546,PANDIT,28,277
PF04616,PANDIT,37,352
PF04851,PANDIT,57,326
PF04857,PANDIT,30,522
PF04860,PANDIT,26,430
PF04865,PANDIT,31,340
PF04909,PANDIT,140,659
PF04954,PANDIT,37,136
PF05065,PANDIT,25,318
PF05159,PANDIT,25,372
PF05201,PANDIT,40,155
PF05222,PANDIT,45,138
PF05227,PANDIT,26,145
PF05257,PANDIT,98,188
PF05368,PANDIT,26,323
PF05378,PANDIT,67,222
PF05524,PANDIT,46,128
PF05649,PANDIT,26,411
PF05681,PANDIT,26,295
PF05692,PANDIT,32,566
PF05860,PANDIT,65,153
PF05932,PANDIT,36,130
PF05942,PANDIT,25,168
PF06017,PANDIT,29,248
PF06114,PANDIT,79,155
PF06144,PANDIT,25,338
PF06271,PANDIT,46,187
PF06508,PANDIT,35,184
PF06733,PANDIT,33,233
PF06738,PANDIT,35,229
PF06742,PANDIT,31,132
PF06761,PANDIT,26,361
PF06826,PANDIT,34,186
PF06863,PANDIT,36,137
PF06912,PANDIT,33,219
PF06964,PANDIT,25,225
PF06983,PANDIT,26,133
PF07195,PANDIT,37,288
PF07228,PANDIT,173,249
PF07394,PANDIT,51,545
PF07486,PANDIT,31,120
PF07500,PANDIT,28,137
PF07517,PANDIT,70,272
PF07559,PANDIT,52,176
PF07583,PANDIT,40,250
PF07587,PANDIT,41,307
PF07596,PANDIT,74,474
PF07662,PANDIT,53,222
PF07668,PANDIT,31,482
PF07691,PANDIT,34,234
PF07695,PANDIT,32,250
PF07698,PANDIT,25,224
PF07722,PANDIT,46,246
PF07739,PANDIT,25,146
PF07852,PANDIT,30,186
PF07884,PANDIT,41,167
PF07898,PANDIT,31,186
PF07940,PANDIT,27,197
PF07969,PANDIT,43,629
PF07970,PANDIT,27,243
PF07971,PANDIT,37,550
PF07980,PANDIT,82,567
PF08028,PANDIT,38,139
PF08148,PANDIT,37,200
